Application,ProcessID,SwapChainAddress,PresentRuntime,SyncInterval,PresentFlags,AllowsTearing,PresentMode,CPUStartTime,FrameTime,CPUBusy,CPUWait,GPULatency,GPUTime,GPUBusy,GPUWait,DisplayLatency,DisplayedTime,AnimationError,AnimationTime,MsFlipDelay,AllInputToPhotonLatency,ClickToPhotonLatency
valheim.exe,8100,0x147123C9510,DXGI,1,0,0,Hardware: Independent Flip,28.5387,9.3553,9.2185,0.1368,28.4337,15.0507,15.0507,0.0000,47.4880,6.9341,NA,28.5387,NA,NA,NA
valheim.exe,8100,0x147123C9510,DXGI,1,0,0,Hardware: Independent Flip,37.8940,17.6792,17.4553,0.2239,34.1291,3.5962,3.5002,0.0960,45.0668,6.9518,2.4212,37.8940,NA,41.9095,NA
valheim.exe,8100,0x147123C9510,DXGI,1,0,0,Hardware: Independent Flip,55.5732,23.4272,23.1574,0.2698,22.1759,11.7121,11.6154,0.0967,34.3394,27.7808,10.7274,55.5732,NA,11.8403,NA
valheim.exe,8100,0x147123C9510,DXGI,1,0,0,Hardware: Independent Flip,79.0004,12.6944,12.5215,0.1729,10.5196,26.4031,26.4031,0.0000,38.6930,13.8983,-4.3536,79.0004,NA,30.6392,NA
valheim.exe,8100,0x147123C9510,DXGI,1,0,0,Hardware: Independent Flip,91.6948,10.0775,9.9169,0.1606,24.2283,15.3940,15.3419,0.0521,39.8969,6.9571,-1.2039,91.6948,NA,30.5438,NA
valheim.exe,8100,0x147123C9510,DXGI,1,0,0,Hardware: Independent Flip,101.7723,10.8464,10.7182,0.1282,29.5448,4.1717,4.0866,0.0851,36.7765,13.9012,3.1204,101.7723,NA,36.4983,NA
valheim.exe,8100,0x147123C9510,DXGI,1,0,0,Hardware: Independent Flip,112.6187,21.8725,21.5829,0.2896,22.8701,15.3386,15.3023,0.0363,39.8313,27.8303,-3.0548,112.6187,NA,19.3896,NA
valheim.exe,8100,0x147123C9510,DXGI,1,0,0,Hardware: Independent Flip,134.4912,15.5462,15.3594,0.1868,16.3362,23.0972,23.0438,0.0534,45.7891,6.9246,-5.9578,134.4912,NA,34.1801,NA
valheim.exe,8100,0x147123C9510,DXGI,1,0,0,Hardware: Independent Flip,150.0374,9.2021,9.0296,0.1725,23.9624,0.5988,0.5868,0.0120,37.1675,6.9636,8.6216,150.0374,NA,29.1468,NA
valheim.exe,8100,0x147123C9510,DXGI,1,0,0,Hardware: Independent Flip,159.2395,13.6312,13.4255,0.2057,15.3591,15.8664,15.8116,0.0548,34.9290,27.8047,2.2385,159.2395,NA,35.1242,NA
valheim.exe,8100,0x147123C9510,DXGI,1,0,0,Hardware: Independent Flip,172.8707,23.2639,22.9755,0.2884,21.5475,25.4141,25.3803,0.0338,49.1025,13.9443,-14.1735,172.8707,NA,29.9131,NA
valheim.exe,8100,0x147123C9510,DXGI,1,0,0,Hardware: Independent Flip,196.1346,11.2188,11.0259,0.1929,23.6977,14.2458,14.2154,0.0304,39.7829,6.9044,9.3196,196.1346,NA,29.8591,NA
valheim.exe,8100,0x147123C9510,DXGI,1,0,0,Hardware: Independent Flip,207.3534,12.9269,12.7311,0.1958,26.7247,0.8496,0.8207,0.0289,35.4685,6.9748,4.3144,207.3534,NA,NA,NA
valheim.exe,8100,0x147123C9510,DXGI,1,0,0,Hardware: Independent Flip,220.2803,15.9006,15.6653,0.2353,14.6634,14.3639,14.3639,0.0000,29.5164,27.7630,5.9521,220.2803,NA,27.7542,NA
valheim.exe,8100,0x147123C9510,DXGI,1,0,0,Hardware: Independent Flip,236.1809,16.7544,16.5076,0.2468,13.1267,26.7559,26.7559,0.0000,41.3788,13.9134,-11.8624,236.1809,NA,29.5079,NA
valheim.exe,8100,0x147123C9510,DXGI,1,0,0,Hardware: Independent Flip,252.9353,11.4835,11.2358,0.2477,23.1282,15.2507,15.2507,0.0000,38.5378,13.9504,2.8410,252.9353,NA,29.4184,NA
valheim.exe,8100,0x147123C9510,DXGI,1,0,0,Hardware: Independent Flip,264.4188,7.5104,7.3758,0.1346,26.9792,12.6509,12.6509,0.0000,41.0047,6.9038,-2.4669,264.4188,NA,NA,NA
valheim.exe,8100,0x147123C9510,DXGI,1,0,0,Hardware: Independent Flip,271.9292,21.4697,21.2204,0.2493,32.1197,3.8185,3.7729,0.0456,40.3981,27.8001,0.6066,271.9292,NA,20.2501,NA
valheim.exe,8100,0x147123C9510,DXGI,1,0,0,Hardware: Independent Flip,293.3989,16.4170,16.2244,0.1926,14.8010,25.0312,24.9878,0.0434,46.7285,6.9728,-6.3304,293.3989,NA,33.9703,NA
valheim.exe,8100,0x147123C9510,DXGI,1,0,0,Hardware: Independent Flip,309.8159,9.8438,9.6400,0.2038,23.4152,13.0828,13.0562,0.0266,37.2843,6.9422,9.4442,309.8159,NA,30.0214,NA
valheim.exe,8100,0x147123C9510,DXGI,1,0,0,Hardware: Independent Flip,319.6597,8.0458,7.9102,0.1356,26.7275,0.8848,0.8240,0.0608,34.3827,27.8647,2.9016,319.6597,NA,NA,NA
valheim.exe,8100,0x147123C9510,DXGI,1,0,0,Hardware: Independent Flip,327.7055,28.2636,28.1115,0.1521,19.5665,30.9776,25.8706,5.1070,54.2016,6.9097,-19.8189,327.7055,NA,27.8592,NA
valheim.exe,8100,0x147123C9510,DXGI,1,0,0,Hardware: Independent Flip,355.9691,11.2386,10.9982,0.2404,22.3736,5.2821,5.2412,0.0409,32.8477,27.7967,21.3539,355.9691,NA,22.7561,NA
valheim.exe,8100,0x147123C9510,DXGI,1,0,0,Hardware: Independent Flip,367.2077,15.9670,15.6119,0.3551,16.5396,26.3735,26.3735,0.0000,49.4058,13.9637,-16.5581,367.2077,NA,34.5635,NA
valheim.exe,8100,0x147123C9510,DXGI,1,0,0,Hardware: Independent Flip,383.1747,11.0775,10.9277,0.1498,26.9461,14.5299,14.5299,0.0000,47.4025,6.8712,2.0033,383.1747,NA,38.5225,NA
valheim.exe,8100,0x147123C9510,DXGI,1,0,0,Hardware: Independent Flip,394.2522,11.2981,11.1535,0.1446,30.4796,1.1785,1.1516,0.0269,43.1962,20.8518,4.2063,394.2522,NA,NA,NA
valheim.exe,8100,0x147123C9510,DXGI,1,0,0,Hardware: Independent Flip,405.5503,28.0489,27.9092,0.1397,27.3000,23.8890,23.8522,0.0368,52.7499,20.8687,-9.5537,405.5503,NA,27.2392,NA
valheim.exe,8100,0x147123C9510,DXGI,1,0,0,Hardware: Independent Flip,433.5992,10.7637,10.5884,0.1753,23.1401,16.7319,16.7319,0.0000,45.5697,14.0110,7.1802,433.5992,NA,37.1156,NA
valheim.exe,8100,0x147123C9510,DXGI,1,0,0,Hardware: Independent Flip,444.3629,10.1792,10.0456,0.1336,29.1083,15.5272,15.5272,0.0000,48.8170,6.8441,-3.2473,444.3629,NA,NA,NA
valheim.exe,8100,0x147123C9510,DXGI,1,0,0,Hardware: Independent Flip,454.5421,17.9519,17.5657,0.3862,34.4563,3.8196,3.6843,0.1353,45.4819,13.9056,3.3351,454.5421,NA,41.9728,NA
valheim.exe,8100,0x147123C9510,DXGI,1,0,0,Hardware: Independent Flip,472.4940,27.4435,27.2016,0.2419,26.3094,12.1963,12.1089,0.0874,41.4356,13.9000,4.0463,472.4940,NA,17.7846,NA
valheim.exe,8100,0x147123C9510,DXGI,1,0,0,Hardware: Independent Flip,499.9375,14.8587,14.4802,0.3785,11.1497,16.2132,15.7552,0.4580,27.8921,34.7387,13.5435,499.9375,NA,19.7323,NA
valheim.exe,8100,0x147123C9510,DXGI,1,0,0,Hardware: Independent Flip,514.7962,14.4327,14.2570,0.1757,12.5941,29.8136,29.7557,0.0579,47.7721,13.9856,-19.8800,514.7962,NA,40.5053,NA
valheim.exe,8100,0x147123C9510,DXGI,1,0,0,Hardware: Independent Flip,529.2289,14.1156,13.8952,0.2204,27.9750,15.2953,15.2953,0.0000,47.3250,6.9058,0.4471,529.2289,NA,38.4913,NA
valheim.exe,8100,0x147123C9510,DXGI,1,0,0,Hardware: Independent Flip,543.3445,7.9221,7.7658,0.1563,29.1547,3.2905,3.2119,0.0786,40.1152,27.8002,7.2098,543.3445,NA,NA,NA
valheim.exe,8100,0x147123C9510,DXGI,1,0,0,Hardware: Independent Flip,551.2666,33.2935,33.0847,0.2088,27.9817,31.0858,26.7594,4.3264,59.9933,20.8448,-19.8781,551.2666,NA,35.1636,NA
valheim.exe,8100,0x147123C9510,DXGI,1,0,0,Hardware: Independent Flip,584.5601,11.9697,11.8216,0.1481,25.8332,18.0843,18.0725,0.0118,47.5446,13.8773,12.4487,584.5601,NA,44.0561,NA
valheim.exe,8100,0x147123C9510,DXGI,1,0,0,Hardware: Independent Flip,596.5298,9.3499,9.0613,0.2886,31.9478,14.1971,14.1971,0.0000,49.4522,6.9766,-1.9076,596.5298,NA,NA,NA
valheim.exe,8100,0x147123C9510,DXGI,1,0,0,Hardware: Independent Flip,605.8797,17.6476,17.4949,0.1527,36.7950,3.4121,3.3431,0.0690,47.0789,20.8607,2.3733,605.8797,NA,NA,NA
valheim.exe,8100,0x147123C9510,DXGI,1,0,0,Hardware: Independent Flip,623.5273,25.4664,25.2677,0.1987,23.6315,24.3486,24.3147,0.0339,50.2920,13.9054,-3.2131,623.5273,NA,NA,NA
valheim.exe,8100,0x147123C9510,DXGI,1,0,0,Hardware: Independent Flip,648.9937,10.1010,9.9373,0.1637,22.5137,15.0971,14.9987,0.0984,38.7310,6.9582,11.5610,648.9937,NA,NA,NA
valheim.exe,8100,0x147123C9510,DXGI,1,0,0,Hardware: Independent Flip,659.0947,8.4151,8.2347,0.1804,27.5098,4.1835,4.0802,0.1033,35.5882,27.8417,3.1428,659.0947,NA,NA,NA
valheim.exe,8100,0x147123C9510,DXGI,1,0,0,Hardware: Independent Flip,667.5098,21.5991,21.3066,0.2925,23.2782,25.4517,25.3964,0.0553,55.0148,6.9190,-19.4266,667.5098,NA,37.3854,NA
valheim.exe,8100,0x147123C9510,DXGI,1,0,0,Hardware: Independent Flip,689.1089,14.6972,14.5053,0.1919,27.1308,0.8680,0.8680,0.0000,40.3347,6.9199,14.6801,689.1089,NA,33.3397,NA
valheim.exe,8100,0x147123C9510,DXGI,1,0,0,Hardware: Independent Flip,703.8061,9.0856,8.8842,0.2014,13.3016,12.2085,12.1958,0.0127,32.5574,27.8286,7.7773,703.8061,NA,NA,NA
valheim.exe,8100,0x147123C9510,DXGI,1,0,0,Hardware: Independent Flip,712.8917,27.7672,27.6078,0.1594,16.4415,32.9643,25.1206,7.8437,51.3004,13.8950,-18.7430,712.8917,NA,31.1333,NA
valheim.exe,8100,0x147123C9510,DXGI,1,0,0,Hardware: Independent Flip,740.6589,7.2266,7.0777,0.1489,21.6963,14.9585,14.9585,0.0000,37.4282,13.9401,13.8722,740.6589,NA,33.0238,NA
valheim.exe,8100,0x147123C9510,DXGI,1,0,0,Hardware: Independent Flip,747.8855,8.8357,8.6827,0.1530,29.5581,11.8454,11.8454,0.0000,44.1417,6.9502,-6.7135,747.8855,NA,NA,NA
valheim.exe,8100,0x147123C9510,DXGI,1,0,0,Hardware: Independent Flip,756.7212,22.5664,22.3598,0.2066,32.5678,2.2090,2.1685,0.0405,42.2562,6.9016,1.8855,756.7212,NA,26.8996,NA
valheim.exe,8100,0x147123C9510,DXGI,1,0,0,Hardware: Independent Flip,779.2876,11.5317,11.3377,0.1940,12.2656,13.4266,13.3772,0.0494,26.5914,13.9122,15.6648,779.2876,NA,NA,NA
valheim.exe,8100,0x147123C9510,DXGI,1,0,0,Hardware: Independent Flip,790.8193,16.0054,15.6958,0.3096,14.2904,14.2178,14.1077,0.1101,28.9719,27.8118,-2.3805,790.8193,NA,15.7236,NA
valheim.exe,8100,0x147123C9510,DXGI,1,0,0,Hardware: Independent Flip,806.8247,12.8977,12.7038,0.1939,12.5622,22.9017,22.8811,0.0206,40.7783,6.9942,-11.8064,806.8247,NA,30.5010,NA
valheim.exe,8100,0x147123C9510,DXGI,1,0,0,Hardware: Independent Flip,819.7224,8.3252,8.0791,0.2461,22.5662,11.5253,11.5064,0.0189,34.8748,13.8658,5.9035,819.7224,NA,30.5405,NA
valheim.exe,8100,0x147123C9510,DXGI,1,0,0,Hardware: Independent Flip,828.0476,15.2279,15.0504,0.1775,25.7663,9.6692,9.5403,0.1289,40.4154,20.8722,-5.5406,828.0476,NA,NA,NA
valheim.exe,8100,0x147123C9510,DXGI,1,0,0,Hardware: Independent Flip,843.2755,22.6524,22.4908,0.1616,21.7989,22.9635,22.9223,0.0412,46.0597,6.9320,-5.6443,843.2755,NA,27.2640,NA
valheim.exe,8100,0x147123C9510,DXGI,1,0,0,Hardware: Independent Flip,865.9279,10.4156,10.1838,0.2318,22.1732,0.3416,0.3293,0.0123,30.3393,20.8209,15.7204,865.9279,NA,24.1819,NA
valheim.exe,8100,0x147123C9510,DXGI,1,0,0,Hardware: Independent Flip,876.3435,8.8288,8.6817,0.1471,12.1279,27.6194,27.6194,0.0000,40.7446,13.9219,-10.4053,876.3435,NA,NA,NA
valheim.exe,8100,0x147123C9510,DXGI,1,0,0,Hardware: Independent Flip,885.1723,19.1327,18.9432,0.1895,30.9185,13.0477,13.0477,0.0000,45.8377,13.9047,-5.0931,885.1723,NA,45.9056,NA
valheim.exe,8100,0x147123C9510,DXGI,1,0,0,Hardware: Independent Flip,904.3050,6.5056,6.2782,0.2274,24.9011,13.5022,13.4878,0.0144,40.6097,13.9334,5.2280,904.3050,NA,NA,NA
valheim.exe,8100,0x147123C9510,DXGI,1,0,0,Hardware: Independent Flip,910.8106,18.0196,17.8429,0.1767,31.8977,13.7295,13.7295,0.0000,48.0375,13.8728,-7.4278,910.8106,NA,NA,NA
valheim.exe,8100,0x147123C9510,DXGI,1,0,0,Hardware: Independent Flip,928.8302,15.2901,15.1116,0.1785,27.6839,12.5656,12.5656,0.0000,43.8907,13.9401,4.1468,928.8302,NA,NA,NA
valheim.exe,8100,0x147123C9510,DXGI,1,0,0,Hardware: Independent Flip,944.1203,13.7941,13.5878,0.2063,24.9594,11.2864,11.2233,0.0631,42.5407,6.8742,1.3500,944.1203,NA,NA,NA
valheim.exe,8100,0x147123C9510,DXGI,1,0,0,Hardware: Independent Flip,957.9144,8.9535,8.8281,0.1254,22.4517,5.5604,5.5087,0.0517,35.6208,6.9754,6.9199,957.9144,NA,NA,NA
valheim.exe,8100,0x147123C9510,DXGI,1,0,0,Hardware: Independent Flip,966.8679,18.9318,18.7833,0.1485,19.1054,13.7280,13.6622,0.0658,33.6427,13.9192,1.9781,966.8679,NA,NA,NA
valheim.exe,8100,0x147123C9510,DXGI,1,0,0,Hardware: Independent Flip,985.7997,13.1703,12.9848,0.1855,13.9016,13.9739,13.9102,0.0637,28.6301,27.7991,5.0126,985.7997,NA,NA,NA
valheim.exe,8100,0x147123C9510,DXGI,1,0,0,Hardware: Independent Flip,998.9700,7.0776,6.9197,0.1579,14.7052,22.7267,22.7267,0.0000,43.2589,6.9794,-14.6288,998.9700,NA,NA,NA
valheim.exe,8100,0x147123C9510,DXGI,1,0,0,Hardware: Independent Flip,1006.0476,11.7937,11.6318,0.1619,30.3543,12.3095,12.3095,0.0000,43.1607,6.9189,0.0982,1006.0476,NA,NA,NA
valheim.exe,8100,0x147123C9510,DXGI,1,0,0,Hardware: Independent Flip,1017.8413,5.9897,5.8399,0.1498,30.8701,0.3241,0.2554,0.0687,38.2859,27.8177,4.8748,1017.8413,NA,NA,NA
valheim.exe,8100,0x147123C9510,DXGI,1,0,0,Hardware: Independent Flip,1023.8310,32.5594,32.3846,0.1748,25.2246,31.8246,27.5386,4.2860,60.1139,13.9935,-21.8280,1023.8310,NA,NA,NA
valheim.exe,8100,0x147123C9510,DXGI,1,0,0,Hardware: Independent Flip,1056.3904,7.7676,7.5773,0.1903,24.4898,13.8307,13.7936,0.0371,41.5480,6.8504,18.5659,1056.3904,NA,NA,NA
valheim.exe,8100,0x147123C9510,DXGI,1,0,0,Hardware: Independent Flip,1064.1580,6.1564,5.9962,0.1602,30.5529,3.6644,3.6004,0.0640,40.6308,13.9033,0.9172,1064.1580,NA,NA,NA
valheim.exe,8100,0x147123C9510,DXGI,1,0,0,Hardware: Independent Flip,1070.3144,31.3432,31.1571,0.1861,30.5401,11.0215,10.8844,0.1371,48.3777,20.8224,-7.7469,1070.3144,NA,NA,NA
valheim.exe,8100,0x147123C9510,DXGI,1,0,0,Hardware: Independent Flip,1101.6576,11.5304,11.3925,0.1379,10.2899,27.2518,27.2518,0.0000,37.8569,13.9619,10.5208,1101.6576,NA,NA,NA
valheim.exe,8100,0x147123C9510,DXGI,1,0,0,Hardware: Independent Flip,1113.1880,9.3249,9.1693,0.1556,26.0750,13.8241,13.7808,0.0433,40.2884,6.8919,-2.4315,1113.1880,NA,34.3671,NA
valheim.exe,8100,0x147123C9510,DXGI,1,0,0,Hardware: Independent Flip,1122.5129,9.2186,9.0738,0.1448,30.5742,4.4332,4.3223,0.1109,37.8554,20.8882,2.4330,1122.5129,NA,NA,NA
valheim.exe,8100,0x147123C9510,DXGI,1,0,0,Hardware: Independent Flip,1131.7315,26.4166,26.2403,0.1763,25.7888,23.0999,23.0822,0.0177,49.5250,6.9381,-11.6696,1131.7315,NA,26.1480,NA
valheim.exe,8100,0x147123C9510,DXGI,1,0,0,Hardware: Independent Flip,1158.1481,11.8330,11.6526,0.1804,22.5404,6.5463,6.5109,0.0354,30.0465,13.9102,19.4785,1158.1481,NA,20.1341,NA
valheim.exe,8100,0x147123C9510,DXGI,1,0,0,Hardware: Independent Flip,1169.9811,17.8574,17.6732,0.1842,17.2537,13.9996,13.9348,0.0648,32.1237,34.7347,-2.0772,1169.9811,NA,16.9920,NA
valheim.exe,8100,0x147123C9510,DXGI,1,0,0,Hardware: Independent Flip,1187.8385,20.8324,20.6879,0.1445,20.1712,24.5137,24.4423,0.0714,49.0010,13.9613,-16.8773,1187.8385,NA,NA,NA
valheim.exe,8100,0x147123C9510,DXGI,1,0,0,Hardware: Independent Flip,1208.6709,8.5926,8.4508,0.1418,23.8525,11.6714,11.6520,0.0194,42.1299,6.9152,6.8711,1208.6709,NA,NA,NA
valheim.exe,8100,0x147123C9510,DXGI,1,0,0,Hardware: Independent Flip,1217.2635,7.2408,7.0931,0.1477,27.0278,3.3488,3.3488,0.0000,40.4525,6.9305,1.6774,1217.2635,NA,NA,NA
valheim.exe,8100,0x147123C9510,DXGI,1,0,0,Hardware: Independent Flip,1224.5043,26.1467,25.9973,0.1494,25.1438,11.7058,11.5465,0.1593,40.1422,27.8233,0.3103,1224.5043,NA,NA,NA
valheim.exe,8100,0x147123C9510,DXGI,1,0,0,Hardware: Independent Flip,1250.6510,12.4971,12.3112,0.1859,10.7684,24.5978,24.5978,0.0000,41.8188,6.9914,-1.6766,1250.6510,NA,NA,NA
valheim.exe,8100,0x147123C9510,DXGI,1,0,0,Hardware: Independent Flip,1263.1481,6.8472,6.6792,0.1680,22.8691,11.7405,11.7405,0.0000,36.3131,6.9073,5.5057,1263.1481,NA,NA,NA
valheim.exe,8100,0x147123C9510,DXGI,1,0,0,Hardware: Independent Flip,1269.9953,8.3553,8.2156,0.1397,27.7624,7.5635,7.4793,0.0842,36.3732,27.8092,-0.0601,1269.9953,NA,NA,NA
valheim.exe,8100,0x147123C9510,DXGI,1,0,0,Hardware: Independent Flip,1278.3506,30.4088,30.2267,0.1821,29.4014,25.0207,24.9804,0.0403,55.8271,13.9009,-19.4539,1278.3506,NA,38.0853,NA
valheim.exe,8100,0x147123C9510,DXGI,1,0,0,Hardware: Independent Flip,1308.7594,9.2955,9.1470,0.1485,24.0133,11.6061,11.5774,0.0287,39.3192,13.9076,16.5079,1308.7594,NA,NA,NA
valheim.exe,8100,0x147123C9510,DXGI,1,0,0,Hardware: Independent Flip,1318.0549,8.4489,8.2887,0.1602,26.3239,13.2732,13.2732,0.0000,43.9313,13.9274,-4.6121,1318.0549,NA,NA,NA
valheim.exe,8100,0x147123C9510,DXGI,1,0,0,Hardware: Independent Flip,1326.5038,21.4571,21.2621,0.1950,31.1482,15.9920,15.9770,0.0150,49.4098,6.9250,-5.4785,1326.5038,NA,NA,NA
valheim.exe,8100,0x147123C9510,DXGI,1,0,0,Hardware: Independent Flip,1347.9609,12.5175,12.3510,0.1665,25.6831,3.8466,3.7372,0.1094,34.8777,20.8331,14.5321,1347.9609,NA,NA,NA
valheim.exe,8100,0x147123C9510,DXGI,1,0,0,Hardware: Independent Flip,1360.4784,14.9082,14.6606,0.2476,17.1743,22.3434,22.3434,0.0000,43.1933,13.9774,-8.3156,1360.4784,NA,NA,NA
valheim.exe,8100,0x147123C9510,DXGI,1,0,0,Hardware: Independent Flip,1375.3866,12.1167,11.9550,0.1617,24.6095,14.1114,14.1114,0.0000,42.2625,6.8921,0.9308,1375.3866,NA,NA,NA
valheim.exe,8100,0x147123C9510,DXGI,1,0,0,Hardware: Independent Flip,1387.5033,9.3905,9.2160,0.1745,26.6042,0.7944,0.7211,0.0733,37.0379,20.8240,5.2246,1387.5033,NA,NA,NA
valheim.exe,8100,0x147123C9510,DXGI,1,0,0,Hardware: Independent Flip,1396.8938,21.0719,20.8321,0.2398,18.0351,25.7348,25.7348,0.0000,48.4714,13.9371,-11.4335,1396.8938,NA,NA,NA
valheim.exe,8100,0x147123C9510,DXGI,1,0,0,Hardware: Independent Flip,1417.9657,9.8837,9.7112,0.1725,22.6980,15.0717,15.0717,0.0000,41.3366,6.9290,7.1348,1417.9657,NA,NA,NA
valheim.exe,8100,0x147123C9510,DXGI,1,0,0,Hardware: Independent Flip,1427.8494,9.4491,9.2981,0.1510,27.8860,0.6625,0.6264,0.0361,38.3819,27.7903,2.9547,1427.8494,NA,NA,NA
valheim.exe,8100,0x147123C9510,DXGI,1,0,0,Hardware: Independent Flip,1437.2985,27.2413,27.0811,0.1602,26.5319,23.6390,23.6045,0.0345,56.7231,13.9522,-18.3412,1437.2985,NA,NA,NA
valheim.exe,8100,0x147123C9510,DXGI,1,0,0,Hardware: Independent Flip,1464.5398,9.1936,8.9781,0.2155,22.9296,13.5642,13.5405,0.0237,43.4340,6.9285,13.2891,1464.5398,NA,NA,NA
valheim.exe,8100,0x147123C9510,DXGI,1,0,0,Hardware: Independent Flip,1473.7334,6.5256,6.3677,0.1579,27.3002,3.7657,3.7003,0.0654,41.1689,6.9539,2.2651,1473.7334,NA,NA,NA
valheim.exe,8100,0x147123C9510,DXGI,1,0,0,Hardware: Independent Flip,1480.2590,26.6032,26.3876,0.2156,25.8044,11.4843,11.4311,0.0532,41.5972,20.8232,-0.4283,1480.2590,NA,NA,NA
valheim.exe,8100,0x147123C9510,DXGI,1,0,0,Hardware: Independent Flip,1506.8622,13.5906,13.3555,0.2351,10.8682,24.7627,24.7076,0.0551,35.8172,20.8850,5.7800,1506.8622,NA,NA,NA
valheim.exe,8100,0x147123C9510,DXGI,1,0,0,Hardware: Independent Flip,1520.4528,8.9153,8.6504,0.2649,22.1612,16.2603,16.2022,0.0581,43.1116,13.9076,-7.2944,1520.4528,NA,NA,NA
valheim.exe,8100,0x147123C9510,DXGI,1,0,0,Hardware: Independent Flip,1529.3681,7.3521,7.1673,0.1848,29.5888,12.0558,12.0558,0.0000,48.1039,6.9394,-4.9923,1529.3681,NA,NA,NA
valheim.exe,8100,0x147123C9510,DXGI,1,0,0,Hardware: Independent Flip,1536.7202,19.2930,19.1110,0.1820,34.2925,2.6747,2.6747,0.0000,47.6912,20.8686,0.4127,1536.7202,NA,NA,NA
valheim.exe,8100,0x147123C9510,DXGI,1,0,0,Hardware: Independent Flip,1556.0132,20.1244,19.9456,0.1788,19.0266,24.1032,24.0387,0.0645,49.2668,6.9659,-1.5756,1556.0132,NA,NA,NA
valheim.exe,8100,0x147123C9510,DXGI,1,0,0,Hardware: Independent Flip,1576.1376,11.1096,10.9508,0.1588,23.0054,12.2322,12.2322,0.0000,36.1083,6.9617,13.1585,1576.1376,NA,NA,NA
valheim.exe,8100,0x147123C9510,DXGI,1,0,0,Hardware: Independent Flip,1587.2472,7.7917,7.6416,0.1501,24.1280,2.9796,2.9796,0.0000,31.9604,27.7951,4.1479,1587.2472,NA,NA,NA
valheim.exe,8100,0x147123C9510,DXGI,1,0,0,Hardware: Independent Flip,1595.0389,23.7510,23.5633,0.1877,19.3159,25.9839,25.1636,0.8203,51.9638,13.9319,-20.0034,1595.0389,NA,NA,NA
valheim.exe,8100,0x147123C9510,DXGI,1,0,0,Hardware: Independent Flip,1618.7899,8.5505,8.3232,0.2273,21.6332,15.8190,15.8190,0.0000,42.1447,6.8916,9.8191,1618.7899,NA,NA,NA
valheim.exe,8100,0x147123C9510,DXGI,1,0,0,Hardware: Independent Flip,1627.3404,10.2441,10.0450,0.1991,28.9017,0.5447,0.4617,0.0830,40.4858,6.9960,1.6589,1627.3404,NA,NA,NA
valheim.exe,8100,0x147123C9510,DXGI,1,0,0,Hardware: Independent Flip,1637.5845,22.9229,22.7425,0.1804,21.7199,13.5139,13.3735,0.1404,37.2377,27.7400,3.2481,1637.5845,NA,NA,NA
valheim.exe,8100,0x147123C9510,DXGI,1,0,0,Hardware: Independent Flip,1660.5074,12.9063,12.7141,0.1922,12.3109,24.0653,23.9860,0.0793,42.0548,13.9731,-4.8171,1660.5074,NA,NA,NA
valheim.exe,8100,0x147123C9510,DXGI,1,0,0,Hardware: Independent Flip,1673.4137,8.3238,8.1837,0.1401,23.4699,12.7599,12.7419,0.0180,43.1216,6.9073,-1.0668,1673.4137,NA,36.4844,NA
valheim.exe,8100,0x147123C9510,DXGI,1,0,0,Hardware: Independent Flip,1681.7375,7.6426,7.4977,0.1449,28.0040,0.6099,0.5367,0.0732,41.7051,20.8840,1.4165,1681.7375,NA,NA,NA
valheim.exe,8100,0x147123C9510,DXGI,1,0,0,Hardware: Independent Flip,1689.3801,29.1132,28.9402,0.1730,28.2247,23.4993,23.4595,0.0398,54.9465,6.9547,-13.2414,1689.3801,NA,28.2364,NA
valheim.exe,8100,0x147123C9510,DXGI,1,0,0,Hardware: Independent Flip,1718.4933,7.8729,7.6991,0.1738,22.6108,5.0744,5.0139,0.0605,32.7880,13.8652,22.1585,1718.4933,NA,28.2276,NA
valheim.exe,8100,0x147123C9510,DXGI,1,0,0,Hardware: Independent Flip,1726.3662,9.6039,9.4465,0.1574,19.8123,15.0347,14.9023,0.1324,38.7803,27.8289,-5.9923,1726.3662,NA,NA,NA
valheim.exe,8100,0x147123C9510,DXGI,1,0,0,Hardware: Independent Flip,1735.9701,26.1527,25.9480,0.2047,25.2431,27.1016,27.1016,0.0000,57.0053,13.9045,-18.2250,1735.9701,NA,36.8344,NA
valheim.exe,8100,0x147123C9510,DXGI,1,0,0,Hardware: Independent Flip,1762.1228,5.7944,5.6222,0.1722,26.1920,12.8699,12.8699,0.0000,44.7571,6.9191,12.2482,1762.1228,NA,41.7683,NA
valheim.exe,8100,0x147123C9510,DXGI,1,0,0,Hardware: Independent Flip,1767.9172,10.6476,10.4514,0.1962,33.2675,4.4611,4.3288,0.1323,45.8818,27.8441,-1.1247,1767.9172,NA,NA,NA
valheim.exe,8100,0x147123C9510,DXGI,1,0,0,Hardware: Independent Flip,1778.5648,30.4638,30.3302,0.1336,29.3511,29.2043,29.1669,0.0374,63.0783,13.9638,-17.1965,1778.5648,NA,35.5710,NA
valheim.exe,8100,0x147123C9510,DXGI,1,0,0,Hardware: Independent Flip,1809.0286,9.4614,9.3015,0.1599,28.0916,15.0293,14.9844,0.0449,46.5783,6.8711,16.5000,1809.0286,NA,39.5371,NA
valheim.exe,8100,0x147123C9510,DXGI,1,0,0,Hardware: Independent Flip,1818.4900,8.1399,7.9975,0.1424,33.6595,0.8005,0.6365,0.1640,43.9880,27.8144,2.5903,1818.4900,NA,NA,NA
valheim.exe,8100,0x147123C9510,DXGI,1,0,0,Hardware: Independent Flip,1826.6299,32.7869,32.6093,0.1776,26.3201,30.9028,27.8228,3.0800,63.6625,13.9797,-19.6745,1826.6299,NA,35.1768,NA
valheim.exe,8100,0x147123C9510,DXGI,1,0,0,Hardware: Independent Flip,1859.4168,10.2915,10.1347,0.1568,24.4360,16.1816,16.1502,0.0314,44.8553,6.8379,18.8072,1859.4168,NA,38.1839,NA
valheim.exe,8100,0x147123C9510,DXGI,1,0,0,Hardware: Independent Flip,1869.7083,8.4722,8.3377,0.1345,30.3261,3.4477,3.3292,0.1185,41.4017,13.9322,3.4536,1869.7083,NA,NA,NA
valheim.exe,8100,0x147123C9510,DXGI,1,0,0,Hardware: Independent Flip,1878.1805,30.6256,30.4077,0.2179,28.9131,15.1284,15.0137,0.1147,46.8617,34.8099,-5.4600,1878.1805,NA,19.9695,NA
valheim.exe,8100,0x147123C9510,DXGI,1,0,0,Hardware: Independent Flip,1908.8061,13.0319,12.7332,0.2987,13.4159,35.6509,35.6509,0.0000,51.0460,6.9265,-4.1843,1908.8061,NA,NA,NA
valheim.exe,8100,0x147123C9510,DXGI,1,0,0,Hardware: Independent Flip,1921.8380,7.8148,7.6435,0.1713,36.0349,0.3655,0.3392,0.0263,44.9406,6.9447,6.1054,1921.8380,NA,39.7155,NA
valheim.exe,8100,0x147123C9510,DXGI,1,0,0,Hardware: Independent Flip,1929.6528,15.1289,14.9564,0.1725,28.6124,5.1208,5.0309,0.0899,44.0705,13.8675,0.8701,1929.6528,NA,NA,NA
valheim.exe,8100,0x147123C9510,DXGI,1,0,0,Hardware: Independent Flip,1944.7817,31.5495,31.3298,0.2197,18.6043,24.0359,14.1513,9.8846,42.8091,20.8550,1.2614,1944.7817,NA,58.5188,NA
valheim.exe,8100,0x147123C9510,DXGI,1,0,0,Hardware: Independent Flip,1976.3312,12.2189,11.9552,0.2637,11.0907,17.9777,17.8763,0.1014,32.1146,27.7938,10.6945,1976.3312,NA,NA,NA
valheim.exe,8100,0x147123C9510,DXGI,1,0,0,Hardware: Independent Flip,1988.5501,17.6113,17.4049,0.2064,16.8495,25.6747,25.6636,0.0111,47.6895,13.9200,-15.5749,1988.5501,NA,NA,NA
valheim.exe,8100,0x147123C9510,DXGI,1,0,0,Hardware: Independent Flip,2006.1614,7.9491,7.7666,0.1825,24.9129,14.3631,14.3007,0.0624,43.9982,6.9422,3.6913,2006.1614,NA,NA,NA
valheim.exe,8100,0x147123C9510,DXGI,1,0,0,Hardware: Independent Flip,2014.1105,9.9972,9.8700,0.1272,31.5128,0.9533,0.9148,0.0385,42.9913,6.9662,1.0069,2014.1105,NA,NA,NA
valheim.exe,8100,0x147123C9510,DXGI,1,0,0,Hardware: Independent Flip,2024.1077,28.6345,28.4435,0.1910,27.0476,11.5331,11.3697,0.1634,39.9603,27.7851,3.0310,2024.1077,NA,NA,NA
valheim.exe,8100,0x147123C9510,DXGI,1,0,0,Hardware: Independent Flip,2052.7422,12.0046,11.7130,0.2916,10.0249,25.8945,25.8945,0.0000,39.1109,13.9096,0.8494,2052.7422,NA,NA,NA
valheim.exe,8100,0x147123C9510,DXGI,1,0,0,Hardware: Independent Flip,2064.7468,7.1148,6.9512,0.1636,23.9148,12.0164,12.0164,0.0000,41.0159,27.8402,-1.9050,2064.7468,NA,NA,NA
valheim.exe,8100,0x147123C9510,DXGI,1,0,0,Hardware: Independent Flip,2071.8616,9.7256,9.5471,0.1785,28.8164,30.8604,30.8604,0.0000,61.7413,7.0013,-20.7254,2071.8616,NA,NA,NA
valheim.exe,8100,0x147123C9510,DXGI,1,0,0,Hardware: Independent Flip,2081.5872,24.7998,24.5970,0.2028,49.9512,1.7320,1.6894,0.0426,59.0170,6.8644,2.7243,2081.5872,NA,NA,NA
valheim.exe,8100,0x147123C9510,DXGI,1,0,0,Hardware: Independent Flip,2106.3870,11.0728,10.8584,0.2144,27.2537,0.3666,0.3034,0.0632,41.0816,27.7998,17.9354,2106.3870,NA,NA,NA
valheim.exe,8100,0x147123C9510,DXGI,1,0,0,Hardware: Independent Flip,2117.4598,30.6673,30.4619,0.2054,16.5475,37.0308,26.5916,10.4392,57.8086,13.9346,-16.7270,2117.4598,NA,NA,NA
valheim.exe,8100,0x147123C9510,DXGI,1,0,0,Hardware: Independent Flip,2148.1271,9.9850,9.8050,0.1800,22.9110,16.3872,16.3872,0.0000,41.0759,6.9358,16.7327,2148.1271,NA,NA,NA
valheim.exe,8100,0x147123C9510,DXGI,1,0,0,Hardware: Independent Flip,2158.1121,8.9804,8.8073,0.1731,29.3132,2.1420,2.0263,0.1157,38.0267,27.7734,3.0492,2158.1121,NA,NA,NA
valheim.exe,8100,0x147123C9510,DXGI,1,0,0,Hardware: Independent Flip,2167.0925,26.3401,26.1286,0.2115,25.2113,24.6886,24.5982,0.0904,56.8197,6.9428,-18.7930,2167.0925,NA,NA,NA
valheim.exe,8100,0x147123C9510,DXGI,1,0,0,Hardware: Independent Flip,2193.4326,10.4827,10.2573,0.2254,23.5598,13.5636,13.5395,0.0241,37.4224,6.9827,19.3973,2193.4326,NA,NA,NA
valheim.exe,8100,0x147123C9510,DXGI,1,0,0,Hardware: Independent Flip,2203.9153,8.8593,8.6936,0.1657,26.7027,0.6642,0.6060,0.0582,33.9224,34.7249,3.5000,2203.9153,NA,NA,NA
valheim.exe,8100,0x147123C9510,DXGI,1,0,0,Hardware: Independent Flip,2212.7746,30.8415,30.6634,0.1781,18.5994,34.9109,26.0577,8.8532,59.7880,6.9818,-25.8656,2212.7746,NA,NA,NA
valheim.exe,8100,0x147123C9510,DXGI,1,0,0,Hardware: Independent Flip,2243.6161,5.8902,5.7441,0.1461,22.6688,12.1948,12.1774,0.0174,35.9283,6.9405,23.8597,2243.6161,NA,NA,NA
valheim.exe,8100,0x147123C9510,DXGI,1,0,0,Hardware: Independent Flip,2249.5063,9.6301,9.4271,0.2030,29.0630,5.6537,5.5537,0.1000,36.9786,27.8025,-1.0503,2249.5063,NA,NA,NA
valheim.exe,8100,0x147123C9510,DXGI,1,0,0,Hardware: Independent Flip,2259.1364,28.3147,28.1499,0.1648,26.8932,24.5315,24.5050,0.0265,55.1510,13.9443,-18.1724,2259.1364,NA,NA,NA
valheim.exe,8100,0x147123C9510,DXGI,1,0,0,Hardware: Independent Flip,2287.4511,11.1646,10.9213,0.2433,23.2031,14.6209,14.6209,0.0000,40.7806,6.9160,14.3704,2287.4511,NA,NA,NA
valheim.exe,8100,0x147123C9510,DXGI,1,0,0,Hardware: Independent Flip,2298.6157,7.3244,7.1505,0.1739,26.8255,3.5287,3.4346,0.0941,36.5320,13.9056,4.2486,2298.6157,NA,NA,NA
valheim.exe,8100,0x147123C9510,DXGI,1,0,0,Hardware: Independent Flip,2305.9401,26.6135,26.3989,0.2146,25.1352,13.9817,13.7521,0.2296,43.1132,20.8255,-6.5812,2305.9401,NA,NA,NA
valheim.exe,8100,0x147123C9510,DXGI,1,0,0,Hardware: Independent Flip,2332.5536,12.5448,12.2668,0.2780,12.5034,24.4334,24.4334,0.0000,37.3252,13.9001,5.7880,2332.5536,NA,NA,NA
valheim.exe,8100,0x147123C9510,DXGI,1,0,0,Hardware: Independent Flip,2345.0984,7.4903,7.3034,0.1869,24.4451,14.0661,14.0661,0.0000,38.6805,13.9122,-1.3553,2345.0984,NA,NA,NA
valheim.exe,8100,0x147123C9510,DXGI,1,0,0,Hardware: Independent Flip,2352.5887,12.0149,11.8645,0.1504,31.0649,11.9245,11.8979,0.0266,45.1024,13.8973,-6.4219,2352.5887,NA,NA,NA
valheim.exe,8100,0x147123C9510,DXGI,1,0,0,Hardware: Independent Flip,2364.6036,18.4736,18.2509,0.2227,31.0544,14.2524,14.2524,0.0000,46.9848,13.9541,-1.8824,2364.6036,NA,NA,NA
valheim.exe,8100,0x147123C9510,DXGI,1,0,0,Hardware: Independent Flip,2383.0772,16.0255,15.8572,0.1683,26.8332,11.9825,11.9825,0.0000,42.4653,20.8062,4.5195,2383.0772,NA,NA,NA
valheim.exe,8100,0x147123C9510,DXGI,1,0,0,Hardware: Independent Flip,2399.1027,10.5838,10.4216,0.1622,22.7902,20.2243,20.2243,0.0000,47.2460,14.0105,-4.7807,2399.1027,NA,NA,NA
valheim.exe,8100,0x147123C9510,DXGI,1,0,0,Hardware: Independent Flip,2409.6865,16.9078,16.5825,0.3253,32.4307,14.5813,14.5813,0.0000,50.6727,6.8428,-3.4267,2409.6865,NA,NA,NA
valheim.exe,8100,0x147123C9510,DXGI,1,0,0,Hardware: Independent Flip,2426.5943,17.1436,16.8151,0.3285,30.1042,0.6467,0.5618,0.0849,40.6077,27.7880,10.0650,2426.5943,NA,NA,NA
valheim.exe,8100,0x147123C9510,DXGI,1,0,0,Hardware: Independent Flip,2443.7379,20.3936,20.2574,0.1362,13.6574,33.7371,26.3654,7.3717,51.2521,13.9431,-10.6444,2443.7379,NA,NA,NA
valheim.exe,8100,0x147123C9510,DXGI,1,0,0,Hardware: Independent Flip,2464.1315,9.6942,9.5331,0.1611,27.0009,11.6314,11.6054,0.0260,44.8016,6.9335,6.4505,2464.1315,NA,NA,NA
valheim.exe,8100,0x147123C9510,DXGI,1,0,0,Hardware: Independent Flip,2473.8257,9.3709,9.2355,0.1354,28.9381,6.4399,6.3101,0.1298,42.0409,20.8502,2.7607,2473.8257,NA,NA,NA
valheim.exe,8100,0x147123C9510,DXGI,1,0,0,Hardware: Independent Flip,2483.1966,26.7252,26.5086,0.2166,26.0071,25.6457,25.6457,0.0000,53.5202,13.8911,-11.4793,2483.1966,NA,NA,NA
valheim.exe,8100,0x147123C9510,DXGI,1,0,0,Hardware: Independent Flip,2509.9218,11.0829,10.9256,0.1573,24.9706,14.3722,13.6466,0.7256,40.6861,13.9057,12.8341,2509.9218,NA,NA,NA
valheim.exe,8100,0x147123C9510,DXGI,1,0,0,Hardware: Independent Flip,2521.0047,7.4826,7.3338,0.1488,28.2599,11.8109,11.7873,0.0236,43.5089,13.9185,-2.8228,2521.0047,NA,NA,NA
valheim.exe,8100,0x147123C9510,DXGI,1,0,0,Hardware: Independent Flip,2528.4873,21.9817,21.8086,0.1731,32.6485,11.9758,11.9758,0.0000,49.9448,13.9138,-6.4359,2528.4873,NA,NA,NA
valheim.exe,8100,0x147123C9510,DXGI,1,0,0,Hardware: Independent Flip,2550.4690,11.6150,11.4574,0.1576,22.6426,18.6082,18.5647,0.0435,41.8769,13.8850,8.0679,2550.4690,NA,NA,NA
valheim.exe,8100,0x147123C9510,DXGI,1,0,0,Hardware: Independent Flip,2562.0840,15.4494,15.1701,0.2793,29.6358,13.5132,13.5132,0.0000,44.1469,13.8932,-2.2700,2562.0840,NA,NA,NA
valheim.exe,8100,0x147123C9510,DXGI,1,0,0,Hardware: Independent Flip,2577.5334,13.6029,13.4202,0.1827,27.7811,12.5932,12.5932,0.0000,42.5907,13.9018,1.5562,2577.5334,NA,NA,NA
valheim.exe,8100,0x147123C9510,DXGI,1,0,0,Hardware: Independent Flip,2591.1363,15.2995,15.0911,0.2084,26.7714,13.5654,13.5654,0.0000,42.8896,13.9582,-0.2989,2591.1363,NA,NA,NA
valheim.exe,8100,0x147123C9510,DXGI,1,0,0,Hardware: Independent Flip,2606.4358,11.9646,11.8235,0.1411,25.0373,12.0327,12.0327,0.0000,41.5483,6.9168,1.3413,2606.4358,NA,NA,NA
valheim.exe,8100,0x147123C9510,DXGI,1,0,0,Hardware: Independent Flip,2618.4004,12.2178,12.0171,0.2007,25.1054,4.4313,4.3254,0.1059,36.5005,13.8925,5.0478,2618.4004,NA,NA,NA
valheim.exe,8100,0x147123C9510,DXGI,1,0,0,Hardware: Independent Flip,2630.6182,16.1310,15.9003,0.2307,17.3189,14.3039,14.2473,0.0566,38.1752,20.8893,-1.6747,2630.6182,NA,NA,NA
valheim.exe,8100,0x147123C9510,DXGI,1,0,0,Hardware: Independent Flip,2646.7492,17.9403,17.7580,0.1823,16.0743,25.2650,25.1924,0.0726,42.9335,6.9177,-4.7583,2646.7492,NA,NA,NA
valheim.exe,8100,0x147123C9510,DXGI,1,0,0,Hardware: Independent Flip,2664.6895,6.8145,6.6518,0.1627,23.4912,0.2194,0.1812,0.0382,31.9109,6.9502,11.0226,2664.6895,NA,NA,NA
valheim.exe,8100,0x147123C9510,DXGI,1,0,0,Hardware: Independent Flip,2671.5040,10.7876,10.6118,0.1758,16.8961,13.7095,13.6614,0.0481,32.0466,27.8234,-0.1357,2671.5040,NA,NA,NA
valheim.exe,8100,0x147123C9510,DXGI,1,0,0,Hardware: Independent Flip,2682.2916,21.4160,21.1910,0.2250,19.8926,24.1251,24.1251,0.0000,49.0824,6.9289,-17.0358,2682.2916,NA,NA,NA
valheim.exe,8100,0x147123C9510,DXGI,1,0,0,Hardware: Independent Flip,2703.7076,8.8809,8.7242,0.1567,22.6946,4.9647,4.8751,0.0896,34.5953,13.9053,14.4871,2703.7076,NA,37.2331,NA
valheim.exe,8100,0x147123C9510,DXGI,1,0,0,Hardware: Independent Flip,2712.5885,20.7549,20.5742,0.1807,19.0670,14.4867,14.4034,0.0833,39.6197,20.8469,-5.0244,2712.5885,NA,NA,NA
valheim.exe,8100,0x147123C9510,DXGI,1,0,0,Hardware: Independent Flip,2733.3434,12.2519,11.9933,0.2586,12.7988,25.6558,25.6558,0.0000,39.7117,13.9367,-0.0920,2733.3434,NA,NA,NA
valheim.exe,8100,0x147123C9510,DXGI,1,0,0,Hardware: Independent Flip,2745.5953,8.5360,8.3349,0.2011,26.2661,12.0094,12.0094,0.0000,41.3965,6.9115,-1.6848,2745.5953,NA,NA,NA
valheim.exe,8100,0x147123C9510,DXGI,1,0,0,Hardware: Independent Flip,2754.1313,10.9306,10.7763,0.1543,29.7395,2.0606,1.9646,0.0960,39.7720,6.9799,1.6245,2754.1313,NA,NA,NA
valheim.exe,8100,0x147123C9510,DXGI,1,0,0,Hardware: Independent Flip,2765.0619,22.5843,22.2837,0.3006,20.8695,12.4150,12.3254,0.0896,35.8213,27.7737,3.9507,2765.0619,NA,NA,NA
valheim.exe,8100,0x147123C9510,DXGI,1,0,0,Hardware: Independent Flip,2787.6462,14.5042,14.2953,0.2089,10.7002,25.8595,25.4205,0.4390,41.0107,13.9173,-5.1894,2787.6462,NA,NA,NA
valheim.exe,8100,0x147123C9510,DXGI,1,0,0,Hardware: Independent Flip,2802.1504,7.9906,7.8226,0.1680,22.0555,15.9980,15.9980,0.0000,40.4238,6.9632,0.5869,2802.1504,NA,NA,NA
valheim.exe,8100,0x147123C9510,DXGI,1,0,0,Hardware: Independent Flip,2810.1410,8.9549,8.7810,0.1739,30.1581,0.2434,0.1887,0.0547,39.3964,6.9489,1.0274,2810.1410,NA,NA,NA
valheim.exe,8100,0x147123C9510,DXGI,1,0,0,Hardware: Independent Flip,2819.0959,24.0684,23.8453,0.2231,22.8882,13.8076,13.6836,0.1240,37.3904,27.7932,2.0060,2819.0959,NA,15.4122,NA
valheim.exe,8100,0x147123C9510,DXGI,1,0,0,Hardware: Independent Flip,2843.1643,15.5502,15.2407,0.3095,13.8170,26.2380,26.1873,0.0507,41.1152,6.9642,-3.7248,2843.1643,NA,32.2293,NA
valheim.exe,8100,0x147123C9510,DXGI,1,0,0,Hardware: Independent Flip,2858.7145,7.3469,7.1603,0.1866,24.5048,3.0109,2.9927,0.0182,32.5292,20.8304,8.5860,2858.7145,NA,30.1776,NA
valheim.exe,8100,0x147123C9510,DXGI,1,0,0,Hardware: Independent Flip,2866.0614,10.5089,10.3704,0.1385,20.1688,22.5717,22.5717,0.0000,46.0127,13.9174,-13.4835,2866.0614,NA,NA,NA
valheim.exe,8100,0x147123C9510,DXGI,1,0,0,Hardware: Independent Flip,2876.5703,20.6495,20.4636,0.1859,32.2866,15.8009,15.8009,0.0000,49.4212,6.9401,-3.4085,2876.5703,NA,31.9234,NA
valheim.exe,8100,0x147123C9510,DXGI,1,0,0,Hardware: Independent Flip,2897.2198,7.7339,7.5841,0.1498,27.4380,0.4355,0.4010,0.0345,35.7118,13.9048,13.7094,2897.2198,NA,NA,NA
valheim.exe,8100,0x147123C9510,DXGI,1,0,0,Hardware: Independent Flip,2904.9537,22.4607,22.2903,0.1704,20.8398,14.6459,14.5857,0.0602,41.8827,20.8937,-6.1709,2904.9537,NA,20.7336,NA
valheim.exe,8100,0x147123C9510,DXGI,1,0,0,Hardware: Independent Flip,2927.4144,11.8618,11.6823,0.1795,13.0250,25.7973,25.7973,0.0000,40.3157,13.9993,1.5670,2927.4144,NA,34.6802,NA
valheim.exe,8100,0x147123C9510,DXGI,1,0,0,Hardware: Independent Flip,2939.2762,9.0202,8.8935,0.1267,26.9605,14.8512,14.8264,0.0248,42.4532,6.8242,-2.1375,2939.2762,NA,39.6438,NA
valheim.exe,8100,0x147123C9510,DXGI,1,0,0,Hardware: Independent Flip,2948.2964,10.8556,10.6894,0.1662,32.7915,0.4671,0.3719,0.0952,40.2572,20.8223,2.1960,2948.2964,NA,NA,NA
valheim.exe,8100,0x147123C9510,DXGI,1,0,0,Hardware: Independent Flip,2959.1520,27.5570,27.3586,0.1984,25.6933,23.7016,23.6086,0.0930,50.2239,20.8688,-9.9667,2959.1520,NA,33.3091,NA
valheim.exe,8100,0x147123C9510,DXGI,1,0,0,Hardware: Independent Flip,2986.7090,9.6108,9.3319,0.2789,21.8913,16.3070,16.3070,0.0000,43.5357,13.9336,6.6882,2986.7090,NA,39.1852,NA
valheim.exe,8100,0x147123C9510,DXGI,1,0,0,Hardware: Independent Flip,2996.3198,10.2119,10.0513,0.1606,28.5875,14.8522,14.8522,0.0000,47.8585,6.9415,-4.3228,2996.3198,NA,NA,NA
valheim.exe,8100,0x147123C9510,DXGI,1,0,0,Hardware: Independent Flip,3006.5317,16.5355,16.3290,0.2065,33.2278,3.5382,3.4752,0.0630,44.5881,6.9439,3.2704,3006.5317,NA,NA,NA
valheim.exe,8100,0x147123C9510,DXGI,1,0,0,Hardware: Independent Flip,3023.0672,23.2395,23.0954,0.1441,22.0033,11.8106,11.7048,0.1058,34.9965,27.7874,9.5916,3023.0672,NA,16.9985,NA
valheim.exe,8100,0x147123C9510,DXGI,1,0,0,Hardware: Independent Flip,3046.3067,12.6713,12.4094,0.2619,10.5744,27.5686,27.5686,0.0000,39.5444,13.9046,-4.5479,3046.3067,NA,31.7863,NA
valheim.exe,8100,0x147123C9510,DXGI,1,0,0,Hardware: Independent Flip,3058.9780,8.6432,8.4686,0.1746,25.4717,14.2636,14.2636,0.0000,40.7777,13.9271,-1.2333,3058.9780,NA,42.6987,NA
valheim.exe,8100,0x147123C9510,DXGI,1,0,0,Hardware: Independent Flip,3067.6212,11.8825,11.7190,0.1635,31.0921,13.9397,13.9381,0.0016,46.0616,13.8994,-5.2839,3067.6212,NA,NA,NA
valheim.exe,8100,0x147123C9510,DXGI,1,0,0,Hardware: Independent Flip,3079.5037,19.5532,19.3589,0.1943,33.2513,14.5354,14.5354,0.0000,48.0785,6.9915,-2.0169,3079.5037,NA,42.5414,NA
valheim.exe,8100,0x147123C9510,DXGI,1,0,0,Hardware: Independent Flip,3099.0569,15.0343,14.8028,0.2315,28.3519,0.7466,0.6705,0.0761,35.5168,13.8729,12.5617,3099.0569,NA,23.4760,NA
valheim.exe,8100,0x147123C9510,DXGI,1,0,0,Hardware: Independent Flip,3114.0912,18.2907,17.8896,0.4011,14.0642,16.5748,16.5355,0.0393,34.3554,13.9089,1.1614,3114.0912,NA,21.3673,NA
valheim.exe,8100,0x147123C9510,DXGI,1,0,0,Hardware: Independent Flip,3132.3819,17.2623,17.0234,0.2389,12.3483,15.4211,14.6127,0.8084,29.9736,27.7606,4.3818,3132.3819,NA,19.3045,NA
valheim.exe,8100,0x147123C9510,DXGI,1,0,0,Hardware: Independent Flip,3149.6442,18.4588,18.2613,0.1975,10.6094,29.1383,24.6837,4.4546,40.4719,13.9043,-10.4983,3149.6442,NA,31.0681,NA
valheim.exe,8100,0x147123C9510,DXGI,1,0,0,Hardware: Independent Flip,3168.1030,6.0440,5.8587,0.1853,21.3396,11.8024,11.8024,0.0000,35.9174,13.9094,4.5545,3168.1030,NA,32.9733,NA
valheim.exe,8100,0x147123C9510,DXGI,1,0,0,Hardware: Independent Flip,3174.1470,11.1425,10.9549,0.1876,27.0980,16.3886,16.3886,0.0000,43.7828,13.9019,-7.8654,3174.1470,NA,NA,NA
valheim.exe,8100,0x147123C9510,DXGI,1,0,0,Hardware: Independent Flip,3185.2895,18.3296,18.1312,0.1984,32.4055,13.3628,13.3531,0.0097,46.5422,13.9153,-2.7594,3185.2895,NA,41.8016,NA
valheim.exe,8100,0x147123C9510,DXGI,1,0,0,Hardware: Independent Flip,3203.6191,14.2389,13.9946,0.2443,27.5098,13.8857,13.8857,0.0000,42.1279,20.8869,4.4143,3203.6191,NA,40.7045,NA
valheim.exe,8100,0x147123C9510,DXGI,1,0,0,Hardware: Independent Flip,3217.8580,9.9355,9.7489,0.1866,27.2406,15.1136,15.1136,0.0000,48.7759,6.9219,-6.6480,3217.8580,NA,48.5960,NA
valheim.exe,8100,0x147123C9510,DXGI,1,0,0,Hardware: Independent Flip,3227.7935,18.5834,18.2996,0.2838,32.5116,0.8577,0.8577,0.0000,45.7623,6.9491,3.0136,3227.7935,NA,28.5154,NA
valheim.exe,8100,0x147123C9510,DXGI,1,0,0,Hardware: Independent Flip,3246.3769,13.7353,13.4841,0.2512,14.7859,14.3058,14.2832,0.0226,34.1280,27.7896,11.6343,3246.3769,NA,34.4340,NA
valheim.exe,8100,0x147123C9510,DXGI,1,0,0,Hardware: Independent Flip,3260.1122,22.1485,22.0046,0.1439,15.3564,31.1756,27.6518,3.5238,48.1823,13.9144,-14.0543,3260.1122,NA,29.2482,NA
valheim.exe,8100,0x147123C9510,DXGI,1,0,0,Hardware: Independent Flip,3282.2607,9.9235,9.7557,0.1678,24.4561,14.0887,14.0887,0.0000,39.9482,13.9014,8.2341,3282.2607,NA,33.1322,NA
valheim.exe,8100,0x147123C9510,DXGI,1,0,0,Hardware: Independent Flip,3292.1842,8.8761,8.7386,0.1375,28.6213,14.3512,14.3406,0.0106,43.9261,20.8662,-3.9779,3292.1842,NA,NA,NA
valheim.exe,8100,0x147123C9510,DXGI,1,0,0,Hardware: Independent Flip,3301.0603,20.8508,20.7090,0.1418,34.0964,14.9749,14.9591,0.0158,55.9162,13.9198,-11.9901,3301.0603,NA,48.9426,NA
valheim.exe,8100,0x147123C9510,DXGI,1,0,0,Hardware: Independent Flip,3321.9111,12.3304,12.1336,0.1968,28.2205,15.6539,15.6331,0.0208,48.9852,6.9225,6.9310,3321.9111,NA,48.8643,NA
valheim.exe,8100,0x147123C9510,DXGI,1,0,0,Hardware: Independent Flip,3334.2415,12.9951,12.8465,0.1486,31.5440,3.9921,3.9020,0.0901,43.5773,7.0032,5.4079,3334.2415,NA,41.7511,NA
valheim.exe,8100,0x147123C9510,DXGI,1,0,0,Hardware: Independent Flip,3347.2366,24.4884,24.2379,0.2505,23.4128,12.3676,12.2927,0.0749,37.5854,41.6712,5.9919,3347.2366,NA,13.7659,NA
valheim.exe,8100,0x147123C9510,DXGI,1,0,0,Hardware: Independent Flip,3371.7250,12.9739,12.5749,0.3990,11.2920,42.9712,42.9712,0.0000,54.7682,7.0018,-17.1828,3371.7250,NA,45.4452,NA
valheim.exe,8100,0x147123C9510,DXGI,1,0,0,Hardware: Independent Flip,3384.6989,7.7879,7.6067,0.1812,41.2893,0.1367,0.0947,0.0420,48.7961,6.9238,5.9721,3384.6989,NA,43.4306,NA
valheim.exe,8100,0x147123C9510,DXGI,1,0,0,Hardware: Independent Flip,3392.4868,11.7266,11.5858,0.1408,34.0677,2.5571,2.5350,0.0221,47.9320,34.7377,0.8641,3392.4868,NA,NA,NA
valheim.exe,8100,0x147123C9510,DXGI,1,0,0,Hardware: Independent Flip,3404.2134,42.0225,41.7529,0.2696,40.9356,28.4389,28.1903,0.2486,70.9431,6.9438,-23.0111,3404.2134,NA,34.0920,NA
valheim.exe,8100,0x147123C9510,DXGI,1,0,0,Hardware: Independent Flip,3446.2359,8.4362,8.2512,0.1850,27.3520,2.6011,2.5437,0.0574,35.8644,13.8870,35.0787,3446.2359,NA,30.0249,NA
valheim.exe,8100,0x147123C9510,DXGI,1,0,0,Hardware: Independent Flip,3454.6721,13.7150,13.5134,0.2016,21.5169,15.4167,15.2750,0.1417,41.3152,27.8446,-5.4508,3454.6721,NA,NA,NA
valheim.exe,8100,0x147123C9510,DXGI,1,0,0,Hardware: Independent Flip,3468.3871,26.0339,25.8248,0.2091,23.2186,28.8126,28.7423,0.0703,55.4448,20.8559,-14.1296,3468.3871,NA,34.7398,NA
valheim.exe,8100,0x147123C9510,DXGI,1,0,0,Hardware: Independent Flip,3494.4210,11.4700,11.1779,0.2921,26.0756,17.1780,17.1006,0.0774,50.2668,6.9187,5.1780,3494.4210,NA,42.6343,NA
valheim.exe,8100,0x147123C9510,DXGI,1,0,0,Hardware: Independent Flip,3505.8910,12.7150,12.5419,0.1731,31.7836,3.9500,3.8349,0.1151,45.7155,13.8825,4.5513,3505.8910,NA,NA,NA
valheim.exe,8100,0x147123C9510,DXGI,1,0,0,Hardware: Independent Flip,3518.6060,26.7890,26.5867,0.2023,25.3734,18.3158,18.2241,0.0917,46.8830,27.8326,-1.1675,3518.6060,NA,40.4499,NA
valheim.exe,8100,0x147123C9510,DXGI,1,0,0,Hardware: Independent Flip,3545.3950,17.4952,17.2915,0.2037,16.9002,27.1434,27.0492,0.0942,47.9266,13.9164,-1.0436,3545.3950,NA,55.2726,NA
valheim.exe,8100,0x147123C9510,DXGI,1,0,0,Hardware: Independent Flip,3562.8902,10.1225,9.8610,0.2615,26.6608,16.1133,16.1133,0.0000,44.3478,6.9250,3.5788,3562.8902,NA,NA,NA
valheim.exe,8100,0x147123C9510,DXGI,1,0,0,Hardware: Independent Flip,3573.0127,15.5277,15.2953,0.2324,32.7815,5.5347,5.4480,0.0867,41.1503,20.8427,3.1975,3573.0127,NA,NA,NA
valheim.exe,8100,0x147123C9510,DXGI,1,0,0,Hardware: Independent Flip,3588.5404,26.4386,26.1475,0.2911,24.4527,17.2553,17.0991,0.1562,46.4653,27.8449,-5.3150,3588.5404,NA,NA,NA
valheim.exe,8100,0x147123C9510,DXGI,1,0,0,Hardware: Independent Flip,3614.9790,16.3621,16.1189,0.2432,15.2694,27.7682,27.7289,0.0393,47.8716,6.9512,-1.4063,3614.9790,NA,NA,NA
valheim.exe,8100,0x147123C9510,DXGI,1,0,0,Hardware: Independent Flip,3631.3411,12.9204,12.6722,0.2482,26.6755,0.2317,0.1925,0.0392,38.4607,13.8857,9.4109,3631.3411,NA,NA,NA
valheim.exe,8100,0x147123C9510,DXGI,1,0,0,Hardware: Independent Flip,3644.2615,11.6591,11.4658,0.1933,14.0124,19.2326,19.1473,0.0853,39.4260,27.8138,-0.9653,3644.2615,NA,NA,NA
valheim.exe,8100,0x147123C9510,DXGI,1,0,0,Hardware: Independent Flip,3655.9206,27.2235,27.0249,0.1986,25.7037,26.6905,26.6666,0.0239,55.5807,13.9551,-16.1547,3655.9206,NA,NA,NA
valheim.exe,8100,0x147123C9510,DXGI,1,0,0,Hardware: Independent Flip,3683.1441,10.8507,10.6377,0.2130,25.1707,15.3768,15.3670,0.0098,42.3123,6.8909,13.2684,3683.1441,NA,NA,NA
valheim.exe,8100,0x147123C9510,DXGI,1,0,0,Hardware: Independent Flip,3693.9948,15.7373,15.5232,0.2141,29.6968,0.6128,0.4820,0.1308,38.3525,13.9425,3.9598,3693.9948,NA,NA,NA
valheim.exe,8100,0x147123C9510,DXGI,1,0,0,Hardware: Independent Flip,3709.7321,18.8357,18.6246,0.2111,14.6452,16.7877,16.7551,0.0326,36.5577,27.7791,1.7948,3709.7321,NA,NA,NA
valheim.exe,8100,0x147123C9510,DXGI,1,0,0,Hardware: Independent Flip,3728.5678,15.8454,15.5979,0.2475,12.6920,27.2769,27.2769,0.0000,45.5011,13.9336,-8.9434,3728.5678,NA,NA,NA
valheim.exe,8100,0x147123C9510,DXGI,1,0,0,Hardware: Independent Flip,3744.4132,9.1949,8.9550,0.2399,24.1235,17.0946,17.0515,0.0431,43.5893,6.9180,1.9118,3744.4132,NA,NA,NA
valheim.exe,8100,0x147123C9510,DXGI,1,0,0,Hardware: Independent Flip,3753.6081,9.5798,9.3884,0.1914,32.0232,3.5106,3.4423,0.0683,41.3124,13.8680,2.2769,3753.6081,NA,NA,NA
valheim.exe,8100,0x147123C9510,DXGI,1,0,0,Hardware: Independent Flip,3763.1879,27.2893,27.0867,0.2026,26.1268,16.1978,16.1413,0.0565,45.6006,27.8868,-4.2882,3763.1879,NA,NA,NA
valheim.exe,8100,0x147123C9510,DXGI,1,0,0,Hardware: Independent Flip,3790.4772,15.7866,15.4901,0.2965,15.1398,25.1254,25.0415,0.0839,46.1981,6.9004,-0.5975,3790.4772,NA,NA,NA
valheim.exe,8100,0x147123C9510,DXGI,1,0,0,Hardware: Independent Flip,3806.2638,9.3409,9.1460,0.1949,24.5965,0.7690,0.6617,0.1073,37.3119,13.9188,8.8862,3806.2638,NA,NA,NA
valheim.exe,8100,0x147123C9510,DXGI,1,0,0,Hardware: Independent Flip,3815.6047,13.3513,13.1406,0.2107,16.0246,20.2255,20.1519,0.0736,41.8898,13.8472,-4.5779,3815.6047,NA,NA,NA
valheim.exe,8100,0x147123C9510,DXGI,1,0,0,Hardware: Independent Flip,3828.9560,25.5756,25.3782,0.1974,23.6048,15.4170,15.2871,0.1299,42.3857,27.8385,-0.4959,3828.9560,NA,NA,NA
valheim.exe,8100,0x147123C9510,DXGI,1,0,0,Hardware: Independent Flip,3854.5316,14.0719,13.8872,0.1847,13.4462,26.3722,26.3463,0.0259,44.6486,13.9170,-2.2629,3854.5316,NA,NA,NA
valheim.exe,8100,0x147123C9510,DXGI,1,0,0,Hardware: Independent Flip,3868.6035,10.6599,10.4438,0.2161,25.7465,16.3251,16.3251,0.0000,44.4937,6.9385,0.1549,3868.6035,NA,36.0569,NA
valheim.exe,8100,0x147123C9510,DXGI,1,0,0,Hardware: Independent Flip,3879.2634,10.1722,10.0186,0.1536,31.5143,3.3137,3.2494,0.0643,40.7723,13.8823,3.7214,3879.2634,NA,NA,NA
valheim.exe,8100,0x147123C9510,DXGI,1,0,0,Hardware: Independent Flip,3889.4356,27.3233,27.1251,0.1982,25.5253,16.6764,16.5197,0.1567,44.4824,27.7976,-3.7101,3889.4356,NA,17.8288,NA
valheim.exe,8100,0x147123C9510,DXGI,1,0,0,Hardware: Independent Flip,3916.7589,17.1440,16.9099,0.2341,14.9936,26.2585,26.2327,0.0258,44.9567,13.9192,-0.4743,3916.7589,NA,31.6627,NA
valheim.exe,8100,0x147123C9510,DXGI,1,0,0,Hardware: Independent Flip,3933.9029,9.9305,9.7447,0.1858,24.1081,17.0610,17.0610,0.0000,41.7319,6.9613,3.2248,3933.9029,NA,35.5828,NA
valheim.exe,8100,0x147123C9510,DXGI,1,0,0,Hardware: Independent Flip,3943.8334,9.4190,9.2636,0.1554,31.3861,4.0891,3.9804,0.1087,38.7627,27.7651,2.9692,3943.8334,NA,NA,NA
valheim.exe,8100,0x147123C9510,DXGI,1,0,0,Hardware: Independent Flip,3953.2524,27.0000,26.7996,0.2004,26.0562,29.6607,29.6318,0.0289,57.1088,13.9543,-18.3461,3953.2524,NA,34.2826,NA
valheim.exe,8100,0x147123C9510,DXGI,1,0,0,Hardware: Independent Flip,3980.2524,10.4168,10.2369,0.1799,28.7917,14.4481,14.4283,0.0198,44.0631,20.8251,13.0457,3980.2524,NA,36.2714,NA
valheim.exe,8100,0x147123C9510,DXGI,1,0,0,Hardware: Independent Flip,3990.6692,10.3557,10.1529,0.2028,32.8230,18.8548,18.8548,0.0000,54.4714,13.9156,-10.4083,3990.6692,NA,NA,NA
valheim.exe,8100,0x147123C9510,DXGI,1,0,0,Hardware: Independent Flip,4001.0249,22.9532,22.7171,0.2361,41.3221,15.9236,15.9236,0.0000,58.0313,20.8471,-3.5599,4001.0249,NA,48.9848,NA
valheim.exe,8100,0x147123C9510,DXGI,1,0,0,Hardware: Independent Flip,4023.9781,12.5984,12.4440,0.1544,34.3730,16.1789,16.1789,0.0000,55.9252,13.9606,2.1061,4023.9781,NA,55.8661,NA
valheim.exe,8100,0x147123C9510,DXGI,1,0,0,Hardware: Independent Flip,4036.5765,21.8573,21.6779,0.1794,37.9535,16.7998,16.7998,0.0000,57.2874,6.8755,-1.3622,4036.5765,NA,48.8114,NA
valheim.exe,8100,0x147123C9510,DXGI,1,0,0,Hardware: Independent Flip,4058.4338,10.9551,10.8085,0.1466,32.8960,0.5903,0.5223,0.0680,42.3056,20.8478,14.9818,4058.4338,NA,41.7046,NA
valheim.exe,8100,0x147123C9510,DXGI,1,0,0,Hardware: Independent Flip,4069.3889,26.2123,25.9921,0.2202,22.5312,29.2782,28.9080,0.3702,52.1983,20.8831,-9.8927,4069.3889,NA,27.5264,NA
valheim.exe,8100,0x147123C9510,DXGI,1,0,0,Hardware: Independent Flip,4095.6012,12.0485,11.8915,0.1570,25.5971,17.8521,17.8521,0.0000,46.8691,13.9004,5.3292,4095.6012,NA,36.3975,NA
valheim.exe,8100,0x147123C9510,DXGI,1,0,0,Hardware: Independent Flip,4107.6497,9.2069,9.0697,0.1372,31.4776,15.4822,15.4686,0.0136,48.7210,6.9715,-1.8519,4107.6497,NA,NA,NA
valheim.exe,8100,0x147123C9510,DXGI,1,0,0,Hardware: Independent Flip,4116.8566,16.7529,16.5968,0.1561,37.7529,3.5666,3.5062,0.0604,46.4856,27.7884,2.2354,4116.8566,NA,40.3087,NA
valheim.exe,8100,0x147123C9510,DXGI,1,0,0,Hardware: Independent Flip,4133.6095,25.2479,24.9593,0.2886,24.5666,26.2517,26.2517,0.0000,57.5211,13.9330,-11.0355,4133.6095,NA,33.0639,NA
valheim.exe,8100,0x147123C9510,DXGI,1,0,0,Hardware: Independent Flip,4158.8574,9.9452,9.7989,0.1463,25.5704,16.6160,16.5911,0.0249,46.2062,6.9024,11.3149,4158.8574,NA,38.0250,NA
valheim.exe,8100,0x147123C9510,DXGI,1,0,0,Hardware: Independent Flip,4168.8026,10.1365,9.9796,0.1569,32.2412,0.9082,0.8740,0.0342,43.1634,6.9362,3.0428,4168.8026,NA,NA,NA
valheim.exe,8100,0x147123C9510,DXGI,1,0,0,Hardware: Independent Flip,4178.9391,25.6635,25.4978,0.1657,24.5125,14.8748,14.6080,0.2668,39.9631,27.8350,3.2003,4178.9391,NA,28.8368,NA
valheim.exe,8100,0x147123C9510,DXGI,1,0,0,Hardware: Independent Flip,4204.6026,13.4168,13.1765,0.2403,13.7238,25.9244,25.9020,0.0224,42.1346,13.9977,-2.1715,4204.6026,NA,50.6636,NA
valheim.exe,8100,0x147123C9510,DXGI,1,0,0,Hardware: Independent Flip,4218.0194,9.2161,9.0600,0.1561,26.2314,12.6706,12.6706,0.0000,42.7155,6.8599,-0.5809,4218.0194,NA,35.6640,NA
valheim.exe,8100,0x147123C9510,DXGI,1,0,0,Hardware: Independent Flip,4227.2355,12.0944,11.9374,0.1570,29.6859,2.4684,2.4086,0.0598,40.3593,27.7964,2.3562,4227.2355,NA,NA,NA
valheim.exe,8100,0x147123C9510,DXGI,1,0,0,Hardware: Independent Flip,4239.3299,29.0800,28.9013,0.1787,20.0797,32.2544,26.6881,5.5663,56.0613,13.9057,-15.7020,4239.3299,NA,NA,NA
valheim.exe,8100,0x147123C9510,DXGI,1,0,0,Hardware: Independent Flip,4268.4099,7.8279,7.6550,0.1729,23.2541,15.7628,15.7628,0.0000,40.8870,13.9371,15.1743,4268.4099,NA,38.0461,NA
valheim.exe,8100,0x147123C9510,DXGI,1,0,0,Hardware: Independent Flip,4276.2378,7.1938,7.0622,0.1316,31.2813,14.2663,14.2397,0.0266,46.9962,6.9155,-6.1092,4276.2378,NA,NA,NA
valheim.exe,8100,0x147123C9510,DXGI,1,0,0,Hardware: Independent Flip,4283.4316,24.1155,23.8463,0.2692,38.3538,3.7702,3.7030,0.0672,46.7179,27.8756,0.2783,4283.4316,NA,NA,NA
valheim.exe,8100,0x147123C9510,DXGI,1,0,0,Hardware: Independent Flip,4307.5471,20.0543,19.8569,0.1974,18.3188,25.0941,25.0637,0.0304,50.4780,6.8908,-3.7601,4307.5471,NA,55.3800,NA
valheim.exe,8100,0x147123C9510,DXGI,1,0,0,Hardware: Independent Flip,4327.6014,10.7219,10.5073,0.2146,23.4421,0.3533,0.3051,0.0482,37.3145,6.9405,13.1635,4327.6014,NA,31.0700,NA
valheim.exe,8100,0x147123C9510,DXGI,1,0,0,Hardware: Independent Flip,4338.3233,10.4318,10.1952,0.2366,13.0735,17.3750,17.3430,0.0320,33.5331,27.7818,3.7814,4338.3233,NA,NA,NA
valheim.exe,8100,0x147123C9510,DXGI,1,0,0,Hardware: Independent Flip,4348.7551,25.5359,25.3659,0.1700,24.2960,25.6417,25.6192,0.0225,50.8831,20.8808,-17.3500,4348.7551,NA,33.8421,NA
valheim.exe,8100,0x147123C9510,DXGI,1,0,0,Hardware: Independent Flip,4374.2910,9.4209,9.2434,0.1775,24.4018,14.9159,14.8834,0.0325,46.2280,6.9358,4.6551,4374.2910,NA,NA,NA
valheim.exe,8100,0x147123C9510,DXGI,1,0,0,Hardware: Independent Flip,4383.7119,8.5775,8.4125,0.1650,29.8968,0.7075,0.6035,0.1040,43.7429,6.9368,2.4851,4383.7119,NA,NA,NA
valheim.exe,8100,0x147123C9510,DXGI,1,0,0,Hardware: Independent Flip,4392.2894,24.1618,23.8044,0.3574,22.0268,17.8903,17.8556,0.0347,42.1022,27.8047,1.6407,4392.2894,NA,37.8921,NA
valheim.exe,8100,0x147123C9510,DXGI,1,0,0,Hardware: Independent Flip,4416.4512,18.9218,18.7297,0.1921,17.8368,26.2953,26.2493,0.0460,45.7451,14.0090,-3.6429,4416.4512,NA,35.4375,NA
valheim.exe,8100,0x147123C9510,DXGI,1,0,0,Hardware: Independent Flip,4435.3730,10.4936,10.2850,0.2086,25.3102,14.2745,14.2540,0.0205,40.8323,6.8730,4.9128,4435.3730,NA,NA,NA
valheim.exe,8100,0x147123C9510,DXGI,1,0,0,Hardware: Independent Flip,4445.8666,12.3020,11.7806,0.5214,29.0911,0.6433,0.5169,0.1264,37.2117,20.8333,3.6206,4445.8666,NA,NA,NA
valheim.exe,8100,0x147123C9510,DXGI,1,0,0,Hardware: Independent Flip,4458.1686,21.5522,21.2553,0.2969,17.4840,28.0956,28.0956,0.0000,45.7430,20.8481,-8.5313,4458.1686,NA,46.0789,NA
valheim.exe,8100,0x147123C9510,DXGI,1,0,0,Hardware: Independent Flip,4479.7208,9.4382,9.2626,0.1756,24.1149,17.5964,17.5964,0.0000,45.0389,13.9190,0.7041,4479.7208,NA,NA,NA
valheim.exe,8100,0x147123C9510,DXGI,1,0,0,Hardware: Independent Flip,4489.1590,11.2496,11.0831,0.1665,32.2731,15.0671,15.0671,0.0000,49.5197,6.9541,-4.4808,4489.1590,NA,NA,NA
valheim.exe,8100,0x147123C9510,DXGI,1,0,0,Hardware: Independent Flip,4500.4086,22.2255,22.0551,0.1704,36.0906,3.5640,3.4840,0.0800,45.2242,20.8429,4.2955,4500.4086,NA,57.9300,NA
valheim.exe,8100,0x147123C9510,DXGI,1,0,0,Hardware: Independent Flip,4522.6341,17.5642,17.1670,0.3972,17.4291,25.2077,25.2077,0.0000,43.8416,20.8674,1.3826,4522.6341,NA,32.5132,NA
valheim.exe,8100,0x147123C9510,DXGI,1,0,0,Hardware: Independent Flip,4540.1983,10.3845,10.2339,0.1506,25.0726,16.8035,16.7580,0.0455,47.1448,13.9253,-3.3032,4540.1983,NA,NA,NA
valheim.exe,8100,0x147123C9510,DXGI,1,0,0,Hardware: Independent Flip,4550.5828,9.4511,9.2776,0.1735,31.4916,13.2072,13.1666,0.0406,50.6856,6.9215,-3.5408,4550.5828,NA,NA,NA
valheim.exe,8100,0x147123C9510,DXGI,1,0,0,Hardware: Independent Flip,4560.0339,23.1201,22.8233,0.2968,35.2477,3.0674,3.0349,0.0325,48.1560,20.8390,2.5296,4560.0339,NA,42.6095,NA
valheim.exe,8100,0x147123C9510,DXGI,1,0,0,Hardware: Independent Flip,4583.1540,21.4675,21.2832,0.1843,20.3325,25.3211,25.2447,0.0764,45.8749,13.9036,2.2811,4583.1540,NA,53.9716,NA
valheim.exe,8100,0x147123C9510,DXGI,1,0,0,Hardware: Independent Flip,4604.6215,8.4840,8.2349,0.2491,24.1861,12.7654,12.7654,0.0000,38.3110,20.8914,7.5639,4604.6215,NA,NA,NA
valheim.exe,8100,0x147123C9510,DXGI,1,0,0,Hardware: Independent Flip,4613.1055,10.3735,10.2298,0.1437,28.4675,15.3601,15.3601,0.0000,50.7184,6.9100,-12.4074,4613.1055,NA,NA,NA
valheim.exe,8100,0x147123C9510,DXGI,1,0,0,Hardware: Independent Flip,4623.4790,21.1810,20.8628,0.3182,33.5297,0.3744,0.2924,0.0820,47.2549,6.9514,3.4635,4623.4790,NA,NA,NA
valheim.exe,8100,0x147123C9510,DXGI,1,0,0,Hardware: Independent Flip,4644.6600,15.8267,15.2708,0.5559,12.7231,17.7292,17.6755,0.0537,33.0253,27.7954,14.2296,4644.6600,NA,NA,NA
valheim.exe,8100,0x147123C9510,DXGI,1,0,0,Hardware: Independent Flip,4660.4867,16.4359,16.1564,0.2795,14.6256,26.5952,26.5952,0.0000,44.9940,13.9244,-11.9687,4660.4867,NA,45.4146,NA
valheim.exe,8100,0x147123C9510,DXGI,1,0,0,Hardware: Independent Flip,4676.9226,9.1718,9.0166,0.1552,24.7849,12.4194,12.4194,0.0000,42.4825,13.8834,2.5115,4676.9226,NA,43.3034,NA
valheim.exe,8100,0x147123C9510,DXGI,1,0,0,Hardware: Independent Flip,4686.0944,11.4662,11.3126,0.1536,28.0325,17.5769,17.5769,0.0000,47.1941,13.9401,-4.7116,4686.0944,NA,NA,NA
valheim.exe,8100,0x147123C9510,DXGI,1,0,0,Hardware: Independent Flip,4697.5606,21.8658,21.5972,0.2686,34.1432,14.0249,14.0199,0.0050,49.6680,6.9148,-2.4739,4697.5606,NA,54.1781,NA
valheim.exe,8100,0x147123C9510,DXGI,1,0,0,Hardware: Independent Flip,4719.4264,11.2468,11.0775,0.1693,26.3023,3.8072,3.7256,0.0816,34.7170,20.8456,14.9510,4719.4264,NA,38.0761,NA
valheim.exe,8100,0x147123C9510,DXGI,1,0,0,Hardware: Independent Flip,4730.6732,18.9692,18.6814,0.2878,18.8627,25.3190,25.3158,0.0032,44.3158,20.8549,-9.5988,4730.6732,NA,NA,NA
valheim.exe,8100,0x147123C9510,DXGI,1,0,0,Hardware: Independent Flip,4749.6424,11.3426,11.1855,0.1571,25.2125,16.9422,16.9422,0.0000,46.2015,13.9218,-1.8857,4749.6424,NA,NA,NA
valheim.exe,8100,0x147123C9510,DXGI,1,0,0,Hardware: Independent Flip,4760.9850,8.6330,8.4990,0.1340,30.8121,15.2717,15.2717,0.0000,48.7807,6.9401,-2.5792,4760.9850,NA,NA,NA
valheim.exe,8100,0x147123C9510,DXGI,1,0,0,Hardware: Independent Flip,4769.6180,21.6600,21.4521,0.2079,37.4508,3.5085,3.4529,0.0556,47.0878,20.8479,1.6929,4769.6180,NA,NA,NA
valheim.exe,8100,0x147123C9510,DXGI,1,0,0,Hardware: Independent Flip,4791.2780,20.9878,20.7160,0.2718,19.2993,24.5918,24.5918,0.0000,46.2757,13.9099,0.8121,4791.2780,NA,30.4900,NA
valheim.exe,8100,0x147123C9510,DXGI,1,0,0,Hardware: Independent Flip,4812.2658,11.0932,10.9569,0.1363,22.9033,12.2550,12.2192,0.0358,39.1978,13.9079,7.0779,4812.2658,NA,31.4166,NA
valheim.exe,8100,0x147123C9510,DXGI,1,0,0,Hardware: Independent Flip,4823.3590,6.7332,6.5859,0.1473,24.0651,16.8074,16.7943,0.0131,42.0125,6.9475,-2.8147,4823.3590,NA,NA,NA
valheim.exe,8100,0x147123C9510,DXGI,1,0,0,Hardware: Independent Flip,4830.0922,20.3219,20.0946,0.2273,34.1911,2.2323,2.1973,0.0350,42.2268,20.8537,-0.2143,4830.0922,NA,37.2634,NA
valheim.exe,8100,0x147123C9510,DXGI,1,0,0,Hardware: Independent Flip,4850.4141,13.5366,13.3543,0.1823,16.2889,25.4491,25.4491,0.0000,42.7586,20.8427,-0.5318,4850.4141,NA,42.1157,NA
valheim.exe,8100,0x147123C9510,DXGI,1,0,0,Hardware: Independent Flip,4863.9507,13.1973,13.0417,0.1556,28.2696,15.1459,15.1459,0.0000,50.0647,6.9703,-7.3061,4863.9507,NA,38.9709,NA
valheim.exe,8100,0x147123C9510,DXGI,1,0,0,Hardware: Independent Flip,4877.1480,8.9384,8.7904,0.1480,30.2992,12.8097,12.8097,0.0000,43.8377,6.9798,6.2270,4877.1480,NA,NA,NA
valheim.exe,8100,0x147123C9510,DXGI,1,0,0,Hardware: Independent Flip,4886.0864,20.9003,20.7106,0.1897,34.1705,5.1363,5.0974,0.0389,41.8791,20.8350,1.9586,4886.0864,NA,34.9235,NA
valheim.exe,8100,0x147123C9510,DXGI,1,0,0,Hardware: Independent Flip,4906.9867,23.9325,23.6895,0.2430,22.9037,14.3569,14.1992,0.1577,41.8138,20.8263,0.0653,4906.9867,NA,24.7250,NA
valheim.exe,8100,0x147123C9510,DXGI,1,0,0,Hardware: Independent Flip,4930.9192,13.4667,13.1764,0.2903,13.3281,25.2774,25.2774,0.0000,38.7076,13.9131,3.1062,4930.9192,NA,31.5844,NA
valheim.exe,8100,0x147123C9510,DXGI,1,0,0,Hardware: Independent Flip,4944.3859,8.0297,7.8826,0.1471,25.1903,12.7621,12.7621,0.0000,39.1540,13.9466,-0.4464,4944.3859,NA,36.4647,NA
valheim.exe,8100,0x147123C9510,DXGI,1,0,0,Hardware: Independent Flip,4952.4156,11.2921,11.1439,0.1482,29.9227,14.5643,14.5353,0.0290,45.0709,6.9271,-5.9169,4952.4156,NA,NA,NA
valheim.exe,8100,0x147123C9510,DXGI,1,0,0,Hardware: Independent Flip,4963.7077,21.2345,21.0494,0.1851,33.1949,0.2402,0.1903,0.0499,40.7059,20.8230,4.3650,4963.7077,NA,23.3633,NA
valheim.exe,8100,0x147123C9510,DXGI,1,0,0,Hardware: Independent Flip,4984.9422,17.7360,17.5244,0.2116,12.2434,27.9293,25.8103,2.1190,40.2944,20.8705,0.4115,4984.9422,NA,33.1830,NA
valheim.exe,8100,0x147123C9510,DXGI,1,0,0,Hardware: Independent Flip,5002.6782,7.2198,7.0762,0.1436,22.4903,16.8105,16.8105,0.0000,43.4289,13.9635,-3.1345,5002.6782,NA,38.0170,NA
valheim.exe,8100,0x147123C9510,DXGI,1,0,0,Hardware: Independent Flip,5009.8980,10.8720,10.7069,0.1651,32.0810,15.0669,15.0669,0.0000,50.1726,6.9160,-6.7437,5009.8980,NA,NA,NA
valheim.exe,8100,0x147123C9510,DXGI,1,0,0,Hardware: Independent Flip,5020.7700,17.7301,17.5339,0.1962,36.2759,0.5256,0.4127,0.1129,46.2166,27.7754,3.9560,5020.7700,NA,49.9386,NA
valheim.exe,8100,0x147123C9510,DXGI,1,0,0,Hardware: Independent Flip,5038.5001,27.5820,27.3664,0.2156,26.5474,25.3382,25.2782,0.0600,56.2619,13.9276,-10.0453,5038.5001,NA,50.6833,NA
valheim.exe,8100,0x147123C9510,DXGI,1,0,0,Hardware: Independent Flip,5066.0821,6.1137,5.9334,0.1803,24.3036,13.1407,13.1407,0.0000,42.6075,6.9215,13.6544,5066.0821,NA,45.6420,NA
valheim.exe,8100,0x147123C9510,DXGI,1,0,0,Hardware: Independent Flip,5072.1958,11.5283,11.3524,0.1759,31.3306,5.2253,5.0964,0.1289,43.4153,20.8630,-0.8078,5072.1958,NA,NA,NA
valheim.exe,8100,0x147123C9510,DXGI,1,0,0,Hardware: Independent Flip,5083.7241,25.4388,25.2311,0.2077,25.1377,25.7170,25.7170,0.0000,52.7500,13.9188,-9.3347,5083.7241,NA,NA,NA
valheim.exe,8100,0x147123C9510,DXGI,1,0,0,Hardware: Independent Flip,5109.1629,12.4393,12.2924,0.1469,25.4159,14.3208,14.3208,0.0000,41.2300,6.9429,11.5200,5109.1629,NA,NA,NA
valheim.exe,8100,0x147123C9510,DXGI,1,0,0,Hardware: Independent Flip,5121.6022,6.3069,6.1664,0.1405,27.2974,0.5623,0.4932,0.0691,35.7336,6.9496,5.4964,5121.6022,NA,NA,NA
valheim.exe,8100,0x147123C9510,DXGI,1,0,0,Hardware: Independent Flip,5127.9091,23.0100,22.7347,0.2753,21.5830,12.6547,12.5703,0.0844,36.3763,27.7885,-0.6427,5127.9091,NA,43.2488,NA
valheim.exe,8100,0x147123C9510,DXGI,1,0,0,Hardware: Independent Flip,5150.9191,14.1171,13.8293,0.2878,11.2277,25.8851,25.7327,0.1524,41.1548,13.9517,-4.7785,5150.9191,NA,32.0298,NA
valheim.exe,8100,0x147123C9510,DXGI,1,0,0,Hardware: Independent Flip,5165.0362,8.6965,8.5175,0.1790,22.9957,16.7215,16.7077,0.0138,40.9894,6.8960,0.1654,5165.0362,NA,NA,NA
valheim.exe,8100,0x147123C9510,DXGI,1,0,0,Hardware: Independent Flip,5173.7327,12.0057,11.7826,0.2231,31.0207,2.9347,2.7934,0.1413,39.1889,13.9266,1.8005,5173.7327,NA,NA,NA
valheim.exe,8100,0x147123C9510,DXGI,1,0,0,Hardware: Independent Flip,5185.7384,22.2896,22.0312,0.2584,21.9497,14.9253,14.9018,0.0235,41.1098,20.8413,-1.9209,5185.7384,NA,NA,NA
valheim.exe,8100,0x147123C9510,DXGI,1,0,0,Hardware: Independent Flip,5208.0280,14.7997,14.4890,0.3107,14.5854,23.3283,23.2809,0.0474,39.6615,13.9192,1.4483,5208.0280,NA,NA,NA
valheim.exe,8100,0x147123C9510,DXGI,1,0,0,Hardware: Independent Flip,5222.8277,5.9479,5.8155,0.1324,23.1872,12.5838,12.5838,0.0000,38.7810,6.9355,0.8805,5222.8277,NA,35.4575,NA
valheim.exe,8100,0x147123C9510,DXGI,1,0,0,Hardware: Independent Flip,5228.7756,10.9309,10.7770,0.1539,29.8231,5.8570,5.7286,0.1284,39.7686,27.7975,-0.9876,5228.7756,NA,NA,NA
valheim.exe,8100,0x147123C9510,DXGI,1,0,0,Hardware: Independent Flip,5239.7065,25.0220,24.8315,0.1905,24.7492,25.7587,25.7587,0.0000,56.6352,13.9824,-16.8666,5239.7065,NA,35.2938,NA
valheim.exe,8100,0x147123C9510,DXGI,1,0,0,Hardware: Independent Flip,5264.7285,10.2340,10.0314,0.2026,25.5737,15.4974,15.4974,0.0000,45.5956,6.9062,11.0396,5264.7285,NA,NA,NA
valheim.exe,8100,0x147123C9510,DXGI,1,0,0,Hardware: Independent Flip,5274.9625,11.5007,11.3302,0.1705,30.8371,0.6598,0.5800,0.0798,42.2678,13.8829,3.3278,5274.9625,NA,NA,NA
valheim.exe,8100,0x147123C9510,DXGI,1,0,0,Hardware: Independent Flip,5286.4632,27.7403,27.4446,0.2957,20.0543,18.2620,13.2930,4.9690,44.6500,20.8651,-2.3822,5286.4632,NA,28.0712,NA
valheim.exe,8100,0x147123C9510,DXGI,1,0,0,Hardware: Independent Flip,5314.2035,12.6617,12.4451,0.2166,10.6599,26.3064,26.3064,0.0000,37.7748,20.8246,6.8752,5314.2035,NA,NA,NA
valheim.exe,8100,0x147123C9510,DXGI,1,0,0,Hardware: Independent Flip,5326.8652,9.1076,8.8405,0.2671,24.3046,17.1986,17.1986,0.0000,45.9377,13.9629,-8.1629,5326.8652,NA,NA,NA
valheim.exe,8100,0x147123C9510,DXGI,1,0,0,Hardware: Independent Flip,5335.9728,9.0898,8.8135,0.2763,32.3956,11.9680,11.8919,0.0761,50.7930,6.9030,-4.8553,5335.9728,NA,NA,NA
valheim.exe,8100,0x147123C9510,DXGI,1,0,0,Hardware: Independent Flip,5345.0626,21.9906,21.7070,0.2836,35.2738,2.9061,2.8468,0.0593,48.6062,13.9011,2.1868,5345.0626,NA,NA,NA
valheim.exe,8100,0x147123C9510,DXGI,1,0,0,Hardware: Independent Flip,5367.0532,21.6118,21.4441,0.1677,20.3290,14.6569,14.5053,0.1516,40.5167,20.8413,8.0895,5367.0532,NA,52.5105,NA
valheim.exe,8100,0x147123C9510,DXGI,1,0,0,Hardware: Independent Flip,5388.6650,13.4056,12.9229,0.4827,13.3741,24.8386,24.8386,0.0000,39.7462,20.8559,0.7705,5388.6650,NA,NA,NA
valheim.exe,8100,0x147123C9510,DXGI,1,0,0,Hardware: Independent Flip,5402.0706,8.6341,8.4501,0.1840,24.9024,15.7855,15.7855,0.0000,47.1965,13.9736,-7.4503,5402.0706,NA,NA,NA
valheim.exe,8100,0x147123C9510,DXGI,1,0,0,Hardware: Independent Flip,5410.7047,11.3877,11.1904,0.1973,32.1509,16.4213,16.3841,0.0372,52.5360,6.9427,-5.3395,5410.7047,NA,NA,NA
valheim.exe,8100,0x147123C9510,DXGI,1,0,0,Hardware: Independent Flip,5422.0924,20.8623,20.5759,0.2864,37.1845,3.4570,3.2709,0.1861,48.0910,20.8610,4.4450,5422.0924,NA,NA,NA
valheim.exe,8100,0x147123C9510,DXGI,1,0,0,Hardware: Independent Flip,5442.9547,23.3600,23.1462,0.2138,22.3482,24.7846,24.7050,0.0796,48.0897,20.8175,0.0013,5442.9547,NA,NA,NA
valheim.exe,8100,0x147123C9510,DXGI,1,0,0,Hardware: Independent Flip,5466.3147,11.5193,11.2353,0.2840,23.7728,17.6469,17.6469,0.0000,45.5472,13.9404,2.5425,5466.3147,NA,NA,NA
valheim.exe,8100,0x147123C9510,DXGI,1,0,0,Hardware: Independent Flip,5477.8340,8.2600,8.0804,0.1796,29.9004,15.3568,15.3489,0.0079,47.9683,6.8740,-2.4211,5477.8340,NA,NA,NA
valheim.exe,8100,0x147123C9510,DXGI,1,0,0,Hardware: Independent Flip,5486.0940,21.5493,21.3558,0.1935,36.9972,2.9666,2.8411,0.1255,46.5823,6.9990,1.3860,5486.0940,NA,NA,NA
valheim.exe,8100,0x147123C9510,DXGI,1,0,0,Hardware: Independent Flip,5507.6433,18.6721,18.2580,0.4141,18.5447,13.1831,13.0568,0.1263,32.0320,34.7325,14.5503,5507.6433,NA,NA,NA
valheim.exe,8100,0x147123C9510,DXGI,1,0,0,Hardware: Independent Flip,5526.3154,16.3054,16.0929,0.2125,13.0557,28.3449,28.3021,0.0428,48.0924,6.9837,-16.0604,5526.3154,NA,NA,NA
valheim.exe,8100,0x147123C9510,DXGI,1,0,0,Hardware: Independent Flip,5542.6208,6.0576,5.8879,0.1697,25.0952,12.3281,12.2792,0.0489,38.7707,6.9381,9.3217,5542.6208,NA,NA,NA
valheim.exe,8100,0x147123C9510,DXGI,1,0,0,Hardware: Independent Flip,5548.6784,11.1103,10.9405,0.1698,31.3657,6.1638,6.0596,0.1042,39.6512,34.7765,-0.8805,5548.6784,NA,NA,NA
valheim.exe,8100,0x147123C9510,DXGI,1,0,0,Hardware: Independent Flip,5559.7887,31.5369,31.3328,0.2041,30.5547,28.0995,27.9945,0.1050,63.3174,6.9354,-23.6662,5559.7887,NA,NA,NA
valheim.exe,8100,0x147123C9510,DXGI,1,0,0,Hardware: Independent Flip,5591.3256,8.9926,8.8137,0.1789,27.1173,2.0699,1.9578,0.1121,38.7159,6.9661,24.6015,5591.3256,NA,NA,NA
valheim.exe,8100,0x147123C9510,DXGI,1,0,0,Hardware: Independent Flip,5600.3182,9.9911,9.8223,0.1688,20.1946,13.7572,12.9626,0.7946,36.6894,34.7376,2.0265,5600.3182,NA,NA,NA
valheim.exe,8100,0x147123C9510,DXGI,1,0,0,Hardware: Independent Flip,5610.3093,31.6784,31.4155,0.2629,23.9607,32.0018,27.4830,4.5188,61.4359,13.8956,-24.7465,5610.3093,NA,NA,NA
valheim.exe,8100,0x147123C9510,DXGI,1,0,0,Hardware: Independent Flip,5641.9877,4.7575,4.5290,0.2285,24.2841,12.7235,12.6675,0.0560,43.6531,6.9100,17.7828,5641.9877,NA,NA,NA
valheim.exe,8100,0x147123C9510,DXGI,1,0,0,Hardware: Independent Flip,5646.7452,10.2880,10.0871,0.2009,32.3386,7.7616,7.5888,0.1728,45.8056,13.9510,-2.1525,5646.7452,NA,NA,NA
valheim.exe,8100,0x147123C9510,DXGI,1,0,0,Hardware: Independent Flip,5657.0332,34.3162,34.1111,0.2051,33.3553,14.9961,14.9165,0.0796,49.4686,13.9075,-3.6630,5657.0332,NA,NA,NA
valheim.exe,8100,0x147123C9510,DXGI,1,0,0,Hardware: Independent Flip,5691.3494,13.1524,12.9035,0.2489,14.0352,13.8608,13.8295,0.0313,29.0599,27.7750,20.4087,5691.3494,NA,NA,NA
valheim.exe,8100,0x147123C9510,DXGI,1,0,0,Hardware: Independent Flip,5704.5018,18.1885,17.9045,0.2840,14.7436,27.0035,26.9546,0.0489,43.6825,20.8356,-14.6226,5704.5018,NA,NA,NA
valheim.exe,8100,0x147123C9510,DXGI,1,0,0,Hardware: Independent Flip,5722.6903,10.7973,10.6063,0.1910,23.5586,17.6606,17.6606,0.0000,46.3296,13.8982,-2.6471,5722.6903,NA,NA,NA
valheim.exe,8100,0x147123C9510,DXGI,1,0,0,Hardware: Independent Flip,5733.4876,14.9894,14.7495,0.2399,30.4219,15.8044,15.7740,0.0304,49.4305,13.9309,-3.1009,5733.4876,NA,NA,NA
valheim.exe,8100,0x147123C9510,DXGI,1,0,0,Hardware: Independent Flip,5748.4770,12.9878,12.8289,0.1589,31.2369,14.6695,14.6695,0.0000,48.3720,6.9243,1.0585,5748.4770,NA,NA,NA
valheim.exe,8100,0x147123C9510,DXGI,1,0,0,Hardware: Independent Flip,5761.4648,19.8332,19.6588,0.1744,32.9712,0.2807,0.2716,0.0091,42.3085,20.8461,6.0635,5761.4648,NA,NA,NA
valheim.exe,8100,0x147123C9510,DXGI,1,0,0,Hardware: Independent Flip,5781.2980,14.1892,14.0281,0.1611,13.4338,29.0358,29.0358,0.0000,43.3214,20.8608,-1.0129,5781.2980,NA,NA,NA
valheim.exe,8100,0x147123C9510,DXGI,1,0,0,Hardware: Independent Flip,5795.4872,10.2061,10.0718,0.1343,28.3398,14.8077,14.8077,0.0000,49.9930,7.0005,-6.6716,5795.4872,NA,NA,NA
valheim.exe,8100,0x147123C9510,DXGI,1,0,0,Hardware: Independent Flip,5805.6933,9.9123,9.7539,0.1584,32.9414,12.6958,12.6652,0.0306,46.7874,6.9293,3.2056,5805.6933,NA,NA,NA
valheim.exe,8100,0x147123C9510,DXGI,1,0,0,Hardware: Independent Flip,5815.6056,19.2351,19.0997,0.1354,35.7249,3.1668,3.0950,0.0718,43.8044,34.7332,2.9830,5815.6056,NA,NA,NA
valheim.exe,8100,0x147123C9510,DXGI,1,0,0,Hardware: Independent Flip,5834.8407,26.3748,26.1016,0.2732,24.6171,28.8370,28.6388,0.1982,59.3025,13.9629,-15.4981,5834.8407,NA,NA,NA
valheim.exe,8100,0x147123C9510,DXGI,1,0,0,Hardware: Independent Flip,5861.2155,9.4907,9.2699,0.2208,27.2026,14.3958,14.3958,0.0000,46.8906,6.9173,12.4119,5861.2155,NA,NA,NA
valheim.exe,8100,0x147123C9510,DXGI,1,0,0,Hardware: Independent Flip,5870.7062,12.6086,12.3721,0.2365,32.1077,5.3782,5.2229,0.1553,44.3172,27.7797,2.5734,5870.7062,NA,NA,NA
valheim.exe,8100,0x147123C9510,DXGI,1,0,0,Hardware: Independent Flip,5883.3148,32.4093,32.0697,0.3396,31.0269,28.3065,28.2848,0.0217,59.4883,20.8538,-15.1711,5883.3148,NA,NA,NA
valheim.exe,8100,0x147123C9510,DXGI,1,0,0,Hardware: Independent Flip,5915.7241,10.7178,10.4946,0.2232,26.9241,16.3602,16.3602,0.0000,47.9328,13.9169,11.5555,5915.7241,NA,NA,NA
valheim.exe,8100,0x147123C9510,DXGI,1,0,0,Hardware: Independent Flip,5926.4419,9.3807,9.2094,0.1713,32.5665,14.5459,14.5459,0.0000,51.1319,6.9320,-3.1991,5926.4419,NA,NA,NA
valheim.exe,8100,0x147123C9510,DXGI,1,0,0,Hardware: Independent Flip,5935.8226,19.9388,19.7053,0.2335,37.7317,2.7403,2.7021,0.0382,48.6832,20.8430,2.4487,5935.8226,NA,NA,NA
valheim.exe,8100,0x147123C9510,DXGI,1,0,0,Hardware: Independent Flip,5955.7614,19.6672,19.4631,0.2041,20.5520,26.4241,26.4241,0.0000,49.5874,13.9109,-0.9042,5955.7614,NA,NA,NA
valheim.exe,8100,0x147123C9510,DXGI,1,0,0,Hardware: Independent Flip,5975.4286,10.0234,9.8794,0.1440,27.3089,15.2022,15.2022,0.0000,43.8311,13.9101,5.7563,5975.4286,NA,NA,NA
valheim.exe,8100,0x147123C9510,DXGI,1,0,0,Hardware: Independent Flip,5985.4520,9.8836,9.7437,0.1399,32.4877,12.6540,12.6540,0.0000,47.7178,13.8988,-3.8867,5985.4520,NA,NA,NA
valheim.exe,8100,0x147123C9510,DXGI,1,0,0,Hardware: Independent Flip,5995.3356,19.5646,19.4303,0.1343,35.2581,15.3279,15.3055,0.0224,51.7330,13.8958,-4.0152,5995.3356,NA,NA,NA
valheim.exe,8100,0x147123C9510,DXGI,1,0,0,Hardware: Independent Flip,6014.9002,12.5882,12.4494,0.1388,31.0214,14.6285,14.6285,0.0000,46.0642,20.8573,5.6688,6014.9002,NA,NA,NA
valheim.exe,8100,0x147123C9510,DXGI,1,0,0,Hardware: Independent Flip,6027.4884,18.0967,17.8694,0.2273,33.1297,14.4288,14.4064,0.0224,54.3333,13.9454,-8.2691,6027.4884,NA,NA,NA
valheim.exe,8100,0x147123C9510,DXGI,1,0,0,Hardware: Independent Flip,6045.5851,14.7762,14.5719,0.2043,29.4618,14.4881,14.4561,0.0320,50.1820,6.9161,4.1513,6045.5851,NA,NA,NA
valheim.exe,8100,0x147123C9510,DXGI,1,0,0,Hardware: Independent Flip,6060.3613,10.8354,10.6730,0.1624,29.1737,3.5185,3.4765,0.0420,42.3219,6.9499,7.8601,6060.3613,NA,NA,NA
valheim.exe,8100,0x147123C9510,DXGI,1,0,0,Hardware: Independent Flip,6071.1967,23.4046,23.2278,0.1768,22.2285,12.9298,12.7835,0.1463,38.4364,27.8017,3.8855,6071.1967,NA,NA,NA
valheim.exe,8100,0x147123C9510,DXGI,1,0,0,Hardware: Independent Flip,6094.6013,15.0503,14.8058,0.2445,11.8202,26.3774,26.2140,0.1634,42.8335,13.8938,-4.3971,6094.6013,NA,NA,NA
valheim.exe,8100,0x147123C9510,DXGI,1,0,0,Hardware: Independent Flip,6109.6516,10.2109,9.9967,0.2142,23.2337,13.5500,13.5500,0.0000,41.6770,13.9408,1.1565,6109.6516,NA,NA,NA
valheim.exe,8100,0x147123C9510,DXGI,1,0,0,Hardware: Independent Flip,6119.8625,6.2400,6.0729,0.1671,26.5728,15.9118,15.9118,0.0000,45.4069,6.9357,-3.7299,6119.8625,NA,NA,NA
valheim.exe,8100,0x147123C9510,DXGI,1,0,0,Hardware: Independent Flip,6126.1025,25.0319,24.8842,0.1477,36.3045,2.3925,2.2819,0.1106,46.1026,27.7927,-0.6957,6126.1025,NA,NA,NA
valheim.exe,8100,0x147123C9510,DXGI,1,0,0,Hardware: Independent Flip,6151.1344,16.9540,16.7500,0.2040,15.4272,26.8123,26.7551,0.0572,48.8634,13.9860,-2.7608,6151.1344,NA,NA,NA
valheim.exe,8100,0x147123C9510,DXGI,1,0,0,Hardware: Independent Flip,6168.0884,12.1488,11.9223,0.2265,25.3692,15.6782,15.6542,0.0240,45.8954,6.9078,2.9680,6168.0884,NA,NA,NA
valheim.exe,8100,0x147123C9510,DXGI,1,0,0,Hardware: Independent Flip,6180.2372,8.7249,8.5379,0.1870,28.8986,0.5904,0.5102,0.0802,40.6544,6.9160,5.2410,6180.2372,NA,NA,NA
valheim.exe,8100,0x147123C9510,DXGI,1,0,0,Hardware: Independent Flip,6188.9621,25.4114,25.2008,0.2106,20.8030,16.0611,15.1079,0.9532,38.8455,27.7993,1.8089,6188.9621,NA,NA,NA
valheim.exe,8100,0x147123C9510,DXGI,1,0,0,Hardware: Independent Flip,6214.3735,13.9962,13.6882,0.3080,11.5479,27.1159,27.1008,0.0151,41.2334,20.8735,-2.3879,6214.3735,NA,NA,NA
valheim.exe,8100,0x147123C9510,DXGI,1,0,0,Hardware: Independent Flip,6228.3697,9.1845,8.9976,0.1869,24.6676,16.6018,16.5835,0.0183,48.1107,6.9891,-6.8773,6228.3697,NA,NA,NA
valheim.exe,8100,0x147123C9510,DXGI,1,0,0,Hardware: Independent Flip,6237.5542,4.2125,4.0576,0.1549,32.0849,12.8812,12.7966,0.0846,45.9153,6.9410,2.1954,6237.5542,NA,NA,NA
valheim.exe,8100,0x147123C9510,DXGI,1,0,0,Hardware: Independent Flip,6241.7667,28.0964,27.7795,0.3169,40.7536,3.7113,3.6208,0.0905,48.6438,27.7827,-2.7285,6241.7667,NA,NA,NA
valheim.exe,8100,0x147123C9510,DXGI,1,0,0,Hardware: Independent Flip,6269.8631,20.4716,20.2448,0.2268,19.5222,26.7734,26.6983,0.0751,48.3301,13.9486,0.3137,6269.8631,NA,NA,NA
valheim.exe,8100,0x147123C9510,DXGI,1,0,0,Hardware: Independent Flip,6290.3347,7.4214,7.2533,0.1681,25.8240,12.6018,12.5482,0.0536,41.8071,6.9194,6.5230,6290.3347,NA,NA,NA
valheim.exe,8100,0x147123C9510,DXGI,1,0,0,Hardware: Independent Flip,6297.7561,6.9800,6.7938,0.1862,31.0044,2.3363,2.2948,0.0415,41.3051,6.9545,0.5020,6297.7561,NA,NA,NA
valheim.exe,8100,0x147123C9510,DXGI,1,0,0,Hardware: Independent Flip,6304.7361,25.6953,25.4811,0.2142,26.4015,14.3788,14.3276,0.0512,41.2796,27.8063,0.0255,6304.7361,NA,NA,NA
valheim.exe,8100,0x147123C9510,DXGI,1,0,0,Hardware: Independent Flip,6330.4314,19.6828,19.3919,0.2909,15.1767,27.9494,27.9494,0.0000,43.3906,6.9276,-2.1110,6330.4314,NA,NA,NA
valheim.exe,8100,0x147123C9510,DXGI,1,0,0,Hardware: Independent Flip,6350.1142,3.8710,3.6843,0.1867,23.5193,0.3662,0.3517,0.0145,30.6354,13.8808,12.7552,6350.1142,NA,NA,NA
valheim.exe,8100,0x147123C9510,DXGI,1,0,0,Hardware: Independent Flip,6353.9852,11.2553,11.0689,0.1864,20.0799,15.8287,15.8287,0.0000,40.6452,27.8397,-10.0098,6353.9852,NA,NA,NA
valheim.exe,8100,0x147123C9510,DXGI,1,0,0,Hardware: Independent Flip,6365.2405,20.4679,20.3169,0.1510,24.6533,28.9845,28.9845,0.0000,57.2296,13.9555,-16.5844,6365.2405,NA,NA,NA
valheim.exe,8100,0x147123C9510,DXGI,1,0,0,Hardware: Independent Flip,6385.7084,9.7016,9.5030,0.1986,33.1699,14.4235,14.3979,0.0256,50.7172,6.8873,6.5124,6385.7084,NA,NA,NA
valheim.exe,8100,0x147123C9510,DXGI,1,0,0,Hardware: Independent Flip,6395.4100,10.1011,9.9610,0.1401,37.8918,0.7066,0.5674,0.1392,47.9029,20.8712,2.8143,6395.4100,NA,NA,NA
valheim.exe,8100,0x147123C9510,DXGI,1,0,0,Hardware: Independent Flip,6405.5111,33.2937,32.9863,0.3074,28.4973,28.1179,27.6432,0.4747,58.6730,34.7891,-10.7701,6405.5111,NA,NA,NA
valheim.exe,8100,0x147123C9510,DXGI,1,0,0,Hardware: Independent Flip,6438.8048,8.6488,8.4524,0.1964,23.3929,29.8829,29.8829,0.0000,60.1684,6.9844,-1.4954,6438.8048,NA,NA,NA
valheim.exe,8100,0x147123C9510,DXGI,1,0,0,Hardware: Independent Flip,6447.4536,11.6839,11.5133,0.1706,44.6270,2.1512,2.0935,0.0577,58.5040,6.8836,1.6644,6447.4536,NA,NA,NA
valheim.exe,8100,0x147123C9510,DXGI,1,0,0,Hardware: Independent Flip,6459.1375,19.5961,19.3352,0.2609,39.8876,2.4319,2.3332,0.0987,53.7037,34.7120,4.8003,6459.1375,NA,57.7802,NA
valheim.exe,8100,0x147123C9510,DXGI,1,0,0,Hardware: Independent Flip,6478.7336,37.3656,37.1502,0.2154,36.3999,27.4578,27.3362,0.1216,68.8196,14.0294,-15.1159,6478.7336,NA,NA,NA
valheim.exe,8100,0x147123C9510,DXGI,1,0,0,Hardware: Independent Flip,6516.0992,5.9508,5.8128,0.1380,26.4921,12.7861,12.7861,0.0000,45.4834,6.8625,23.3362,6516.0992,NA,NA,NA
valheim.exe,8100,0x147123C9510,DXGI,1,0,0,Hardware: Independent Flip,6522.0500,5.4352,5.1875,0.2477,33.4398,3.0718,3.0352,0.0366,46.3951,27.7950,-0.9117,6522.0500,NA,NA,NA
valheim.exe,8100,0x147123C9510,DXGI,1,0,0,Hardware: Independent Flip,6527.4852,39.6144,39.3378,0.2766,31.0764,35.9158,31.0012,4.9146,68.7549,20.8685,-22.3598,6527.4852,NA,NA,NA
valheim.exe,8100,0x147123C9510,DXGI,1,0,0,Hardware: Independent Flip,6567.0996,8.0723,7.8970,0.1753,27.4335,18.2875,18.2875,0.0000,50.0090,13.9162,18.7459,6567.0996,NA,NA,NA
valheim.exe,8100,0x147123C9510,DXGI,1,0,0,Hardware: Independent Flip,6575.1719,10.5932,10.4547,0.1385,37.6487,16.1070,16.0390,0.0680,55.8529,6.9765,-5.8439,6575.1719,NA,NA,NA
valheim.exe,8100,0x147123C9510,DXGI,1,0,0,Hardware: Independent Flip,6585.7651,25.6596,25.3317,0.3279,43.1625,3.2394,3.1243,0.1151,52.2362,27.7281,3.6167,6585.7651,NA,NA,NA
valheim.exe,8100,0x147123C9510,DXGI,1,0,0,Hardware: Independent Flip,6611.4247,20.1365,19.8490,0.2875,20.9473,31.5898,31.5645,0.0253,54.3047,13.9592,-2.0685,6611.4247,NA,40.6916,NA
valheim.exe,8100,0x147123C9510,DXGI,1,0,0,Hardware: Independent Flip,6631.5612,13.6547,13.4720,0.1827,32.4006,13.0433,12.9982,0.0451,48.1274,20.9111,6.1773,6631.5612,NA,NA,NA
valheim.exe,8100,0x147123C9510,DXGI,1,0,0,Hardware: Independent Flip,6645.2159,9.1563,9.0201,0.1362,31.7892,19.3369,19.2261,0.1108,55.3838,13.8402,-7.2564,6645.2159,NA,NA,NA
valheim.exe,8100,0x147123C9510,DXGI,1,0,0,Hardware: Independent Flip,6654.3722,26.7939,26.5046,0.2893,41.9698,14.4587,14.4299,0.0288,60.0677,6.9541,-4.6839,6654.3722,NA,45.3536,NA
valheim.exe,8100,0x147123C9510,DXGI,1,0,0,Hardware: Independent Flip,6681.1661,10.8068,10.6024,0.2044,29.6346,3.1150,2.9954,0.1196,40.2279,20.8271,19.8398,6681.1661,NA,NA,NA
valheim.exe,8100,0x147123C9510,DXGI,1,0,0,Hardware: Independent Flip,6691.9729,24.8418,24.6755,0.1663,23.0676,26.3020,26.2733,0.0287,50.2482,13.9018,-10.0203,6691.9729,NA,39.1476,NA
valheim.exe,8100,0x147123C9510,DXGI,1,0,0,Hardware: Independent Flip,6716.8147,12.5262,12.3580,0.1682,24.5278,12.8952,12.8952,0.0000,39.3082,20.8427,10.9400,6716.8147,NA,NA,NA
valheim.exe,8100,0x147123C9510,DXGI,1,0,0,Hardware: Independent Flip,6729.3409,9.9602,9.7685,0.1917,24.8968,19.0551,19.0551,0.0000,47.6247,14.0090,-8.3165,6729.3409,NA,NA,NA
valheim.exe,8100,0x147123C9510,DXGI,1,0,0,Hardware: Independent Flip,6739.3011,19.5765,19.2672,0.3093,33.9917,15.6490,15.6490,0.0000,51.6735,6.8675,-4.0488,6739.3011,NA,35.8798,NA
valheim.exe,8100,0x147123C9510,DXGI,1,0,0,Hardware: Independent Flip,6758.8776,9.2175,9.0632,0.1543,30.0642,0.6791,0.5535,0.1256,38.9645,20.8248,12.7090,6758.8776,NA,NA,NA
valheim.exe,8100,0x147123C9510,DXGI,1,0,0,Hardware: Independent Flip,6768.0951,23.7822,23.5190,0.2632,21.5757,27.1961,27.1961,0.0000,50.5718,20.8673,-11.6073,6768.0951,NA,41.6396,NA
valheim.exe,8100,0x147123C9510,DXGI,1,0,0,Hardware: Independent Flip,6791.8773,13.5147,13.2914,0.2233,24.9896,17.0181,17.0181,0.0000,47.6569,13.9743,2.9149,6791.8773,NA,NA,NA
valheim.exe,8100,0x147123C9510,DXGI,1,0,0,Hardware: Independent Flip,6805.3920,6.4552,6.1879,0.2673,28.4930,14.6962,14.6499,0.0463,48.1165,6.9214,-0.4596,6805.3920,NA,NA,NA
valheim.exe,8100,0x147123C9510,DXGI,1,0,0,Hardware: Independent Flip,6811.8472,22.9116,22.6799,0.2317,36.7340,3.2074,3.0903,0.1171,48.5827,6.8947,-0.4662,6811.8472,NA,NA,NA
valheim.exe,8100,0x147123C9510,DXGI,1,0,0,Hardware: Independent Flip,6834.7588,21.2971,21.0753,0.2218,19.3822,13.0940,12.9872,0.1068,32.5658,27.7909,16.0169,6834.7588,NA,16.2440,NA
valheim.exe,8100,0x147123C9510,DXGI,1,0,0,Hardware: Independent Flip,6856.0559,13.5066,13.3315,0.1751,11.1791,27.3858,27.3858,0.0000,39.0596,20.8551,-6.4938,6856.0559,NA,NA,NA
valheim.exe,8100,0x147123C9510,DXGI,1,0,0,Hardware: Independent Flip,6869.5625,9.3730,9.1404,0.2326,25.0583,16.8827,16.8827,0.0000,46.4081,13.9785,-7.3485,6869.5625,NA,NA,NA
valheim.exe,8100,0x147123C9510,DXGI,1,0,0,Hardware: Independent Flip,6878.9355,7.0577,6.8366,0.2211,32.5680,14.8907,14.8556,0.0351,51.0136,6.8963,-4.6055,6878.9355,NA,NA,NA
valheim.exe,8100,0x147123C9510,DXGI,1,0,0,Hardware: Independent Flip,6885.9932,24.3943,24.1837,0.2106,40.4010,2.9331,2.8612,0.0719,50.8522,6.9347,0.1614,6885.9932,NA,41.7681,NA
valheim.exe,8100,0x147123C9510,DXGI,1,0,0,Hardware: Independent Flip,6910.3875,19.8212,19.5813,0.2399,19.0192,13.5124,13.3440,0.1684,33.3926,27.8128,17.4596,6910.3875,NA,44.7239,NA
valheim.exe,8100,0x147123C9510,DXGI,1,0,0,Hardware: Independent Flip,6930.2087,15.0828,14.8626,0.2202,12.7104,26.3892,26.3892,0.0000,41.3842,13.9215,-7.9916,6930.2087,NA,32.4941,NA
valheim.exe,8100,0x147123C9510,DXGI,1,0,0,Hardware: Independent Flip,6945.2915,6.4450,6.3059,0.1391,24.0168,11.8931,11.8931,0.0000,40.2229,13.8963,1.1613,6945.2915,NA,NA,NA
valheim.exe,8100,0x147123C9510,DXGI,1,0,0,Hardware: Independent Flip,6951.7365,7.7359,7.6100,0.1259,29.4649,16.4584,16.4422,0.0162,47.6742,6.9720,-7.4513,6951.7365,NA,NA,NA
valheim.exe,8100,0x147123C9510,DXGI,1,0,0,Hardware: Independent Flip,6959.4724,24.1797,23.9340,0.2457,38.1874,2.7361,2.6865,0.0496,46.9103,20.8232,0.7639,6959.4724,NA,41.3183,NA
valheim.exe,8100,0x147123C9510,DXGI,1,0,0,Hardware: Independent Flip,6983.6521,17.2227,17.0130,0.2097,16.8452,25.7025,25.6664,0.0361,43.5538,27.8394,3.3565,6983.6521,NA,33.1355,NA
valheim.exe,8100,0x147123C9510,DXGI,1,0,0,Hardware: Independent Flip,7000.8748,9.4190,9.2469,0.1721,25.3250,26.3252,26.3252,0.0000,54.1705,6.9639,-10.6167,7000.8748,NA,53.9875,NA
valheim.exe,8100,0x147123C9510,DXGI,1,0,0,Hardware: Independent Flip,7010.2938,9.9672,9.7813,0.1859,42.2312,0.4834,0.4399,0.0435,51.7154,6.9117,2.4551,7010.2938,NA,NA,NA
valheim.exe,8100,0x147123C9510,DXGI,1,0,0,Hardware: Independent Flip,7020.2610,18.0342,17.8461,0.1881,32.7474,2.4463,1.6269,0.8194,48.6599,27.7982,3.0555,7020.2610,NA,48.8337,NA
valheim.exe,8100,0x147123C9510,DXGI,1,0,0,Hardware: Independent Flip,7038.2952,29.5141,29.3595,0.1546,17.1913,35.7214,25.9218,9.7996,58.4239,13.9636,-9.7640,7038.2952,NA,35.6621,NA
valheim.exe,8100,0x147123C9510,DXGI,1,0,0,Hardware: Independent Flip,7067.8093,8.6149,8.3877,0.2272,23.3986,15.7188,15.7188,0.0000,42.8734,6.8920,15.5505,7067.8093,NA,NA,NA
valheim.exe,8100,0x147123C9510,DXGI,1,0,0,Hardware: Independent Flip,7076.4242,5.3758,5.2324,0.1434,30.5025,0.5464,0.4372,0.1092,41.1505,6.9740,1.7229,7076.4242,NA,NA,NA
valheim.exe,8100,0x147123C9510,DXGI,1,0,0,Hardware: Independent Flip,7081.8000,28.2235,28.0282,0.1953,27.4019,13.9584,13.7991,0.1593,42.7487,27.7803,-1.5982,7081.8000,NA,30.4642,NA
valheim.exe,8100,0x147123C9510,DXGI,1,0,0,Hardware: Independent Flip,7110.0235,13.8114,13.5622,0.2492,13.1368,25.7115,25.7115,0.0000,42.3055,13.9367,0.4432,7110.0235,NA,NA,NA
valheim.exe,8100,0x147123C9510,DXGI,1,0,0,Hardware: Independent Flip,7123.8349,7.5636,7.3828,0.1808,25.0369,14.4763,14.4763,0.0000,42.4308,6.9299,-0.1253,7123.8349,NA,NA,NA
valheim.exe,8100,0x147123C9510,DXGI,1,0,0,Hardware: Independent Flip,7131.3985,7.8862,7.7254,0.1608,31.9496,0.6613,0.5970,0.0643,41.7971,6.9473,0.6337,7131.3985,NA,NA,NA
valheim.exe,8100,0x147123C9510,DXGI,1,0,0,Hardware: Independent Flip,7139.2847,25.5887,25.3674,0.2213,24.7620,13.6392,13.5936,0.0456,40.8582,20.8532,0.9389,7139.2847,NA,31.0830,NA
valheim.exe,8100,0x147123C9510,DXGI,1,0,0,Hardware: Independent Flip,7164.8734,13.2015,13.0485,0.1530,12.8905,16.7804,16.7763,0.0041,36.1227,20.8444,4.7355,7164.8734,NA,26.9576,NA
valheim.exe,8100,0x147123C9510,DXGI,1,0,0,Hardware: Independent Flip,7178.0749,7.1978,7.0540,0.1438,16.4694,25.3765,25.3485,0.0280,43.7656,13.9458,-7.6429,7178.0749,NA,40.8074,NA
valheim.exe,8100,0x147123C9510,DXGI,1,0,0,Hardware: Independent Flip,7185.2727,7.7422,7.5359,0.2063,34.6481,12.0430,12.0229,0.0201,50.5136,6.9203,-6.7480,7185.2727,NA,NA,NA
valheim.exe,8100,0x147123C9510,DXGI,1,0,0,Hardware: Independent Flip,7193.0149,19.9891,19.7583,0.2308,38.9489,2.1714,2.0360,0.1354,49.6917,6.9269,0.8219,7193.0149,NA,41.6840,NA
valheim.exe,8100,0x147123C9510,DXGI,1,0,0,Hardware: Independent Flip,7213.0040,22.1505,21.9248,0.2257,21.1629,14.5843,14.5387,0.0456,36.6295,27.8107,13.0622,7213.0040,NA,29.5997,NA
valheim.exe,8100,0x147123C9510,DXGI,1,0,0,Hardware: Independent Flip,7235.1545,15.0198,14.7765,0.2433,13.6926,23.5707,23.5707,0.0000,42.2897,13.9185,-5.6602,7235.1545,NA,31.3683,NA
valheim.exe,8100,0x147123C9510,DXGI,1,0,0,Hardware: Independent Flip,7250.1743,9.6910,9.4052,0.2858,22.2435,16.6540,16.6540,0.0000,41.1884,6.9658,1.1013,7250.1743,NA,36.3231,NA
valheim.exe,8100,0x147123C9510,DXGI,1,0,0,Hardware: Independent Flip,7259.8653,7.6095,7.3924,0.2171,29.2065,3.0944,3.0055,0.0889,38.4632,13.8898,2.7252,7259.8653,NA,NA,NA
valheim.exe,8100,0x147123C9510,DXGI,1,0,0,Hardware: Independent Flip,7267.4748,25.9589,25.7619,0.1970,24.8680,14.6569,14.4462,0.2107,44.7435,27.7954,-6.2803,7267.4748,NA,24.1610,NA
valheim.exe,8100,0x147123C9510,DXGI,1,0,0,Hardware: Independent Flip,7293.4337,18.1857,18.0076,0.1781,17.0093,23.9465,23.8872,0.0593,46.5800,6.9390,-1.8365,7293.4337,NA,31.9204,NA
valheim.exe,8100,0x147123C9510,DXGI,1,0,0,Hardware: Independent Flip,7311.6194,11.3267,11.1874,0.1393,22.7701,12.2224,12.1963,0.0261,35.3333,13.9050,11.2467,7311.6194,NA,30.8559,NA
valheim.exe,8100,0x147123C9510,DXGI,1,0,0,Hardware: Independent Flip,7322.9461,12.0231,11.8917,0.1314,23.7507,8.0011,7.9458,0.0553,37.9116,20.8644,-2.5783,7322.9461,NA,NA,NA
valheim.exe,8100,0x147123C9510,DXGI,1,0,0,Hardware: Independent Flip,7334.9692,19.7460,19.5153,0.2307,19.8098,25.1754,25.1588,0.0166,46.7529,13.9135,-8.8413,7334.9692,NA,30.6659,NA
valheim.exe,8100,0x147123C9510,DXGI,1,0,0,Hardware: Independent Flip,7354.7152,9.1714,9.0271,0.1443,25.3033,12.8263,12.8263,0.0000,40.9204,6.9560,5.8325,7354.7152,NA,36.5568,NA
valheim.exe,8100,0x147123C9510,DXGI,1,0,0,Hardware: Independent Flip,7363.8866,7.5748,7.4324,0.1424,28.9582,0.7134,0.5965,0.1169,38.7050,6.9110,2.2154,7363.8866,NA,NA,NA
valheim.exe,8100,0x147123C9510,DXGI,1,0,0,Hardware: Independent Flip,7371.4614,24.6700,24.4235,0.2465,22.1493,15.6707,15.6106,0.0601,38.0412,27.8518,0.6638,7371.4614,NA,16.4578,NA
valheim.exe,8100,0x147123C9510,DXGI,1,0,0,Hardware: Independent Flip,7396.1314,16.1065,15.8718,0.2347,14.5698,25.7362,25.6617,0.0745,41.2230,6.9134,-3.1818,7396.1314,NA,30.3245,NA
valheim.exe,8100,0x147123C9510,DXGI,1,0,0,Hardware: Independent Flip,7412.2379,10.2451,10.0265,0.2186,24.1995,2.6250,2.5641,0.0609,32.0299,20.8559,9.1931,7412.2379,NA,NA,NA
valheim.exe,8100,0x147123C9510,DXGI,1,0,0,Hardware: Independent Flip,7422.4830,7.0117,6.8401,0.1716,16.5794,23.7491,23.7267,0.0224,42.6407,13.9089,-10.6108,7422.4830,NA,NA,NA
valheim.exe,8100,0x147123C9510,DXGI,1,0,0,Hardware: Independent Flip,7429.4947,21.5235,21.3197,0.2038,33.3168,14.6926,14.6926,0.0000,49.5379,13.9073,-6.8972,7429.4947,NA,32.9132,NA
valheim.exe,8100,0x147123C9510,DXGI,1,0,0,Hardware: Independent Flip,7451.0182,12.8398,12.6865,0.1533,26.4859,14.6621,14.6569,0.0052,41.9217,13.9288,7.6162,7451.0182,NA,NA,NA
valheim.exe,8100,0x147123C9510,DXGI,1,0,0,Hardware: Independent Flip,7463.8580,15.2396,14.8956,0.3440,28.3082,12.8123,12.8123,0.0000,43.0107,13.8695,-1.0890,7463.8580,NA,NA,NA
valheim.exe,8100,0x147123C9510,DXGI,1,0,0,Hardware: Independent Flip,7479.0976,9.8876,9.7462,0.1414,25.9466,15.3811,15.3811,0.0000,41.6406,20.8718,1.3701,7479.0976,NA,44.6238,NA
valheim.exe,8100,0x147123C9510,DXGI,1,0,0,Hardware: Independent Flip,7488.9852,14.8751,14.7192,0.1559,31.5076,14.8568,14.8568,0.0000,52.6248,13.9542,-10.9842,7488.9852,NA,NA,NA
valheim.exe,8100,0x147123C9510,DXGI,1,0,0,Hardware: Independent Flip,7503.8603,16.2530,16.0484,0.2046,31.4893,13.7222,13.7094,0.0128,51.7039,6.9324,0.9209,7503.8603,NA,NA,NA
valheim.exe,8100,0x147123C9510,DXGI,1,0,0,Hardware: Independent Flip,7520.1133,11.3836,11.2231,0.1605,29.0608,0.9923,0.8944,0.0979,42.3833,20.7993,9.3206,7520.1133,NA,NA,NA
valheim.exe,8100,0x147123C9510,DXGI,1,0,0,Hardware: Independent Flip,7531.4969,25.1048,24.8704,0.2344,24.1068,25.9517,25.9098,0.0419,51.7990,13.9261,-9.4157,7531.4969,NA,32.2016,NA
valheim.exe,8100,0x147123C9510,DXGI,1,0,0,Hardware: Independent Flip,7556.6017,11.4817,11.3415,0.1402,24.9537,14.1455,14.0812,0.0643,40.6203,13.8684,11.1787,7556.6017,NA,36.1449,NA
valheim.exe,8100,0x147123C9510,DXGI,1,0,0,Hardware: Independent Flip,7568.0834,9.7168,9.5869,0.1299,27.6175,12.7748,12.7748,0.0000,43.0070,13.9241,-2.3867,7568.0834,NA,NA,NA
valheim.exe,8100,0x147123C9510,DXGI,1,0,0,Hardware: Independent Flip,7577.8002,17.8023,17.6257,0.1766,30.7265,15.4488,15.4488,0.0000,47.2143,13.9004,-4.2073,7577.8002,NA,44.9904,NA
valheim.exe,8100,0x147123C9510,DXGI,1,0,0,Hardware: Independent Flip,7595.6025,11.9513,11.8134,0.1379,28.4482,14.6581,14.6581,0.0000,43.3124,20.8513,3.9019,7595.6025,NA,42.8296,NA
valheim.exe,8100,0x147123C9510,DXGI,1,0,0,Hardware: Independent Flip,7607.5538,14.0182,13.8510,0.1672,31.2064,14.1245,14.1245,0.0000,52.2124,13.9728,-8.9000,7607.5538,NA,48.7213,NA
valheim.exe,8100,0x147123C9510,DXGI,1,0,0,Hardware: Independent Flip,7621.5720,15.1224,14.9554,0.1670,31.3746,14.7563,14.7037,0.0526,52.1670,6.9012,0.0454,7621.5720,NA,48.6940,NA
valheim.exe,8100,0x147123C9510,DXGI,1,0,0,Hardware: Independent Flip,7636.6944,14.1215,13.9477,0.1738,31.1163,3.6971,3.6086,0.0885,43.9458,6.9457,8.2212,7636.6944,NA,40.6083,NA
valheim.exe,8100,0x147123C9510,DXGI,1,0,0,Hardware: Independent Flip,7650.8159,24.5851,24.3850,0.2001,23.7016,12.6408,12.4997,0.1411,36.7700,27.7566,7.1758,7650.8159,NA,13.5528,NA
valheim.exe,8100,0x147123C9510,DXGI,1,0,0,Hardware: Independent Flip,7675.4010,14.9192,14.6904,0.2288,11.7573,26.7247,26.7247,0.0000,39.9415,13.9371,-3.1715,7675.4010,NA,29.2849,NA
valheim.exe,8100,0x147123C9510,DXGI,1,0,0,Hardware: Independent Flip,7690.3202,9.1619,9.0186,0.1433,23.5628,14.6149,14.5971,0.0178,38.9594,13.8736,0.9821,7690.3202,NA,32.2433,NA
valheim.exe,8100,0x147123C9510,DXGI,1,0,0,Hardware: Independent Flip,7699.4821,6.7300,6.5851,0.1449,29.0805,14.4430,14.4291,0.0139,43.6711,20.9253,-4.7117,7699.4821,NA,NA,NA
valheim.exe,8100,0x147123C9510,DXGI,1,0,0,Hardware: Independent Flip,7706.2121,20.7963,20.6313,0.1650,36.7935,14.9141,14.9141,0.0000,57.8664,6.9106,-14.1953,7706.2121,NA,48.0487,NA
valheim.exe,8100,0x147123C9510,DXGI,1,0,0,Hardware: Independent Flip,7727.0084,13.3206,13.1579,0.1627,30.9921,2.7269,2.7269,0.0000,43.9807,6.9563,13.8857,7727.0084,NA,40.9623,NA
valheim.exe,8100,0x147123C9510,DXGI,1,0,0,Hardware: Independent Flip,7740.3290,14.8224,14.6741,0.1483,20.4479,15.1025,15.0115,0.0910,37.6164,27.7908,6.3643,7740.3290,NA,34.9168,NA
valheim.exe,8100,0x147123C9510,DXGI,1,0,0,Hardware: Independent Flip,7755.1514,20.3343,20.1072,0.2271,20.7280,25.2037,25.2037,0.0000,50.5848,13.9663,-12.9684,7755.1514,NA,33.6902,NA
valheim.exe,8100,0x147123C9510,DXGI,1,0,0,Hardware: Independent Flip,7775.4857,6.2594,6.1179,0.1415,25.5974,13.9041,13.8737,0.0304,44.2168,6.8867,6.3680,7775.4857,NA,39.6403,NA
valheim.exe,8100,0x147123C9510,DXGI,1,0,0,Hardware: Independent Flip,7781.7451,7.0308,6.8752,0.1556,33.2421,2.5176,2.4726,0.0450,44.8441,20.8377,-0.6273,7781.7451,NA,NA,NA
valheim.exe,8100,0x147123C9510,DXGI,1,0,0,Hardware: Independent Flip,7788.7759,30.4070,30.2165,0.1905,29.0754,27.0927,27.0378,0.0549,58.6510,13.9677,-13.8069,7788.7759,NA,42.3616,NA
valheim.exe,8100,0x147123C9510,DXGI,1,0,0,Hardware: Independent Flip,7819.1829,8.5844,8.4361,0.1483,25.8225,14.4418,14.4418,0.0000,42.2117,6.9308,16.4393,7819.1829,NA,34.3635,NA
valheim.exe,8100,0x147123C9510,DXGI,1,0,0,Hardware: Independent Flip,7827.7673,10.0490,9.9133,0.1357,31.7842,3.7136,3.5921,0.1215,40.5581,20.8386,1.6536,7827.7673,NA,NA,NA
valheim.exe,8100,0x147123C9510,DXGI,1,0,0,Hardware: Independent Flip,7837.8163,25.2530,25.0891,0.1639,25.4488,25.6318,25.5819,0.0499,51.3477,20.8498,-10.7896,7837.8163,NA,28.0763,NA
valheim.exe,8100,0x147123C9510,DXGI,1,0,0,Hardware: Independent Flip,7863.0693,11.0197,10.8497,0.1700,25.8917,16.7733,16.7733,0.0000,46.9445,13.9065,4.4032,7863.0693,NA,37.9759,NA
valheim.exe,8100,0x147123C9510,DXGI,1,0,0,Hardware: Independent Flip,7874.0890,10.9727,10.7864,0.1863,31.6453,15.0601,15.0601,0.0000,49.8313,6.9468,-2.8868,7874.0890,NA,NA,NA
valheim.exe,8100,0x147123C9510,DXGI,1,0,0,Hardware: Independent Flip,7885.0617,21.2172,21.0434,0.1738,35.7327,2.9950,2.8762,0.1188,45.8054,6.9382,4.0259,7885.0617,NA,39.8392,NA
valheim.exe,8100,0x147123C9510,DXGI,1,0,0,Hardware: Independent Flip,7906.2789,18.6584,18.4433,0.2151,17.5506,13.5916,13.5647,0.0269,31.5264,34.7763,14.2790,7906.2789,NA,13.7775,NA
valheim.exe,8100,0x147123C9510,DXGI,1,0,0,Hardware: Independent Flip,7924.9373,13.5470,13.2817,0.2653,12.4838,28.0938,28.0938,0.0000,47.6443,13.9430,-16.1179,7924.9373,NA,36.5268,NA
valheim.exe,8100,0x147123C9510,DXGI,1,0,0,Hardware: Independent Flip,7938.4843,8.4872,8.3024,0.1848,27.1313,15.2038,15.0668,0.1370,48.0403,6.9035,-0.3960,7938.4843,NA,41.4665,NA
valheim.exe,8100,0x147123C9510,DXGI,1,0,0,Hardware: Independent Flip,7946.9715,8.4483,8.3097,0.1386,33.8479,2.9405,2.7925,0.1480,46.4566,27.8009,1.5837,7946.9715,NA,NA,NA
valheim.exe,8100,0x147123C9510,DXGI,1,0,0,Hardware: Independent Flip,7955.4198,31.3659,31.1710,0.1949,29.8014,30.4152,30.3158,0.0994,65.8092,13.8998,-19.3526,7955.4198,NA,49.1906,NA
valheim.exe,8100,0x147123C9510,DXGI,1,0,0,Hardware: Independent Flip,7986.7857,11.1188,10.9389,0.1799,28.8507,16.6542,16.6542,0.0000,48.3431,14.0067,17.4661,7986.7857,NA,38.0920,NA
valheim.exe,8100,0x147123C9510,DXGI,1,0,0,Hardware: Independent Flip,7997.9045,7.5064,7.3546,0.1518,34.3861,13.5861,13.5246,0.0615,51.2310,6.8522,-2.8879,7997.9045,NA,NA,NA
valheim.exe,8100,0x147123C9510,DXGI,1,0,0,Hardware: Independent Flip,8005.4109,28.3311,28.1635,0.1676,40.4658,2.5885,2.5373,0.0512,50.5768,27.8160,0.6542,8005.4109,NA,NA,NA
valheim.exe,8100,0x147123C9510,DXGI,1,0,0,Hardware: Independent Flip,8033.7420,17.5661,17.3932,0.1729,14.7734,29.9265,29.8916,0.0349,50.0617,6.9275,0.5151,8033.7420,NA,33.7661,NA
valheim.exe,8100,0x147123C9510,DXGI,1,0,0,Hardware: Independent Flip,8051.3081,10.2670,10.1274,0.1396,27.1338,4.0128,3.9571,0.0557,39.4231,13.9255,10.6386,8051.3081,NA,31.6501,NA
valheim.exe,8100,0x147123C9510,DXGI,1,0,0,Hardware: Independent Flip,8061.5751,8.0670,7.9029,0.1641,20.8796,16.2640,16.1687,0.0953,43.0816,27.8557,-3.6585,8061.5751,NA,NA,NA
valheim.exe,8100,0x147123C9510,DXGI,1,0,0,Hardware: Independent Flip,8069.6421,29.4507,28.9422,0.5085,29.0766,28.3851,28.3234,0.0617,62.8703,6.9137,-19.7887,8069.6421,NA,51.4623,NA
valheim.exe,8100,0x147123C9510,DXGI,1,0,0,Hardware: Independent Flip,8099.0928,8.1887,7.9768,0.2119,28.0110,3.2067,3.1274,0.0793,40.3333,6.9333,22.5370,8099.0928,NA,NA,NA
valheim.exe,8100,0x147123C9510,DXGI,1,0,0,Hardware: Independent Flip,8107.2815,10.8510,10.6862,0.1648,23.0290,13.8906,13.7668,0.1238,39.0779,27.8010,1.2554,8107.2815,NA,NA,NA
valheim.exe,8100,0x147123C9510,DXGI,1,0,0,Hardware: Independent Flip,8118.1325,27.9892,27.7562,0.2330,26.0686,28.0155,27.9691,0.0464,56.0279,20.8450,-16.9500,8118.1325,NA,NA,NA
valheim.exe,8100,0x147123C9510,DXGI,1,0,0,Hardware: Independent Flip,8146.1217,9.3174,9.1036,0.2138,26.1572,16.6954,16.6954,0.0000,48.8837,13.9688,7.1442,8146.1217,NA,NA,NA
valheim.exe,8100,0x147123C9510,DXGI,1,0,0,Hardware: Independent Flip,8155.4391,7.4915,7.3344,0.1571,33.6117,13.6607,13.6607,0.0000,53.5351,6.9346,-4.6514,8155.4391,NA,NA,NA
valheim.exe,8100,0x147123C9510,DXGI,1,0,0,Hardware: Independent Flip,8162.9306,24.9998,24.7817,0.2181,39.7809,3.1824,3.1169,0.0655,52.9782,13.8825,0.5569,8162.9306,NA,NA,NA
valheim.exe,8100,0x147123C9510,DXGI,1,0,0,Hardware: Independent Flip,8187.9304,21.1459,20.9236,0.2223,19.6701,15.4135,15.2406,0.1729,41.8609,27.7975,11.1173,8187.9304,NA,NA,NA
valheim.exe,8100,0x147123C9510,DXGI,1,0,0,Hardware: Independent Flip,8209.0763,15.0568,14.8205,0.2363,13.9377,28.5860,28.5333,0.0527,48.5125,13.9393,-6.6516,8209.0763,NA,NA,NA
valheim.exe,8100,0x147123C9510,DXGI,1,0,0,Hardware: Independent Flip,8224.1331,8.2876,8.0940,0.1936,27.4669,13.1941,13.1700,0.0241,47.3950,6.9179,1.1175,8224.1331,NA,NA,NA
valheim.exe,8100,0x147123C9510,DXGI,1,0,0,Hardware: Independent Flip,8232.4207,10.3731,10.2031,0.1700,32.5052,6.0801,5.8882,0.1919,46.0253,27.8009,1.3697,8232.4207,NA,NA,NA
valheim.exe,8100,0x147123C9510,DXGI,1,0,0,Hardware: Independent Flip,8242.7938,31.3107,31.0946,0.2161,29.8903,29.3938,29.3164,0.0774,63.4531,13.9629,-17.4278,8242.7938,NA,NA,NA
valheim.exe,8100,0x147123C9510,DXGI,1,0,0,Hardware: Independent Flip,8274.1045,9.9822,9.7448,0.2374,27.9734,14.8272,14.8272,0.0000,46.1053,6.9165,17.3478,8274.1045,NA,NA,NA
valheim.exe,8100,0x147123C9510,DXGI,1,0,0,Hardware: Independent Flip,8284.0867,9.2116,9.0517,0.1599,32.9029,0.6741,0.6089,0.0652,43.0396,27.7609,3.0657,8284.0867,NA,NA,NA
valheim.exe,8100,0x147123C9510,DXGI,1,0,0,Hardware: Independent Flip,8293.2983,31.0013,30.8203,0.1810,24.3879,32.3515,28.6299,3.7216,61.5889,13.9240,-18.5493,8293.2983,NA,NA,NA
valheim.exe,8100,0x147123C9510,DXGI,1,0,0,Hardware: Independent Flip,8324.2996,8.2869,8.0859,0.2010,25.7381,16.6615,16.6326,0.0289,44.5116,6.9362,17.0773,8324.2996,NA,NA,NA
valheim.exe,8100,0x147123C9510,DXGI,1,0,0,Hardware: Independent Flip,8332.5865,10.2389,10.0855,0.1534,34.1127,3.3586,3.2624,0.0962,43.1609,27.7926,1.3507,8332.5865,NA,NA,NA
valheim.exe,8100,0x147123C9510,DXGI,1,0,0,Hardware: Independent Flip,8342.8254,28.7924,28.5964,0.1960,27.5218,28.5746,28.4570,0.1176,60.7146,14.0413,-17.5537,8342.8254,NA,NA,NA
valheim.exe,8100,0x147123C9510,DXGI,1,0,0,Hardware: Independent Flip,8371.6178,11.9974,11.8192,0.1782,27.3040,13.6606,13.5644,0.0962,45.9635,6.8249,14.7511,8371.6178,NA,NA,NA
valheim.exe,8100,0x147123C9510,DXGI,1,0,0,Hardware: Independent Flip,8383.6152,9.1491,9.0203,0.1288,28.9672,2.2366,2.2127,0.0239,40.7910,27.8140,5.1725,8383.6152,NA,NA,NA
valheim.exe,8100,0x147123C9510,DXGI,1,0,0,Hardware: Independent Flip,8392.7643,27.5722,27.3755,0.1967,22.0875,30.2921,28.9624,1.3297,59.4559,13.9437,-18.6649,8392.7643,NA,NA,NA
valheim.exe,8100,0x147123C9510,DXGI,1,0,0,Hardware: Independent Flip,8420.3365,8.2985,8.1063,0.1922,24.9082,17.3542,17.3542,0.0000,45.8274,6.9484,13.6285,8420.3365,NA,NA,NA
valheim.exe,8100,0x147123C9510,DXGI,1,0,0,Hardware: Independent Flip,8428.6350,10.3590,10.1445,0.2145,33.9639,3.2352,3.0964,0.1388,44.4773,27.7862,1.3501,8428.6350,NA,NA,NA
valheim.exe,8100,0x147123C9510,DXGI,1,0,0,Hardware: Independent Flip,8438.9940,31.0290,30.8510,0.1780,29.9367,27.9704,27.8656,0.1048,61.9045,6.9284,-17.4272,8438.9940,NA,NA,NA
valheim.exe,8100,0x147123C9510,DXGI,1,0,0,Hardware: Independent Flip,8470.0230,9.1303,8.9414,0.1889,26.8781,2.4511,2.4149,0.0362,37.8039,6.9367,24.1006,8470.0230,NA,NA,NA
valheim.exe,8100,0x147123C9510,DXGI,1,0,0,Hardware: Independent Flip,8479.1533,6.4342,6.2960,0.1382,20.2145,12.9243,12.8273,0.0970,35.6103,27.7925,2.1936,8479.1533,NA,NA,NA
valheim.exe,8100,0x147123C9510,DXGI,1,0,0,Hardware: Independent Flip,8485.5875,27.4325,27.2923,0.1402,26.7639,29.0882,29.0694,0.0188,56.9686,13.8930,-21.3583,8485.5875,NA,42.9469,NA
valheim.exe,8100,0x147123C9510,DXGI,1,0,0,Hardware: Independent Flip,8513.0200,7.7863,7.6123,0.1740,28.4196,14.5452,14.5452,0.0000,43.4291,6.9968,13.5395,8513.0200,NA,NA,NA
valheim.exe,8100,0x147123C9510,DXGI,1,0,0,Hardware: Independent Flip,8520.8063,6.6353,6.4749,0.1604,35.2770,0.6698,0.5317,0.1381,42.6396,27.7847,0.7895,8520.8063,NA,NA,NA
valheim.exe,8100,0x147123C9510,DXGI,1,0,0,Hardware: Independent Flip,8527.4416,31.8225,31.6391,0.1834,30.0920,27.0621,27.0284,0.0337,63.7890,13.9443,-21.1494,8527.4416,NA,60.3031,NA
valheim.exe,8100,0x147123C9510,DXGI,1,0,0,Hardware: Independent Flip,8559.2641,7.5707,7.4032,0.1675,25.3994,15.7272,15.6944,0.0328,45.9108,6.9782,17.8782,8559.2641,NA,43.1101,NA
valheim.exe,8100,0x147123C9510,DXGI,1,0,0,Hardware: Independent Flip,8566.8348,8.9812,8.8167,0.1645,33.5559,1.1456,1.1129,0.0327,45.3183,20.8095,0.5925,8566.8348,NA,NA,NA
valheim.exe,8100,0x147123C9510,DXGI,1,0,0,Hardware: Independent Flip,8575.8160,30.0072,29.8009,0.2063,25.7203,29.1933,28.8634,0.3299,57.1466,6.9867,-11.8283,8575.8160,NA,39.7208,NA
valheim.exe,8100,0x147123C9510,DXGI,1,0,0,Hardware: Independent Flip,8605.8232,11.2013,10.9380,0.2633,24.9064,4.0862,4.0242,0.0620,34.1261,27.7682,23.0205,8605.8232,NA,NA,NA
valheim.exe,8100,0x147123C9510,DXGI,1,0,0,Hardware: Independent Flip,8617.0245,6.1016,5.9382,0.1634,17.7913,26.5921,26.5637,0.0284,50.6930,13.9181,-16.5669,8617.0245,NA,NA,NA
valheim.exe,8100,0x147123C9510,DXGI,1,0,0,Hardware: Independent Flip,8623.1261,23.8329,23.6520,0.1809,38.2818,15.5636,15.5636,0.0000,58.5095,6.9157,-7.8165,8623.1261,NA,37.5242,NA
valheim.exe,8100,0x147123C9510,DXGI,1,0,0,Hardware: Independent Flip,8646.9590,11.3221,11.1458,0.1763,30.0125,3.0226,2.9609,0.0617,41.5923,20.8446,16.9172,8646.9590,NA,NA,NA
valheim.exe,8100,0x147123C9510,DXGI,1,0,0,Hardware: Independent Flip,8658.2811,26.7165,26.5208,0.1957,25.7033,25.2476,25.1170,0.1306,51.1148,20.8625,-9.5225,8658.2811,NA,26.3448,NA
valheim.exe,8100,0x147123C9510,DXGI,1,0,0,Hardware: Independent Flip,8684.9976,9.8898,9.7190,0.1708,24.2344,16.9334,16.8671,0.0663,45.2608,13.9050,5.8540,8684.9976,NA,38.2240,NA
valheim.exe,8100,0x147123C9510,DXGI,1,0,0,Hardware: Independent Flip,8694.8874,10.4642,10.2938,0.1704,31.2780,16.1066,16.0973,0.0093,49.2760,6.9269,-4.0152,8694.8874,NA,NA,NA
valheim.exe,8100,0x147123C9510,DXGI,1,0,0,Hardware: Independent Flip,8705.3516,19.0128,18.8101,0.2027,36.9204,3.5771,3.4603,0.1168,45.7387,27.8155,3.5373,8705.3516,NA,41.0277,NA
valheim.exe,8100,0x147123C9510,DXGI,1,0,0,Hardware: Independent Flip,8724.3644,22.4443,22.2151,0.2292,21.4847,26.0926,26.0809,0.0117,54.5414,13.9439,-8.8027,8724.3644,NA,33.8393,NA
valheim.exe,8100,0x147123C9510,DXGI,1,0,0,Hardware: Independent Flip,8746.8087,13.0583,12.9167,0.1416,25.1789,18.4992,18.4992,0.0000,46.0410,6.9172,8.5004,8746.8087,NA,33.8254,NA
valheim.exe,8100,0x147123C9510,DXGI,1,0,0,Hardware: Independent Flip,8759.8670,9.1101,8.9766,0.1335,30.6198,2.8026,2.7185,0.0841,39.8999,27.7965,6.1411,8759.8670,NA,NA,NA
valheim.exe,8100,0x147123C9510,DXGI,1,0,0,Hardware: Independent Flip,8768.9771,26.0806,25.8956,0.1850,24.5235,29.3777,29.1762,0.2015,58.5863,13.9608,-18.6864,8768.9771,NA,47.5434,NA
valheim.exe,8100,0x147123C9510,DXGI,1,0,0,Hardware: Independent Flip,8795.0577,11.4734,11.2538,0.2196,27.8206,16.6683,16.6683,0.0000,46.4665,6.9227,12.1198,8795.0577,NA,37.4550,NA
valheim.exe,8100,0x147123C9510,DXGI,1,0,0,Hardware: Independent Flip,8806.5311,13.9034,13.7217,0.1817,33.1422,3.6320,3.5549,0.0771,41.9158,27.7593,4.5507,8806.5311,NA,NA,NA
valheim.exe,8100,0x147123C9510,DXGI,1,0,0,Hardware: Independent Flip,8820.4345,25.5182,25.3301,0.1881,23.5762,29.4134,29.2933,0.1201,55.7717,20.9602,-13.8559,8820.4345,NA,34.1328,NA
valheim.exe,8100,0x147123C9510,DXGI,1,0,0,Hardware: Independent Flip,8845.9527,8.7539,8.5811,0.1728,27.5361,16.8020,16.7645,0.0375,51.2137,6.8547,4.5580,8845.9527,NA,45.1177,NA
valheim.exe,8100,0x147123C9510,DXGI,1,0,0,Hardware: Independent Flip,8854.7066,9.7047,9.5567,0.1480,35.5842,0.4697,0.4013,0.0684,49.3145,6.9330,1.8992,8854.7066,NA,NA,NA
valheim.exe,8100,0x147123C9510,DXGI,1,0,0,Hardware: Independent Flip,8864.4113,28.7680,28.6322,0.1358,27.3461,14.0493,13.9316,0.1177,46.5428,20.8979,2.7717,8864.4113,NA,34.9075,NA
valheim.exe,8100,0x147123C9510,DXGI,1,0,0,Hardware: Independent Flip,8893.1793,19.6356,19.4476,0.1880,12.6274,19.5217,16.0899,3.4318,38.6727,13.8687,7.8701,8893.1793,NA,22.7605,NA
valheim.exe,8100,0x147123C9510,DXGI,1,0,0,Hardware: Independent Flip,8912.8149,13.4409,13.2867,0.1542,12.5135,19.8604,19.8120,0.0484,32.9058,34.7759,5.7669,8912.8149,NA,21.6658,NA
valheim.exe,8100,0x147123C9510,DXGI,1,0,0,Hardware: Independent Flip,8926.2558,18.4625,18.3097,0.1528,18.9330,28.4924,28.4390,0.0534,54.2408,13.9674,-21.3350,8926.2558,NA,39.4341,NA
valheim.exe,8100,0x147123C9510,DXGI,1,0,0,Hardware: Independent Flip,8944.7183,8.1737,7.9325,0.2412,29.0632,16.8000,16.8000,0.0000,49.7457,6.9081,4.4951,8944.7183,NA,44.4409,NA
valheim.exe,8100,0x147123C9510,DXGI,1,0,0,Hardware: Independent Flip,8952.8920,11.1702,11.0350,0.1352,37.6895,0.6118,0.5358,0.0760,48.4801,13.9036,1.2656,8952.8920,NA,NA,NA
valheim.exe,8100,0x147123C9510,DXGI,1,0,0,Hardware: Independent Flip,8964.0622,33.6265,33.4483,0.1782,27.1703,17.9959,15.7324,2.2635,51.2135,27.7421,-2.7334,8964.0622,NA,21.2521,NA
valheim.exe,8100,0x147123C9510,DXGI,1,0,0,Hardware: Independent Flip,8997.6887,14.2620,14.0744,0.1876,11.6379,28.1972,28.1972,0.0000,45.3291,13.9996,5.8844,8997.6887,NA,35.9946,NA
valheim.exe,8100,0x147123C9510,DXGI,1,0,0,Hardware: Independent Flip,9011.9507,11.0381,10.8673,0.1708,25.5731,13.1713,13.1713,0.0000,45.0667,6.9267,0.2624,9011.9507,NA,46.9205,NA
valheim.exe,8100,0x147123C9510,DXGI,1,0,0,Hardware: Independent Flip,9022.9888,10.4994,10.3656,0.1338,27.7063,8.2165,8.1343,0.0822,40.9553,27.7817,4.1114,9022.9888,NA,NA,NA
valheim.exe,8100,0x147123C9510,DXGI,1,0,0,Hardware: Independent Flip,9033.4882,29.3515,29.1461,0.2054,28.5114,26.8093,26.7324,0.0769,58.2376,13.9242,-17.2823,9033.4882,NA,60.4345,NA
valheim.exe,8100,0x147123C9510,DXGI,1,0,0,Hardware: Independent Flip,9062.8397,8.1601,8.0137,0.1464,25.9692,13.9613,13.9613,0.0000,42.8103,13.8813,15.4273,9062.8397,NA,42.8104,NA
valheim.exe,8100,0x147123C9510,DXGI,1,0,0,Hardware: Independent Flip,9070.9998,11.4116,11.2791,0.1325,31.7704,14.4222,14.4222,0.0000,48.5315,13.9122,-5.7212,9070.9998,NA,NA,NA
valheim.exe,8100,0x147123C9510,DXGI,1,0,0,Hardware: Independent Flip,9082.4114,23.3751,23.1821,0.1930,34.7810,13.5113,13.5113,0.0000,51.0321,20.8380,-2.5006,9082.4114,NA,NA,NA
valheim.exe,8100,0x147123C9510,DXGI,1,0,0,Hardware: Independent Flip,9105.7865,12.3330,12.1559,0.1771,24.9172,18.9118,18.8463,0.0655,48.4950,13.9492,2.5371,9105.7865,NA,60.0284,NA
valheim.exe,8100,0x147123C9510,DXGI,1,0,0,Hardware: Independent Flip,9118.1195,14.6499,14.4206,0.2293,31.4960,12.6656,12.6204,0.0452,50.1112,6.9364,-1.6162,9118.1195,NA,NA,NA
valheim.exe,8100,0x147123C9510,DXGI,1,0,0,Hardware: Independent Flip,9132.7694,14.0624,13.9053,0.1571,29.5117,3.1886,3.1886,0.0000,42.3977,6.9219,7.7135,9132.7694,NA,44.0863,NA
valheim.exe,8100,0x147123C9510,DXGI,1,0,0,Hardware: Independent Flip,9146.8318,21.6114,21.4380,0.1734,20.7094,12.9766,12.8109,0.1657,35.2572,27.8087,7.1405,9146.8318,NA,NA,NA
valheim.exe,8100,0x147123C9510,DXGI,1,0,0,Hardware: Independent Flip,9168.4432,14.2424,13.9532,0.2892,12.1396,27.5658,27.5658,0.0000,41.4545,20.8694,-6.1973,9168.4432,NA,48.8117,NA
valheim.exe,8100,0x147123C9510,DXGI,1,0,0,Hardware: Independent Flip,9182.6856,8.3871,8.2221,0.1650,25.4630,15.8435,15.7805,0.0630,48.0815,13.8922,-6.6270,9182.6856,NA,NA,NA
valheim.exe,8100,0x147123C9510,DXGI,1,0,0,Hardware: Independent Flip,9191.0727,11.4854,11.3128,0.1726,32.9194,16.0749,16.0749,0.0000,53.5866,6.9480,-5.5051,9191.0727,NA,NA,NA
valheim.exe,8100,0x147123C9510,DXGI,1,0,0,Hardware: Independent Flip,9202.5581,23.1173,22.9326,0.1847,37.5089,3.3898,3.2749,0.1149,49.0492,13.9021,4.5374,9202.5581,NA,NA,NA
valheim.exe,8100,0x147123C9510,DXGI,1,0,0,Hardware: Independent Flip,9225.6754,20.6890,20.4281,0.2609,18.8397,15.2912,15.1948,0.0964,39.8340,20.8661,9.2152,9225.6754,NA,NA,NA
valheim.exe,8100,0x147123C9510,DXGI,1,0,0,Hardware: Independent Flip,9246.3644,15.1066,14.8840,0.2226,13.4419,25.4576,25.4576,0.0000,40.0111,20.8466,-0.1771,9246.3644,NA,NA,NA
valheim.exe,8100,0x147123C9510,DXGI,1,0,0,Hardware: Independent Flip,9261.4710,9.1354,8.9640,0.1714,23.7929,17.0814,17.0814,0.0000,45.7511,6.9338,-5.7400,9261.4710,NA,NA,NA
valheim.exe,8100,0x147123C9510,DXGI,1,0,0,Hardware: Independent Flip,9270.6064,9.8644,9.7133,0.1511,31.7389,0.5573,0.4637,0.0936,43.5495,6.9270,2.2016,9270.6064,NA,NA,NA
valheim.exe,8100,0x147123C9510,DXGI,1,0,0,Hardware: Independent Flip,9280.4708,24.3171,24.0945,0.2226,22.6251,15.4883,15.4097,0.0786,40.6121,34.7531,2.9374,9280.4708,NA,NA,NA
valheim.exe,8100,0x147123C9510,DXGI,1,0,0,Hardware: Independent Flip,9304.7879,19.2294,19.0512,0.1782,17.7960,27.1372,27.0782,0.0590,51.0481,7.0142,-10.4360,9304.7879,NA,NA,NA
valheim.exe,8100,0x147123C9510,DXGI,1,0,0,Hardware: Independent Flip,9324.0173,8.4038,8.2123,0.1915,25.7038,12.8537,12.8346,0.0191,38.8329,6.9192,12.2152,9324.0173,NA,NA,NA
valheim.exe,8100,0x147123C9510,DXGI,1,0,0,Hardware: Independent Flip,9332.4211,11.7980,11.6435,0.1545,30.2576,3.1022,2.9685,0.1337,37.3483,27.8159,1.4846,9332.4211,NA,NA,NA
valheim.exe,8100,0x147123C9510,DXGI,1,0,0,Hardware: Independent Flip,9344.2191,28.3844,28.1798,0.2046,21.7140,31.3585,28.2653,3.0932,53.3662,20.8537,-16.0179,9344.2191,NA,NA,NA
valheim.exe,8100,0x147123C9510,DXGI,1,0,0,Hardware: Independent Flip,9372.6035,12.5530,12.3739,0.1791,24.7843,17.0575,17.0247,0.0328,45.8355,13.8843,7.5307,9372.6035,NA,NA,NA
valheim.exe,8100,0x147123C9510,DXGI,1,0,0,Hardware: Independent Flip,9385.1565,8.9349,8.7460,0.1889,29.2888,16.0111,15.9568,0.0543,47.1668,6.9504,-1.3313,9385.1565,NA,NA,NA
valheim.exe,8100,0x147123C9510,DXGI,1,0,0,Hardware: Independent Flip,9394.0914,21.1637,20.9688,0.1949,36.3650,4.0974,3.9997,0.0977,45.1823,13.9211,1.9845,9394.0914,NA,NA,NA
valheim.exe,8100,0x147123C9510,DXGI,1,0,0,Hardware: Independent Flip,9415.2551,18.5748,18.3724,0.2024,19.2987,12.3933,12.2789,0.1144,37.9397,27.8336,7.2426,9415.2551,NA,NA,NA
valheim.exe,8100,0x147123C9510,DXGI,1,0,0,Hardware: Independent Flip,9433.8299,14.3331,14.1632,0.1699,13.2340,29.8189,29.8189,0.0000,47.1985,6.9471,-9.2588,9433.8299,NA,NA,NA
valheim.exe,8100,0x147123C9510,DXGI,1,0,0,Hardware: Independent Flip,9448.1630,11.9241,11.6867,0.2374,28.7198,2.5144,2.4537,0.0607,39.8125,6.9237,7.3860,9448.1630,NA,NA,NA
valheim.exe,8100,0x147123C9510,DXGI,1,0,0,Hardware: Independent Flip,9460.0871,11.2744,11.1093,0.1651,19.3101,15.1693,14.9734,0.1959,34.8121,34.7889,5.0004,9460.0871,NA,NA,NA
valheim.exe,8100,0x147123C9510,DXGI,1,0,0,Hardware: Independent Flip,9471.3615,26.3378,26.1092,0.2286,24.1715,27.9207,27.7457,0.1750,58.3266,6.9439,-23.5145,9471.3615,NA,NA,NA
valheim.exe,8100,0x147123C9510,DXGI,1,0,0,Hardware: Independent Flip,9497.6993,12.3286,12.1083,0.2203,25.8434,0.7955,0.7955,0.0000,38.9327,6.9205,19.3939,9497.6993,NA,NA,NA
valheim.exe,8100,0x147123C9510,DXGI,1,0,0,Hardware: Independent Flip,9510.0279,11.8421,11.6451,0.1970,14.3840,16.5462,16.5080,0.0382,33.5246,27.8028,5.4081,9510.0279,NA,NA,NA
valheim.exe,8100,0x147123C9510,DXGI,1,0,0,Hardware: Independent Flip,9521.8700,24.4295,24.2249,0.2046,23.1507,25.5424,25.5084,0.0340,49.4853,20.8218,-15.9607,9521.8700,NA,28.3221,NA
valheim.exe,8100,0x147123C9510,DXGI,1,0,0,Hardware: Independent Flip,9546.2995,10.0894,9.9178,0.1716,24.2636,17.4393,17.4393,0.0000,45.8776,13.9210,3.6077,9546.2995,NA,38.1431,NA
valheim.exe,8100,0x147123C9510,DXGI,1,0,0,Hardware: Independent Flip,9556.3889,11.6574,11.4917,0.1657,31.6135,17.5091,17.4835,0.0256,49.7092,6.9779,-3.8316,9556.3889,NA,NA,NA
valheim.exe,8100,0x147123C9510,DXGI,1,0,0,Hardware: Independent Flip,9568.0463,19.3528,19.1256,0.2272,37.4652,0.7493,0.6299,0.1194,45.0297,13.8889,4.6795,9568.0463,NA,42.0424,NA
valheim.exe,8100,0x147123C9510,DXGI,1,0,0,Hardware: Independent Flip,9587.3991,24.6058,24.4166,0.1892,18.8617,17.8097,17.3788,0.4309,39.5658,27.7927,5.4639,9587.3991,NA,18.8714,NA
valheim.exe,8100,0x147123C9510,DXGI,1,0,0,Hardware: Independent Flip,9612.0049,16.9591,16.7633,0.1958,12.0656,29.8301,28.2608,1.5693,42.7527,20.8479,-3.1869,9612.0049,NA,31.7241,NA
valheim.exe,8100,0x147123C9510,DXGI,1,0,0,Hardware: Independent Flip,9628.9640,14.1252,13.9892,0.1360,24.9802,21.2138,21.2138,0.0000,46.6415,20.9212,-3.8888,9628.9640,NA,34.5718,NA
valheim.exe,8100,0x147123C9510,DXGI,1,0,0,Hardware: Independent Flip,9643.0892,9.2885,9.1489,0.1396,32.1509,14.3149,14.2920,0.0229,53.4375,6.9154,-6.7960,9643.0892,NA,NA,NA
valheim.exe,8100,0x147123C9510,DXGI,1,0,0,Hardware: Independent Flip,9652.3777,16.6481,16.4852,0.1629,37.1773,3.9357,3.8672,0.0685,51.0644,6.9053,2.3731,9652.3777,NA,NA,NA
valheim.exe,8100,0x147123C9510,DXGI,1,0,0,Hardware: Independent Flip,9669.0258,26.6377,26.4345,0.2032,25.2519,14.5032,14.4203,0.0829,41.3216,34.7462,9.7428,9669.0258,NA,33.3118,NA
valheim.exe,8100,0x147123C9510,DXGI,1,0,0,Hardware: Independent Flip,9695.6635,20.3028,20.1620,0.1408,13.1174,31.7368,27.3992,4.3376,49.4301,13.9547,-8.1085,9695.6635,NA,32.0377,NA
valheim.exe,8100,0x147123C9510,DXGI,1,0,0,Hardware: Independent Flip,9715.9663,9.8302,9.7064,0.1238,24.5514,16.9105,16.8540,0.0565,43.0820,6.9697,6.3481,9715.9663,NA,35.0319,NA
valheim.exe,8100,0x147123C9510,DXGI,1,0,0,Hardware: Independent Flip,9725.7965,10.6018,10.4566,0.1452,31.6317,3.7978,3.6728,0.1250,40.2215,27.7739,2.8605,9725.7965,NA,NA,NA
valheim.exe,8100,0x147123C9510,DXGI,1,0,0,Hardware: Independent Flip,9736.3983,25.3993,25.1382,0.2611,24.8277,28.8194,28.8194,0.0000,57.3936,13.9081,-17.1721,9736.3983,NA,33.7429,NA
valheim.exe,8100,0x147123C9510,DXGI,1,0,0,Hardware: Independent Flip,9761.7976,9.3944,9.1687,0.2257,28.2478,14.5943,14.5943,0.0000,45.9024,13.8852,11.4912,9761.7976,NA,37.6078,NA
valheim.exe,8100,0x147123C9510,DXGI,1,0,0,Hardware: Independent Flip,9771.1920,13.2488,13.0921,0.1567,33.4477,13.4998,13.4998,0.0000,50.3932,13.9160,-4.4908,9771.1920,NA,NA,NA
valheim.exe,8100,0x147123C9510,DXGI,1,0,0,Hardware: Independent Flip,9784.4408,22.8978,22.7067,0.1911,33.7419,15.3824,15.3824,0.0000,51.0604,6.9197,-0.6672,9784.4408,NA,NA,NA
valheim.exe,8100,0x147123C9510,DXGI,1,0,0,Hardware: Independent Flip,9807.3386,12.6444,12.4607,0.1837,26.2265,4.4891,4.4502,0.0389,35.0823,20.8688,15.9781,9807.3386,NA,33.3345,NA
valheim.exe,8100,0x147123C9510,DXGI,1,0,0,Hardware: Independent Flip,9819.9830,10.5181,10.3938,0.1243,18.0712,24.7644,24.7138,0.0506,43.3067,20.8691,-8.2244,9819.9830,NA,53.2149,NA
valheim.exe,8100,0x147123C9510,DXGI,1,0,0,Hardware: Independent Flip,9830.5011,18.3565,18.1947,0.1618,32.3769,14.9549,14.9549,0.0000,53.6577,13.9603,-10.3510,9830.5011,NA,NA,NA
valheim.exe,8100,0x147123C9510,DXGI,1,0,0,Hardware: Independent Flip,9848.8576,9.0575,8.9119,0.1456,28.9753,15.2268,15.2268,0.0000,49.2615,6.8966,4.3962,9848.8576,NA,NA,NA
valheim.exe,8100,0x147123C9510,DXGI,1,0,0,Hardware: Independent Flip,9857.9151,20.8331,20.6820,0.1511,35.1446,0.6560,0.5590,0.0970,47.1006,20.8321,2.1609,9857.9151,NA,NA,NA
valheim.exe,8100,0x147123C9510,DXGI,1,0,0,Hardware: Independent Flip,9878.7482,18.2101,18.0112,0.1989,14.9675,27.2295,27.1019,0.1276,47.0996,13.9206,0.0010,9878.7482,NA,NA,NA
valheim.exe,8100,0x147123C9510,DXGI,1,0,0,Hardware: Independent Flip,9896.9583,10.3012,10.1556,0.1456,23.9869,16.7191,16.7191,0.0000,42.8101,13.8899,4.2895,9896.9583,NA,NA,NA
valheim.exe,8100,0x147123C9510,DXGI,1,0,0,Hardware: Independent Flip,9907.2595,8.4171,8.2813,0.1358,30.4048,12.3368,12.3368,0.0000,46.3988,13.9493,-3.5887,9907.2595,NA,NA,NA
valheim.exe,8100,0x147123C9510,DXGI,1,0,0,Hardware: Independent Flip,9915.6766,22.7391,22.5757,0.1634,34.3245,14.5454,14.5454,0.0000,51.9310,6.9178,-5.5322,9915.6766,NA,NA,NA
valheim.exe,8100,0x147123C9510,DXGI,1,0,0,Hardware: Independent Flip,9938.4157,11.4413,11.2608,0.1805,26.1308,2.8765,2.8005,0.0760,36.1097,20.8185,15.8213,9938.4157,NA,NA,NA
valheim.exe,8100,0x147123C9510,DXGI,1,0,0,Hardware: Independent Flip,9949.8570,17.7842,17.5587,0.2255,17.6217,25.2540,25.2540,0.0000,45.4869,13.9422,-9.3772,9949.8570,NA,53.2792,NA
valheim.exe,8100,0x147123C9510,DXGI,1,0,0,Hardware: Independent Flip,9967.6412,12.6390,12.4253,0.2137,25.0915,15.7772,15.7716,0.0056,41.6449,20.8922,3.8420,9967.6412,NA,NA,NA
valheim.exe,8100,0x147123C9510,DXGI,1,0,0,Hardware: Independent Flip,9980.2802,6.1510,5.9930,0.1580,28.3258,16.3328,16.2881,0.0447,49.8981,6.9031,-8.2532,9980.2802,NA,NA,NA
valheim.exe,8100,0x147123C9510,DXGI,1,0,0,Hardware: Independent Flip,9986.4312,26.0018,25.7378,0.2640,38.5076,2.3544,2.3063,0.0481,50.6502,6.9339,-0.7521,9986.4312,NA,NA,NA
valheim.exe,8100,0x147123C9510,DXGI,1,0,0,Hardware: Independent Flip,10012.4330,15.5316,15.3416,0.1900,14.8602,15.1543,15.1049,0.0494,31.5823,27.7866,19.0679,10012.4330,NA,NA,NA
valheim.exe,8100,0x147123C9510,DXGI,1,0,0,Hardware: Independent Flip,10027.9646,16.1870,15.8368,0.3502,14.5804,25.4270,25.4270,0.0000,43.8373,13.9340,-12.2550,10027.9646,NA,NA,NA
valheim.exe,8100,0x147123C9510,DXGI,1,0,0,Hardware: Independent Flip,10044.1516,8.5014,8.3303,0.1711,23.8204,17.0177,16.6800,0.3377,41.5843,13.8859,2.2530,10044.1516,NA,NA,NA
valheim.exe,8100,0x147123C9510,DXGI,1,0,0,Hardware: Independent Flip,10052.6530,10.1996,10.0594,0.1402,32.3367,13.2592,13.2592,0.0000,46.9688,6.9746,-5.3845,10052.6530,NA,NA,NA
valheim.exe,8100,0x147123C9510,DXGI,1,0,0,Hardware: Independent Flip,10062.8526,21.6482,21.4209,0.2273,35.3963,2.8117,2.7218,0.0899,43.7438,27.8186,3.2250,10062.8526,NA,NA,NA
valheim.exe,8100,0x147123C9510,DXGI,1,0,0,Hardware: Independent Flip,10084.5008,16.6672,16.4207,0.2465,16.5598,26.7019,26.6933,0.0086,49.9142,13.9126,-6.1704,10084.5008,NA,NA,NA
valheim.exe,8100,0x147123C9510,DXGI,1,0,0,Hardware: Independent Flip,10101.1680,9.8235,9.6757,0.1478,26.5945,16.0508,16.0508,0.0000,47.1596,6.9004,2.7546,10101.1680,NA,NA,NA
valheim.exe,8100,0x147123C9510,DXGI,1,0,0,Hardware: Independent Flip,10110.9915,8.3901,8.2557,0.1344,32.8218,0.6630,0.6039,0.0591,44.2365,6.9664,2.9231,10110.9915,NA,NA,NA
valheim.exe,8100,0x147123C9510,DXGI,1,0,0,Hardware: Independent Flip,10119.3816,29.8273,29.6345,0.1928,25.1305,15.9357,15.3738,0.5619,42.8128,34.7662,1.4237,10119.3816,NA,NA,NA
valheim.exe,8100,0x147123C9510,DXGI,1,0,0,Hardware: Independent Flip,10149.2089,13.3493,13.0567,0.2926,11.2994,29.8182,29.7349,0.0833,47.7517,13.9472,-4.9389,10149.2089,NA,NA,NA
valheim.exe,8100,0x147123C9510,DXGI,1,0,0,Hardware: Independent Flip,10162.5582,7.9618,7.8119,0.1499,27.9009,16.2244,16.2223,0.0021,48.3496,6.9217,-0.5979,10162.5582,NA,NA,NA
valheim.exe,8100,0x147123C9510,DXGI,1,0,0,Hardware: Independent Flip,10170.5200,9.7136,9.5672,0.1464,36.1635,0.5163,0.4346,0.0817,47.3095,6.9082,1.0401,10170.5200,NA,NA,NA
valheim.exe,8100,0x147123C9510,DXGI,1,0,0,Hardware: Independent Flip,10180.2336,31.1473,30.8909,0.2564,29.6197,14.5449,14.3443,0.2006,44.5041,27.8018,2.8054,10180.2336,NA,14.6964,NA
valheim.exe,8100,0x147123C9510,DXGI,1,0,0,Hardware: Independent Flip,10211.3809,15.5481,15.3594,0.1887,13.0901,27.9536,27.9047,0.0489,41.1586,20.8797,3.3455,10211.3809,NA,29.4958,NA
valheim.exe,8100,0x147123C9510,DXGI,1,0,0,Hardware: Independent Flip,10226.9290,25.9504,25.7060,0.2444,25.5500,15.4912,15.4912,0.0000,46.4902,13.9670,-5.3316,10226.9290,NA,21.3816,NA
valheim.exe,8100,0x147123C9510,DXGI,1,0,0,Hardware: Independent Flip,10252.8794,0.7643,0.5673,0.1970,15.0908,12.6922,12.6415,0.0507,34.5068,6.9098,11.9834,10252.8794,NA,NA,NA
valheim.exe,8100,0x147123C9510,DXGI,1,0,0,Hardware: Independent Flip,10253.6437,11.4070,11.2659,0.1411,27.1035,3.2097,3.2097,0.0000,40.6523,6.9286,-6.1455,10253.6437,NA,NA,NA
valheim.exe,8100,0x147123C9510,DXGI,1,0,0,Hardware: Independent Flip,10265.0507,22.9271,22.6210,0.3061,18.9062,16.8677,16.8119,0.0558,36.1739,20.8346,4.4784,10265.0507,NA,14.2101,NA
valheim.exe,8100,0x147123C9510,DXGI,1,0,0,Hardware: Independent Flip,10287.9778,13.4389,13.2873,0.1516,12.9403,17.8978,17.8551,0.0427,34.0814,27.8183,2.0925,10287.9778,NA,24.0327,NA
valheim.exe,8100,0x147123C9510,DXGI,1,0,0,Hardware: Independent Flip,10301.4167,4.9602,4.8129,0.1473,17.3992,28.9180,28.7152,0.2028,48.4608,13.9034,-14.3794,10301.4167,NA,43.8335,NA
valheim.exe,8100,0x147123C9510,DXGI,1,0,0,Hardware: Independent Flip,10306.3769,12.1887,11.9563,0.2324,41.4148,14.8119,14.8001,0.0118,57.4040,13.8952,-8.9432,10306.3769,NA,NA,NA
valheim.exe,8100,0x147123C9510,DXGI,1,0,0,Hardware: Independent Flip,10318.5656,15.0954,14.9514,0.1440,44.0967,14.5812,14.5604,0.0208,59.1105,13.9061,-1.7065,10318.5656,NA,55.6587,NA
valheim.exe,8100,0x147123C9510,DXGI,1,0,0,Hardware: Independent Flip,10333.6610,27.4079,27.2342,0.1737,43.5825,13.6722,13.6325,0.0397,57.9212,20.8537,1.1893,10333.6610,NA,40.5627,NA
valheim.exe,8100,0x147123C9510,DXGI,1,0,0,Hardware: Independent Flip,10361.0689,13.5609,13.4216,0.1393,29.9197,20.5795,20.5795,0.0000,51.3670,6.9861,6.5542,10361.0689,NA,NA,NA
valheim.exe,8100,0x147123C9510,DXGI,1,0,0,Hardware: Independent Flip,10374.6298,12.4604,12.2622,0.1982,37.0036,0.5830,0.4956,0.0874,44.7922,41.6552,6.5748,10374.6298,NA,41.3791,NA
valheim.exe,8100,0x147123C9510,DXGI,1,0,0,Hardware: Independent Flip,10387.0902,56.2271,56.0636,0.1635,55.5392,15.8040,15.7558,0.0482,73.9870,27.8392,-29.1948,10387.0902,NA,19.0570,NA
valheim.exe,8100,0x147123C9510,DXGI,1,0,0,Hardware: Independent Flip,10443.3173,19.8071,19.6659,0.1412,19.0653,25.8345,25.7162,0.1183,45.5991,20.8333,28.3879,10443.3173,NA,40.8430,NA
valheim.exe,8100,0x147123C9510,DXGI,1,0,0,Hardware: Independent Flip,10463.1244,11.0325,10.8885,0.1440,25.0927,17.9650,17.9650,0.0000,46.6253,13.8798,-1.0262,10463.1244,NA,NA,NA
valheim.exe,8100,0x147123C9510,DXGI,1,0,0,Hardware: Independent Flip,10474.1569,8.8638,8.7437,0.1201,32.0252,15.4242,15.4242,0.0000,49.4726,13.9478,-2.8473,10474.1569,NA,NA,NA
valheim.exe,8100,0x147123C9510,DXGI,1,0,0,Hardware: Independent Flip,10483.0207,19.2232,19.0782,0.1450,38.6496,14.6322,14.6164,0.0158,54.5566,20.8418,-5.0840,10483.0207,NA,60.5116,NA
valheim.exe,8100,0x147123C9510,DXGI,1,0,0,Hardware: Independent Flip,10502.2439,19.2358,19.0436,0.1922,34.0586,16.0751,16.0751,0.0000,56.1752,13.9989,-1.6186,10502.2439,NA,NA,NA
valheim.exe,8100,0x147123C9510,DXGI,1,0,0,Hardware: Independent Flip,10521.4797,15.1778,15.0148,0.1630,30.8979,13.5153,13.5153,0.0000,50.9383,6.8585,5.2369,10521.4797,NA,NA,NA
valheim.exe,8100,0x147123C9510,DXGI,1,0,0,Hardware: Independent Flip,10536.6575,10.5613,10.4226,0.1387,29.2354,3.0333,3.0087,0.0246,42.6190,20.8578,8.3193,10536.6575,NA,NA,NA
valheim.exe,8100,0x147123C9510,DXGI,1,0,0,Hardware: Independent Flip,10547.2188,27.3538,27.1622,0.1916,21.7383,30.6740,29.2467,1.4273,52.9155,20.8610,-10.2965,10547.2188,NA,NA,NA
valheim.exe,8100,0x147123C9510,DXGI,1,0,0,Hardware: Independent Flip,10574.5726,11.9198,11.6176,0.3022,25.0585,17.2514,17.2026,0.0488,46.4227,13.8798,6.4928,10574.5726,NA,NA,NA
valheim.exe,8100,0x147123C9510,DXGI,1,0,0,Hardware: Independent Flip,10586.4924,10.9653,10.7889,0.1764,30.3901,16.1561,16.1293,0.0268,48.3827,7.0137,-1.9600,10586.4924,NA,NA,NA
valheim.exe,8100,0x147123C9510,DXGI,1,0,0,Hardware: Independent Flip,10597.4577,14.6400,14.4681,0.1719,35.5809,3.9619,3.8441,0.1178,44.4311,20.7696,3.9516,10597.4577,NA,NA,NA
valheim.exe,8100,0x147123C9510,DXGI,1,0,0,Hardware: Independent Flip,10612.0977,23.7980,23.4848,0.3132,24.9028,25.5219,25.4807,0.0412,50.5607,20.8728,-6.1296,10612.0977,NA,NA,NA
valheim.exe,8100,0x147123C9510,DXGI,1,0,0,Hardware: Independent Flip,10635.8957,13.3784,13.1052,0.2732,26.7201,17.9487,17.9487,0.0000,47.6355,13.9053,2.9252,10635.8957,NA,NA,NA
valheim.exe,8100,0x147123C9510,DXGI,1,0,0,Hardware: Independent Flip,10649.2741,11.1281,10.9917,0.1364,31.2904,14.7183,14.6490,0.0693,48.1624,13.9114,-0.5269,10649.2741,NA,NA,NA
valheim.exe,8100,0x147123C9510,DXGI,1,0,0,Hardware: Independent Flip,10660.4022,14.3779,14.2249,0.1530,34.8806,14.7153,14.7153,0.0000,50.9457,20.8540,-2.7833,10660.4022,NA,NA,NA
valheim.exe,8100,0x147123C9510,DXGI,1,0,0,Hardware: Independent Flip,10674.7801,21.6636,21.4510,0.2126,35.2856,15.6589,15.6469,0.0120,57.4218,13.9428,-6.4761,10674.7801,NA,NA,NA
valheim.exe,8100,0x147123C9510,DXGI,1,0,0,Hardware: Independent Flip,10696.4437,11.3804,11.1787,0.2017,29.2809,13.3369,13.3103,0.0266,49.7010,6.9215,7.7208,10696.4437,NA,NA,NA
valheim.exe,8100,0x147123C9510,DXGI,1,0,0,Hardware: Independent Flip,10707.8241,16.8572,16.6437,0.2135,31.4053,2.9705,2.8955,0.0750,45.2421,27.7611,4.4589,10707.8241,NA,NA,NA
valheim.exe,8100,0x147123C9510,DXGI,1,0,0,Hardware: Independent Flip,10724.6813,24.0052,23.8400,0.1652,17.5186,33.2860,31.2926,1.9934,56.1460,13.9816,-10.9039,10724.6813,NA,NA,NA
valheim.exe,8100,0x147123C9510,DXGI,1,0,0,Hardware: Independent Flip,10748.6865,12.7963,12.6315,0.1648,26.7994,15.4853,15.4853,0.0000,46.1224,6.9077,10.0236,10748.6865,NA,NA,NA
valheim.exe,8100,0x147123C9510,DXGI,1,0,0,Hardware: Independent Flip,10761.4828,5.4530,5.2763,0.1767,29.4884,3.0862,3.0163,0.0699,40.2338,13.8741,5.8886,10761.4828,NA,NA,NA
valheim.exe,8100,0x147123C9510,DXGI,1,0,0,Hardware: Independent Flip,10766.9358,29.5214,29.3264,0.1950,27.8892,15.3766,15.2340,0.1426,48.6549,13.9232,-8.4211,10766.9358,NA,NA,NA
valheim.exe,8100,0x147123C9510,DXGI,1,0,0,Hardware: Independent Flip,10796.4572,14.9396,14.7185,0.2211,13.7444,14.0431,13.9851,0.0580,33.0567,27.7916,15.5982,10796.4572,NA,NA,NA
valheim.exe,8100,0x147123C9510,DXGI,1,0,0,Hardware: Independent Flip,10811.3968,16.7210,16.5364,0.1846,12.9362,27.8652,27.8459,0.0193,45.9087,13.9107,-12.8520,10811.3968,NA,NA,NA
valheim.exe,8100,0x147123C9510,DXGI,1,0,0,Hardware: Independent Flip,10828.1178,8.8902,8.7255,0.1647,24.0804,16.4502,16.4240,0.0262,43.0984,13.8998,2.8103,10828.1178,NA,NA,NA
valheim.exe,8100,0x147123C9510,DXGI,1,0,0,Hardware: Independent Flip,10837.0080,6.9095,6.7338,0.1757,31.6404,14.0914,14.0914,0.0000,48.1080,13.9024,-5.0096,10837.0080,NA,NA,NA
valheim.exe,8100,0x147123C9510,DXGI,1,0,0,Hardware: Independent Flip,10843.9175,25.6309,25.4410,0.1899,38.8223,15.3499,15.3499,0.0000,55.1009,20.8877,-6.9929,10843.9175,NA,NA,NA
valheim.exe,8100,0x147123C9510,DXGI,1,0,0,Hardware: Independent Flip,10869.5484,12.1883,12.0484,0.1399,28.5413,14.9354,14.9050,0.0304,50.3577,13.9479,4.7432,10869.5484,NA,NA,NA
valheim.exe,8100,0x147123C9510,DXGI,1,0,0,Hardware: Independent Flip,10881.7367,15.5661,15.2416,0.3245,31.4006,16.4066,16.4066,0.0000,52.1173,6.9024,-1.7596,10881.7367,NA,NA,NA
valheim.exe,8100,0x147123C9510,DXGI,1,0,0,Hardware: Independent Flip,10897.3028,11.3888,11.2255,0.1633,32.2411,3.6956,3.6590,0.0366,43.4536,27.8069,8.6637,10897.3028,NA,NA,NA
valheim.exe,8100,0x147123C9510,DXGI,1,0,0,Hardware: Independent Flip,10908.6916,27.6508,27.4526,0.1982,25.2937,27.8724,27.6790,0.1934,59.8717,6.9353,-16.4181,10908.6916,NA,NA,NA
valheim.exe,8100,0x147123C9510,DXGI,1,0,0,Hardware: Independent Flip,10936.3424,10.6423,10.4497,0.1926,25.5953,2.9034,2.8768,0.0266,39.1562,6.9345,20.7155,10936.3424,NA,NA,NA
valheim.exe,8100,0x147123C9510,DXGI,1,0,0,Hardware: Independent Flip,10946.9847,9.3930,9.2410,0.1520,17.8564,16.2893,16.2340,0.0553,35.4484,27.8105,3.7078,10946.9847,NA,NA,NA
valheim.exe,8100,0x147123C9510,DXGI,1,0,0,Hardware: Independent Flip,10956.3777,26.9819,26.7051,0.2768,24.8442,26.3425,26.3213,0.0212,53.8659,20.8607,-18.4175,10956.3777,NA,NA,NA
valheim.exe,8100,0x147123C9510,DXGI,1,0,0,Hardware: Independent Flip,10983.3596,6.2511,6.0390,0.2121,24.2048,17.3343,17.3190,0.0153,47.7447,13.9458,6.1212,10983.3596,NA,NA,NA
valheim.exe,8100,0x147123C9510,DXGI,1,0,0,Hardware: Independent Flip,10989.6107,13.6961,13.5256,0.1705,35.2880,16.0753,16.0753,0.0000,55.4394,6.9528,-7.6947,10989.6107,NA,NA,NA
valheim.exe,8100,0x147123C9510,DXGI,1,0,0,Hardware: Independent Flip,11003.3068,19.9658,19.7920,0.1738,37.6672,3.2480,3.1495,0.0985,48.6961,20.7977,6.7433,11003.3068,NA,NA,NA
valheim.exe,8100,0x147123C9510,DXGI,1,0,0,Hardware: Independent Flip,11023.2726,23.4833,23.3029,0.1804,22.3769,26.7871,26.7451,0.0420,49.5280,13.9032,-0.8319,11023.2726,NA,44.7236,NA
valheim.exe,8100,0x147123C9510,DXGI,1,0,0,Hardware: Independent Flip,11046.7559,13.5147,13.2490,0.2657,25.6807,12.7366,12.6882,0.0484,39.9479,20.8745,9.5801,11046.7559,NA,NA,NA
valheim.exe,8100,0x147123C9510,DXGI,1,0,0,Hardware: Independent Flip,11060.2706,7.5955,7.4444,0.1511,25.0236,20.3934,20.3744,0.0190,47.3077,13.9128,-7.3598,11060.2706,NA,NA,NA
valheim.exe,8100,0x147123C9510,DXGI,1,0,0,Hardware: Independent Flip,11067.8661,20.6934,20.4070,0.2864,37.8215,13.0790,13.0790,0.0000,53.6250,6.9212,-6.3173,11067.8661,NA,51.4289,NA
valheim.exe,8100,0x147123C9510,DXGI,1,0,0,Hardware: Independent Flip,11088.5595,14.6692,14.5003,0.1689,30.2071,2.3961,2.2996,0.0965,39.8528,27.8271,13.7722,11088.5595,NA,NA,NA
valheim.exe,8100,0x147123C9510,DXGI,1,0,0,Hardware: Independent Flip,11103.2287,20.9517,20.7488,0.2029,18.9893,27.2628,27.1661,0.0967,53.0107,7.0020,-13.1579,11103.2287,NA,43.1808,NA
valheim.exe,8100,0x147123C9510,DXGI,1,0,0,Hardware: Independent Flip,11124.1804,10.1928,9.9932,0.1996,25.3504,0.3062,0.2834,0.0228,39.0610,6.8871,13.9497,11124.1804,NA,NA,NA
valheim.exe,8100,0x147123C9510,DXGI,1,0,0,Hardware: Independent Flip,11134.3732,9.0791,8.9540,0.1251,15.5049,16.4305,16.4095,0.0210,35.7553,20.8823,3.3057,11134.3732,NA,NA,NA
valheim.exe,8100,0x147123C9510,DXGI,1,0,0,Hardware: Independent Flip,11143.4523,31.1546,30.9243,0.2303,22.8563,20.6463,15.7067,4.9396,47.5585,13.9383,-11.8032,11143.4523,NA,NA,NA
valheim.exe,8100,0x147123C9510,DXGI,1,0,0,Hardware: Independent Flip,11174.6069,15.8518,15.5170,0.3348,12.3480,15.9434,15.8826,0.0608,30.3422,27.7236,17.2163,11174.6069,NA,NA,NA
valheim.exe,8100,0x147123C9510,DXGI,1,0,0,Hardware: Independent Flip,11190.4587,16.4267,16.2313,0.1954,12.4396,28.1162,28.1162,0.0000,42.2140,20.9051,-11.8718,11190.4587,NA,NA,NA
valheim.exe,8100,0x147123C9510,DXGI,1,0,0,Hardware: Independent Flip,11206.8854,7.4224,7.2749,0.1475,24.1291,16.7986,16.7829,0.0157,46.6924,6.9250,-4.4784,11206.8854,NA,NA,NA
valheim.exe,8100,0x147123C9510,DXGI,1,0,0,Hardware: Independent Flip,11214.3078,9.6888,9.5496,0.1392,33.6530,4.0059,3.9439,0.0620,46.1950,20.8419,0.4974,11214.3078,NA,NA,NA
valheim.exe,8100,0x147123C9510,DXGI,1,0,0,Hardware: Independent Flip,11223.9966,29.8079,29.6183,0.1896,28.0495,27.3506,27.2813,0.0693,57.3481,13.9046,-11.1531,11223.9966,NA,NA,NA
valheim.exe,8100,0x147123C9510,DXGI,1,0,0,Hardware: Independent Flip,11253.8045,12.0628,11.9115,0.1513,25.5922,14.1134,14.1134,0.0000,41.4448,34.7836,15.9033,11253.8045,NA,NA,NA
valheim.exe,8100,0x147123C9510,DXGI,1,0,0,Hardware: Independent Flip,11265.8673,8.1487,8.0114,0.1373,27.6428,29.7976,29.7976,0.0000,64.1656,6.9549,-22.7208,11265.8673,NA,NA,NA
valheim.exe,8100,0x147123C9510,DXGI,1,0,0,Hardware: Independent Flip,11274.0160,15.6817,15.5551,0.1266,49.3734,2.1216,2.1042,0.0174,62.9718,6.9264,1.1938,11274.0160,NA,NA,NA
valheim.exe,8100,0x147123C9510,DXGI,1,0,0,Hardware: Independent Flip,11289.6977,17.5030,17.3263,0.1767,40.4081,2.5842,2.5264,0.0578,54.2165,34.8017,8.7553,11289.6977,NA,NA,NA
valheim.exe,8100,0x147123C9510,DXGI,1,0,0,Hardware: Independent Flip,11307.2007,38.3186,38.1293,0.1893,37.3725,28.8445,28.7501,0.0944,71.5152,6.9097,-17.2987,11307.2007,NA,NA,NA
valheim.exe,8100,0x147123C9510,DXGI,1,0,0,Hardware: Independent Flip,11345.5193,13.1290,12.9436,0.1854,27.8984,0.3076,0.2735,0.0341,40.1063,6.9240,31.4089,11345.5193,NA,NA,NA
valheim.exe,8100,0x147123C9510,DXGI,1,0,0,Hardware: Independent Flip,11358.6483,4.1562,3.9461,0.2101,15.0770,15.4489,15.4162,0.0327,33.9013,27.8340,6.2050,11358.6483,NA,NA,NA
valheim.exe,8100,0x147123C9510,DXGI,1,0,0,Hardware: Independent Flip,11362.8045,30.7235,30.5123,0.2112,26.3697,30.1191,29.2712,0.8479,57.5791,20.8533,-23.6778,11362.8045,NA,31.3318,NA
valheim.exe,8100,0x147123C9510,DXGI,1,0,0,Hardware: Independent Flip,11393.5280,8.8726,8.7361,0.1365,25.7653,17.0502,17.0502,0.0000,47.7089,13.8937,9.8702,11393.5280,NA,41.2137,NA
valheim.exe,8100,0x147123C9510,DXGI,1,0,0,Hardware: Independent Flip,11402.4006,7.3785,7.2459,0.1326,33.9429,16.1402,16.1402,0.0000,52.7300,6.9267,-5.0211,11402.4006,NA,NA,NA
valheim.exe,8100,0x147123C9510,DXGI,1,0,0,Hardware: Independent Flip,11409.7791,22.6792,22.5157,0.1635,42.7046,3.0800,2.9873,0.0927,52.2782,27.7948,0.4518,11409.7791,NA,41.9875,NA
valheim.exe,8100,0x147123C9510,DXGI,1,0,0,Hardware: Independent Flip,11432.4583,24.9720,24.7567,0.2153,23.1054,29.6675,29.5953,0.0722,57.3938,13.9562,-5.1156,11432.4583,NA,33.8023,NA
valheim.exe,8100,0x147123C9510,DXGI,1,0,0,Hardware: Independent Flip,11457.4303,11.1693,11.0312,0.1381,27.8009,14.0373,14.0373,0.0000,46.3780,6.9006,11.0158,11457.4303,NA,37.7740,NA
valheim.exe,8100,0x147123C9510,DXGI,1,0,0,Hardware: Independent Flip,11468.5996,7.4134,7.2765,0.1369,30.6689,4.7366,4.6351,0.1015,42.1093,27.8438,4.2687,11468.5996,NA,NA,NA
valheim.exe,8100,0x147123C9510,DXGI,1,0,0,Hardware: Independent Flip,11476.0130,27.1876,26.9821,0.2055,27.9921,28.1737,28.1220,0.0517,62.5397,13.9340,-20.4304,11476.0130,NA,47.5459,NA
valheim.exe,8100,0x147123C9510,DXGI,1,0,0,Hardware: Independent Flip,11503.2006,10.9123,10.7687,0.1436,29.1166,17.2626,17.0197,0.2429,49.2861,6.8922,13.2536,11503.2006,NA,39.4416,NA
valheim.exe,8100,0x147123C9510,DXGI,1,0,0,Hardware: Independent Flip,11514.1129,9.0112,8.8234,0.1878,35.4669,0.8674,0.7851,0.0823,45.2660,27.8105,4.0201,11514.1129,NA,NA,NA
valheim.exe,8100,0x147123C9510,DXGI,1,0,0,Hardware: Independent Flip,11523.1241,28.5379,28.3790,0.1589,27.3834,30.3001,30.2420,0.0581,64.0653,13.9234,-18.7993,11523.1241,NA,NA,NA
valheim.exe,8100,0x147123C9510,DXGI,1,0,0,Hardware: Independent Flip,11551.6620,14.5675,14.3957,0.1718,29.1456,17.0010,16.9384,0.0626,49.4508,6.9392,14.6145,11551.6620,NA,37.0722,NA
valheim.exe,8100,0x147123C9510,DXGI,1,0,0,Hardware: Independent Flip,11566.2295,8.2476,8.1119,0.1357,31.5791,3.4781,3.2772,0.2009,41.8225,27.8545,7.6283,11566.2295,NA,NA,NA
valheim.exe,8100,0x147123C9510,DXGI,1,0,0,Hardware: Independent Flip,11574.4771,28.0711,27.6849,0.3862,26.8096,29.1090,29.0306,0.0784,61.4294,6.9046,-19.6069,11574.4771,NA,34.8729,NA
valheim.exe,8100,0x147123C9510,DXGI,1,0,0,Hardware: Independent Flip,11602.5482,10.2920,10.1318,0.1602,27.9300,4.6736,4.5650,0.1086,40.2629,20.8479,21.1665,11602.5482,NA,33.7603,NA
valheim.exe,8100,0x147123C9510,DXGI,1,0,0,Hardware: Independent Flip,11612.8402,32.9537,32.7762,0.1775,31.5283,15.6067,15.4514,0.1553,50.8188,27.7741,-10.5559,11612.8402,NA,20.6316,NA
valheim.exe,8100,0x147123C9510,DXGI,1,0,0,Hardware: Independent Flip,11645.7939,18.3602,18.1634,0.1968,17.0700,27.7082,27.6957,0.0125,45.6392,13.9247,5.1796,11645.7939,NA,30.3927,NA
valheim.exe,8100,0x147123C9510,DXGI,1,0,0,Hardware: Independent Flip,11664.1541,7.1077,6.9423,0.1654,26.5030,14.0608,14.0608,0.0000,41.2037,13.9465,4.4355,11664.1541,NA,36.3406,NA
valheim.exe,8100,0x147123C9510,DXGI,1,0,0,Hardware: Independent Flip,11671.2618,10.2772,10.1405,0.1367,33.4561,13.1817,13.1817,0.0000,48.0425,20.8627,-6.8388,11671.2618,NA,NA,NA
valheim.exe,8100,0x147123C9510,DXGI,1,0,0,Hardware: Independent Flip,11681.5390,22.8181,22.6793,0.1388,36.3606,19.9231,19.9046,0.0185,58.6280,6.9156,-10.5855,11681.5390,NA,48.1446,NA
valheim.exe,8100,0x147123C9510,DXGI,1,0,0,Hardware: Independent Flip,11704.3571,13.7554,13.6012,0.1542,33.4656,0.1564,0.1086,0.0478,42.7255,6.9292,15.9025,11704.3571,NA,41.0385,NA
valheim.exe,8100,0x147123C9510,DXGI,1,0,0,Hardware: Independent Flip,11718.1125,13.6312,13.4654,0.1658,19.9072,15.8473,15.8178,0.0295,35.8993,27.8168,6.8262,11718.1125,NA,32.9350,NA
valheim.exe,8100,0x147123C9510,DXGI,1,0,0,Hardware: Independent Flip,11731.7437,22.5261,22.3597,0.1664,22.1233,25.8258,25.7152,0.1106,50.0849,20.8598,-14.1856,11731.7437,NA,30.7758,NA
valheim.exe,8100,0x147123C9510,DXGI,1,0,0,Hardware: Independent Flip,11754.2698,10.2386,10.0962,0.1424,25.4787,16.2627,16.2575,0.0052,48.4186,13.9343,1.6663,11754.2698,NA,40.6555,NA
valheim.exe,8100,0x147123C9510,DXGI,1,0,0,Hardware: Independent Flip,11764.5084,8.3212,8.1801,0.1411,31.5028,15.8571,15.8571,0.0000,52.1143,6.8983,-3.6957,11764.5084,NA,NA,NA
valheim.exe,8100,0x147123C9510,DXGI,1,0,0,Hardware: Independent Flip,11772.8296,24.4454,24.2663,0.1791,39.0387,4.1534,4.1185,0.0349,50.6914,20.8912,1.4229,11772.8296,NA,41.5050,NA
valheim.exe,8100,0x147123C9510,DXGI,1,0,0,Hardware: Independent Flip,11797.2750,21.9271,21.7865,0.1406,19.8742,25.4154,25.3917,0.0237,47.1372,20.8116,3.5542,11797.2750,NA,30.3414,NA
valheim.exe,8100,0x147123C9510,DXGI,1,0,0,Hardware: Independent Flip,11819.2021,8.1094,7.9446,0.1648,23.4279,17.5952,17.5718,0.0234,46.0217,13.9221,1.1155,11819.2021,NA,40.1949,NA
valheim.exe,8100,0x147123C9510,DXGI,1,0,0,Hardware: Independent Flip,11827.3115,16.5639,16.3788,0.1851,32.9137,15.0794,15.0794,0.0000,51.8344,6.9519,-5.8127,11827.3115,NA,NA,NA
valheim.exe,8100,0x147123C9510,DXGI,1,0,0,Hardware: Independent Flip,11843.8754,17.8737,17.6424,0.2313,31.5320,3.8032,3.6418,0.1614,42.2224,27.8467,9.6120,11843.8754,NA,41.0699,NA
valheim.exe,8100,0x147123C9510,DXGI,1,0,0,Hardware: Independent Flip,11861.7491,20.1470,20.0017,0.1453,18.3268,27.3159,27.2273,0.0886,52.1954,6.9318,-9.9730,11861.7491,NA,33.9205,NA
valheim.exe,8100,0x147123C9510,DXGI,1,0,0,Hardware: Independent Flip,11881.8961,8.1708,8.0305,0.1403,25.5726,0.6473,0.6473,0.0000,38.9802,27.7763,13.2152,11881.8961,NA,NA,NA
valheim.exe,8100,0x147123C9510,DXGI,1,0,0,Hardware: Independent Flip,11890.0669,40.8626,40.6720,0.1906,18.1105,34.6383,15.7288,18.9095,58.5857,27.8080,-19.6055,11890.0669,NA,19.6128,NA
valheim.exe,8100,0x147123C9510,DXGI,1,0,0,Hardware: Independent Flip,11930.9295,12.8686,12.7130,0.1556,11.8862,30.2428,30.2428,0.0000,45.5311,13.9366,13.0546,11930.9295,NA,36.4417,NA
valheim.exe,8100,0x147123C9510,DXGI,1,0,0,Hardware: Independent Flip,11943.7981,8.7257,8.5564,0.1693,29.3285,15.8573,15.8573,0.0000,46.5991,6.9170,-1.0680,11943.7981,NA,41.3470,NA
valheim.exe,8100,0x147123C9510,DXGI,1,0,0,Hardware: Independent Flip,11952.5238,12.1767,12.0238,0.1529,36.5453,4.1109,3.9951,0.1158,44.7904,27.8119,1.8087,11952.5238,NA,NA,NA
valheim.exe,8100,0x147123C9510,DXGI,1,0,0,Hardware: Independent Flip,11964.7005,29.2194,28.9976,0.2218,28.4795,26.2804,26.2135,0.0669,60.4256,13.9546,-15.6352,11964.7005,NA,73.0661,NA
valheim.exe,8100,0x147123C9510,DXGI,1,0,0,Hardware: Independent Flip,11993.9199,12.9850,12.8083,0.1767,25.5405,13.1436,13.1436,0.0000,45.1608,6.8903,15.2648,11993.9199,NA,NA,NA
valheim.exe,8100,0x147123C9510,DXGI,1,0,0,Hardware: Independent Flip,12006.9049,9.7595,9.5858,0.1737,25.6991,8.8058,8.7528,0.0530,39.0661,27.8219,6.0947,12006.9049,NA,NA,NA
valheim.exe,8100,0x147123C9510,DXGI,1,0,0,Hardware: Independent Flip,12016.6644,26.5945,26.3967,0.1978,25.5836,26.6979,26.5394,0.1585,57.1285,13.8960,-18.0624,12016.6644,NA,NA,NA
valheim.exe,8100,0x147123C9510,DXGI,1,0,0,Hardware: Independent Flip,12043.2589,9.2391,9.0338,0.2053,25.6870,17.2419,17.2419,0.0000,44.4300,20.8246,12.6985,12043.2589,NA,NA,NA
valheim.exe,8100,0x147123C9510,DXGI,1,0,0,Hardware: Independent Flip,12052.4980,11.5473,11.3891,0.1582,33.7853,16.7288,16.6715,0.0573,56.0155,13.9702,-11.5855,12052.4980,NA,NA,NA
valheim.exe,8100,0x147123C9510,DXGI,1,0,0,Hardware: Independent Flip,12064.0453,26.9224,26.7253,0.1971,38.9668,16.3003,16.2701,0.0302,58.4384,6.9130,-2.4229,12064.0453,NA,NA,NA
valheim.exe,8100,0x147123C9510,DXGI,1,0,0,Hardware: Independent Flip,12090.9677,10.3298,10.1842,0.1456,28.3447,0.7555,0.6731,0.0824,38.4290,20.8651,20.0094,12090.9677,NA,NA,NA
valheim.exe,8100,0x147123C9510,DXGI,1,0,0,Hardware: Independent Flip,12101.2975,21.2198,20.9744,0.2454,18.8254,29.0309,28.9348,0.0961,48.9643,20.8583,-10.5353,12101.2975,NA,NA,NA
valheim.exe,8100,0x147123C9510,DXGI,1,0,0,Hardware: Independent Flip,12122.5173,12.7321,12.5253,0.2068,26.6365,16.6586,16.6026,0.0560,48.6028,13.9541,0.3615,12122.5173,NA,NA,NA
valheim.exe,8100,0x147123C9510,DXGI,1,0,0,Hardware: Independent Flip,12135.2494,11.2448,11.0913,0.1535,30.5630,15.5207,15.4815,0.0392,49.8248,6.8693,-1.2220,12135.2494,NA,NA,NA
valheim.exe,8100,0x147123C9510,DXGI,1,0,0,Hardware: Independent Flip,12146.4942,21.0790,20.8837,0.1953,34.8389,3.1627,3.1141,0.0486,45.4493,13.9032,4.3755,12146.4942,NA,NA,NA
valheim.exe,8100,0x147123C9510,DXGI,1,0,0,Hardware: Independent Flip,12167.5732,19.1830,18.9835,0.1995,17.0557,16.6017,16.4762,0.1255,38.2735,27.8246,7.1758,12167.5732,NA,NA,NA
valheim.exe,8100,0x147123C9510,DXGI,1,0,0,Hardware: Independent Flip,12186.7562,13.5426,13.2055,0.3371,14.4744,25.8583,25.7459,0.1124,46.9151,13.9439,-8.6416,12186.7562,NA,NA,NA
valheim.exe,8100,0x147123C9510,DXGI,1,0,0,Hardware: Independent Flip,12200.2988,8.7929,8.6179,0.1750,26.8984,13.5344,13.4029,0.1315,47.3164,6.9021,-0.4013,12200.2988,NA,NA,NA
valheim.exe,8100,0x147123C9510,DXGI,1,0,0,Hardware: Independent Flip,12209.0917,10.8368,10.6554,0.1814,31.6399,8.4903,8.3951,0.0952,45.4256,27.8161,1.8908,12209.0917,NA,NA,NA
valheim.exe,8100,0x147123C9510,DXGI,1,0,0,Hardware: Independent Flip,12219.9285,31.6315,31.4027,0.2288,29.6869,28.6606,28.5236,0.1370,62.4049,14.1201,-16.9793,12219.9285,NA,NA,NA
valheim.exe,8100,0x147123C9510,DXGI,1,0,0,Hardware: Independent Flip,12251.5600,11.0433,10.8872,0.1561,26.7160,13.2895,13.2895,0.0000,44.8935,6.7247,17.5114,12251.5600,NA,NA,NA
valheim.exe,8100,0x147123C9510,DXGI,1,0,0,Hardware: Independent Flip,12262.6033,10.5133,10.3506,0.1627,28.9622,2.2210,2.1930,0.0280,40.5749,27.7904,4.3186,12262.6033,NA,NA,NA
valheim.exe,8100,0x147123C9510,DXGI,1,0,0,Hardware: Independent Flip,12273.1166,32.9272,32.7206,0.2066,20.7389,36.0638,27.3986,8.6652,57.8520,13.8875,-17.2771,12273.1166,NA,NA,NA
valheim.exe,8100,0x147123C9510,DXGI,1,0,0,Hardware: Independent Flip,12306.0438,7.0181,6.8108,0.2073,23.9788,13.3870,13.3604,0.0266,38.8123,20.8725,19.0397,12306.0438,NA,NA,NA
valheim.exe,8100,0x147123C9510,DXGI,1,0,0,Hardware: Independent Flip,12313.0619,12.3668,12.2112,0.1556,30.3477,20.0099,20.0099,0.0000,52.6667,13.9667,-13.8544,12313.0619,NA,NA,NA
valheim.exe,8100,0x147123C9510,DXGI,1,0,0,Hardware: Independent Flip,12325.4287,21.4302,21.1767,0.2535,37.9908,13.5026,13.4775,0.0251,54.2666,6.8732,-1.5999,12325.4287,NA,NA,NA
valheim.exe,8100,0x147123C9510,DXGI,1,0,0,Hardware: Independent Flip,12346.8589,16.0209,15.8292,0.1917,30.0632,2.4934,2.3821,0.1113,39.7096,20.8981,14.5570,12346.8589,NA,NA,NA
valheim.exe,8100,0x147123C9510,DXGI,1,0,0,Hardware: Independent Flip,12362.8798,19.5441,19.3470,0.1971,17.4179,26.3676,26.2991,0.0685,44.5868,20.8186,-4.8772,12362.8798,NA,34.4375,NA
valheim.exe,8100,0x147123C9510,DXGI,1,0,0,Hardware: Independent Flip,12382.4239,9.8577,9.6706,0.1871,24.3208,17.8030,17.7870,0.0160,45.8613,13.9434,-1.2745,12382.4239,NA,39.2455,NA
valheim.exe,8100,0x147123C9510,DXGI,1,0,0,Hardware: Independent Flip,12392.2816,11.8858,11.6416,0.2442,32.2661,15.1308,15.1308,0.0000,49.9470,6.9000,-4.0857,12392.2816,NA,NA,NA
valheim.exe,8100,0x147123C9510,DXGI,1,0,0,Hardware: Independent Flip,12404.1674,21.8623,21.6888,0.1735,35.6261,3.5114,3.4343,0.0771,44.9612,13.9447,4.9858,12404.1674,NA,42.0790,NA
valheim.exe,8100,0x147123C9510,DXGI,1,0,0,Hardware: Independent Flip,12426.0297,19.1490,18.9593,0.1897,17.4925,15.8227,15.6776,0.1451,37.0436,27.8142,7.9176,12426.0297,NA,20.0409,NA
valheim.exe,8100,0x147123C9510,DXGI,1,0,0,Hardware: Independent Flip,12445.1787,17.0537,16.8823,0.1714,15.5644,28.7317,28.5494,0.1823,45.7088,6.9424,-8.6652,12445.1787,NA,31.8506,NA
valheim.exe,8100,0x147123C9510,DXGI,1,0,0,Hardware: Independent Flip,12462.2324,8.6185,8.4399,0.1786,27.2624,2.9389,2.8811,0.0578,35.5975,13.9725,10.1113,12462.2324,NA,29.7987,NA
valheim.exe,8100,0x147123C9510,DXGI,1,0,0,Hardware: Independent Flip,12470.8509,11.9404,11.7313,0.2091,21.5828,15.0902,15.0298,0.0604,40.9515,27.7121,-5.3540,12470.8509,NA,NA,NA
valheim.exe,8100,0x147123C9510,DXGI,1,0,0,Hardware: Independent Flip,12482.7913,25.5511,25.3208,0.2303,24.8368,26.4715,26.3908,0.0807,56.7232,13.9535,-15.7717,12482.7913,NA,42.4344,NA
valheim.exe,8100,0x147123C9510,DXGI,1,0,0,Hardware: Independent Flip,12508.3424,11.4607,11.3015,0.1592,25.7572,16.3796,16.3796,0.0000,45.1256,6.9007,11.5976,12508.3424,NA,NA,NA
valheim.exe,8100,0x147123C9510,DXGI,1,0,0,Hardware: Independent Flip,12519.8031,8.2583,8.0828,0.1755,30.6761,0.7546,0.6441,0.1105,40.5656,13.8807,4.5600,12519.8031,NA,NA,NA
valheim.exe,8100,0x147123C9510,DXGI,1,0,0,Hardware: Independent Flip,12528.0614,27.3037,27.1290,0.1747,25.5514,15.6772,15.5974,0.0798,46.1880,27.8363,-5.6224,12528.0614,NA,NA,NA
valheim.exe,8100,0x147123C9510,DXGI,1,0,0,Hardware: Independent Flip,12555.3651,12.5311,12.2065,0.3246,13.9249,27.3828,27.3828,0.0000,46.7206,20.9088,-0.5326,12555.3651,NA,NA,NA
valheim.exe,8100,0x147123C9510,DXGI,1,0,0,Hardware: Independent Flip,12567.8962,14.7537,14.5582,0.1955,28.7766,19.3078,19.3078,0.0000,55.0983,6.8864,-8.3777,12567.8962,NA,NA,NA
valheim.exe,8100,0x147123C9510,DXGI,1,0,0,Hardware: Independent Flip,12582.6499,10.2402,10.0635,0.1767,33.4651,1.0149,0.9290,0.0859,47.2310,6.9460,7.8673,12582.6499,NA,NA,NA
valheim.exe,8100,0x147123C9510,DXGI,1,0,0,Hardware: Independent Flip,12592.8901,28.0684,27.8971,0.1713,24.3004,19.1169,19.0808,0.0361,43.9368,34.7451,3.2942,12592.8901,NA,NA,NA
valheim.exe,8100,0x147123C9510,DXGI,1,0,0,Hardware: Independent Flip,12620.9585,19.3993,19.2319,0.1674,17.3319,31.4656,31.3212,0.1444,50.6135,20.8510,-6.6767,12620.9585,NA,NA,NA
valheim.exe,8100,0x147123C9510,DXGI,1,0,0,Hardware: Independent Flip,12640.3578,9.0545,8.9051,0.1494,29.3982,18.1436,18.1436,0.0000,52.0652,13.9635,-1.4517,12640.3578,NA,NA,NA
valheim.exe,8100,0x147123C9510,DXGI,1,0,0,Hardware: Independent Flip,12649.4123,11.4329,11.3083,0.1246,38.4873,16.4219,16.4219,0.0000,56.9742,6.9545,-4.9090,12649.4123,NA,NA,NA
valheim.exe,8100,0x147123C9510,DXGI,1,0,0,Hardware: Independent Flip,12660.8452,24.0938,23.8091,0.2847,43.4763,1.0335,0.9639,0.0696,52.4958,27.7514,4.4784,12660.8452,NA,NA,NA
valheim.exe,8100,0x147123C9510,DXGI,1,0,0,Hardware: Independent Flip,12684.9390,24.5528,24.3634,0.1894,20.4305,30.4409,29.7736,0.6673,56.1534,13.9427,-3.6576,12684.9390,NA,NA,NA
valheim.exe,8100,0x147123C9510,DXGI,1,0,0,Hardware: Independent Flip,12709.4918,9.6879,9.5266,0.1613,26.3186,16.6215,16.6215,0.0000,45.5433,6.8972,10.6101,12709.4918,NA,NA,NA
valheim.exe,8100,0x147123C9510,DXGI,1,0,0,Hardware: Independent Flip,12719.1797,7.0479,6.8802,0.1677,33.2522,3.2950,3.1972,0.0978,42.7526,27.8523,2.7907,12719.1797,NA,NA,NA
valheim.exe,8100,0x147123C9510,DXGI,1,0,0,Hardware: Independent Flip,12726.2276,30.3664,30.1843,0.1821,29.4993,28.0854,28.0068,0.0786,63.5570,13.9389,-20.8044,12726.2276,NA,NA,NA
valheim.exe,8100,0x147123C9510,DXGI,1,0,0,Hardware: Independent Flip,12756.5940,11.9001,11.7237,0.1764,27.2183,15.1640,15.1364,0.0276,47.1295,6.9039,16.4275,12756.5940,NA,NA,NA
valheim.exe,8100,0x147123C9510,DXGI,1,0,0,Hardware: Independent Flip,12768.4941,10.6576,10.4596,0.1980,30.4822,3.8435,3.6864,0.1571,42.1333,27.8332,4.9962,12768.4941,NA,NA,NA
valheim.exe,8100,0x147123C9510,DXGI,1,0,0,Hardware: Independent Flip,12779.1517,28.4199,28.0791,0.3408,27.0482,27.5674,27.4884,0.0790,59.3089,6.8936,-17.1756,12779.1517,NA,NA,NA
valheim.exe,8100,0x147123C9510,DXGI,1,0,0,Hardware: Independent Flip,12807.5716,10.2970,10.1100,0.1870,26.1957,2.1246,2.1103,0.0143,37.7826,6.9523,21.5263,12807.5716,NA,32.2913,NA
valheim.exe,8100,0x147123C9510,DXGI,1,0,0,Hardware: Independent Flip,12817.8686,9.1034,8.9266,0.1768,18.0233,15.3234,15.2180,0.1054,34.4379,27.8235,3.3447,12817.8686,NA,NA,NA
valheim.exe,8100,0x147123C9510,DXGI,1,0,0,Hardware: Independent Flip,12826.9720,27.1053,26.8871,0.2182,25.1547,27.6967,27.5457,0.1510,53.1580,13.9063,-18.7201,12826.9720,NA,NA,NA
valheim.exe,8100,0x147123C9510,DXGI,1,0,0,Hardware: Independent Flip,12854.0773,10.8824,10.6639,0.2185,25.8100,13.8099,13.7659,0.0440,39.9590,20.8557,13.1990,12854.0773,NA,NA,NA
valheim.exe,8100,0x147123C9510,DXGI,1,0,0,Hardware: Independent Flip,12864.9597,8.9975,8.8266,0.1709,28.7375,17.0251,17.0156,0.0095,49.9323,13.8731,-9.9733,12864.9597,NA,NA,NA
valheim.exe,8100,0x147123C9510,DXGI,1,0,0,Hardware: Independent Flip,12873.9572,20.7395,20.4753,0.2642,36.7651,16.0301,16.0301,0.0000,54.8079,6.9763,-4.8756,12873.9572,NA,NA,NA
valheim.exe,8100,0x147123C9510,DXGI,1,0,0,Hardware: Independent Flip,12894.6967,13.7660,13.5387,0.2273,32.1642,3.8897,3.7016,0.1881,41.0447,20.8605,13.7632,12894.6967,NA,NA,NA
valheim.exe,8100,0x147123C9510,DXGI,1,0,0,Hardware: Independent Flip,12908.4627,21.9228,21.6772,0.2456,22.2879,25.6930,25.6234,0.0696,48.1392,20.8442,-7.0945,12908.4627,NA,NA,NA
valheim.exe,8100,0x147123C9510,DXGI,1,0,0,Hardware: Independent Flip,12930.3855,12.8714,12.6728,0.1986,26.0581,17.9713,17.9713,0.0000,47.0606,13.8648,1.0786,12930.3855,NA,NA,NA
valheim.exe,8100,0x147123C9510,DXGI,1,0,0,Hardware: Independent Flip,12943.2569,9.4914,9.3318,0.1596,31.2265,15.1919,15.1919,0.0000,48.0540,13.9350,-0.9934,12943.2569,NA,NA,NA
valheim.exe,8100,0x147123C9510,DXGI,1,0,0,Hardware: Independent Flip,12952.7483,19.6085,19.4441,0.1644,37.0049,14.8229,14.8229,0.0000,52.4976,20.8521,-4.4436,12952.7483,NA,NA,NA
valheim.exe,8100,0x147123C9510,DXGI,1,0,0,Hardware: Independent Flip,12972.3568,19.0080,18.8304,0.1776,32.2780,14.5492,14.5492,0.0000,53.7412,13.9651,-1.2436,12972.3568,NA,50.0610,NA
valheim.exe,8100,0x147123C9510,DXGI,1,0,0,Hardware: Independent Flip,12991.3648,12.6678,12.4904,0.1774,27.8922,14.0443,14.0443,0.0000,48.6983,6.9055,5.0429,12991.3648,NA,NA,NA
valheim.exe,8100,0x147123C9510,DXGI,1,0,0,Hardware: Independent Flip,13004.0326,14.3905,14.1923,0.1982,29.2687,2.7061,2.6489,0.0572,42.9360,20.8514,5.7623,13004.0326,NA,NA,NA
valheim.exe,8100,0x147123C9510,DXGI,1,0,0,Hardware: Independent Flip,13018.4231,24.3964,24.2163,0.1801,17.5843,31.2461,29.0123,2.2338,49.3969,20.8434,-6.4609,13018.4231,NA,NA,NA
valheim.exe,8100,0x147123C9510,DXGI,1,0,0,Hardware: Independent Flip,13042.8195,8.2324,8.0314,0.2010,24.4340,16.7952,16.7423,0.0529,45.8439,13.9580,3.5530,13042.8195,NA,NA,NA
valheim.exe,8100,0x147123C9510,DXGI,1,0,0,Hardware: Independent Flip,13051.0519,12.4302,12.2741,0.1561,32.9968,13.4754,13.4643,0.0111,51.5695,6.8656,-5.7256,13051.0519,NA,NA,NA
valheim.exe,8100,0x147123C9510,DXGI,1,0,0,Hardware: Independent Flip,13063.4821,16.7261,16.5799,0.1462,34.0420,2.7087,2.6835,0.0252,46.0049,6.9635,5.5646,13063.4821,NA,NA,NA
valheim.exe,8100,0x147123C9510,DXGI,1,0,0,Hardware: Independent Flip,13080.2082,19.3653,19.1893,0.1760,20.0692,14.8510,14.6729,0.1781,36.2423,27.8293,9.7626,13080.2082,NA,NA,NA
valheim.exe,8100,0x147123C9510,DXGI,1,0,0,Hardware: Independent Flip,13099.5735,15.4114,15.2013,0.2101,15.5549,27.0942,27.0942,0.0000,44.7063,13.9347,-8.4640,13099.5735,NA,NA,NA
valheim.exe,8100,0x147123C9510,DXGI,1,0,0,Hardware: Independent Flip,13114.9849,9.6022,9.4278,0.1744,27.3116,13.3121,13.3121,0.0000,43.2296,6.9185,1.4767,13114.9849,NA,40.1861,NA
valheim.exe,8100,0x147123C9510,DXGI,1,0,0,Hardware: Independent Flip,13124.5871,7.1399,6.9714,0.1685,31.0215,2.4333,2.3844,0.0489,40.5459,27.7837,2.6837,13124.5871,NA,NA,NA
valheim.exe,8100,0x147123C9510,DXGI,1,0,0,Hardware: Independent Flip,13131.7270,28.7821,28.5712,0.2109,26.3634,30.9759,30.9759,0.0000,61.1897,13.9431,-20.6438,13131.7270,NA,NA,NA
valheim.exe,8100,0x147123C9510,DXGI,1,0,0,Hardware: Independent Flip,13160.5091,9.3347,9.1676,0.1671,28.5572,15.5222,15.5222,0.0000,46.3507,6.9211,14.8390,13160.5091,NA,NA,NA
valheim.exe,8100,0x147123C9510,DXGI,1,0,0,Hardware: Independent Flip,13169.8438,11.7474,11.5557,0.1917,34.8248,2.6454,2.4887,0.1567,43.9371,20.8280,2.4136,13169.8438,NA,NA,NA
valheim.exe,8100,0x147123C9510,DXGI,1,0,0,Hardware: Independent Flip,13181.5912,26.4874,26.2734,0.2140,25.7228,25.9541,25.9541,0.0000,53.0177,20.8676,-9.0806,13181.5912,NA,NA,NA
valheim.exe,8100,0x147123C9510,DXGI,1,0,0,Hardware: Independent Flip,13208.0786,11.7786,11.5748,0.2038,25.1895,15.5965,15.5965,0.0000,47.3979,6.9933,5.6198,13208.0786,NA,NA,NA
valheim.exe,8100,0x147123C9510,DXGI,1,0,0,Hardware: Independent Flip,13219.8572,7.5403,7.3684,0.1719,29.0913,12.5746,12.5519,0.0227,42.6126,6.8933,4.7853,13219.8572,NA,NA,NA
valheim.exe,8100,0x147123C9510,DXGI,1,0,0,Hardware: Independent Flip,13227.3975,20.4618,20.2588,0.2030,34.1894,3.2197,3.1667,0.0530,41.9656,27.8210,0.6470,13227.3975,NA,NA,NA
valheim.exe,8100,0x147123C9510,DXGI,1,0,0,Hardware: Independent Flip,13247.8593,20.7553,20.6003,0.1550,19.5091,26.8874,26.8561,0.0313,49.3248,13.9617,-7.3592,13247.8593,NA,NA,NA
valheim.exe,8100,0x147123C9510,DXGI,1,0,0,Hardware: Independent Flip,13268.6146,7.7053,7.5583,0.1470,25.7203,14.4396,14.4396,0.0000,42.5312,6.8926,6.7936,13268.6146,NA,NA,NA
valheim.exe,8100,0x147123C9510,DXGI,1,0,0,Hardware: Independent Flip,13276.3199,8.2867,8.1513,0.1354,32.5718,0.7498,0.7048,0.0450,41.7185,27.8091,0.8127,13276.3199,NA,NA,NA
valheim.exe,8100,0x147123C9510,DXGI,1,0,0,Hardware: Independent Flip,13284.6066,34.2507,34.0339,0.2168,25.0541,32.9711,27.2833,5.6878,61.2409,13.9295,-19.5224,13284.6066,NA,NA,NA
valheim.exe,8100,0x147123C9510,DXGI,1,0,0,Hardware: Independent Flip,13318.8573,10.5924,10.4164,0.1760,23.8343,15.5926,15.5926,0.0000,40.9197,6.9274,20.3212,13318.8573,NA,NA,NA
valheim.exe,8100,0x147123C9510,DXGI,1,0,0,Hardware: Independent Flip,13329.4497,8.4181,8.0953,0.3228,28.9172,4.0402,3.9178,0.1224,37.2547,27.7951,3.6650,13329.4497,NA,NA,NA
valheim.exe,8100,0x147123C9510,DXGI,1,0,0,Hardware: Independent Flip,13337.8678,24.5678,24.2267,0.3411,24.5393,26.7220,26.7220,0.0000,56.6317,13.9442,-19.3770,13337.8678,NA,NA,NA
valheim.exe,8100,0x147123C9510,DXGI,1,0,0,Hardware: Independent Flip,13362.4356,8.0427,7.8955,0.1472,26.6935,12.5827,12.5827,0.0000,46.0081,6.9579,10.6236,13362.4356,NA,NA,NA
valheim.exe,8100,0x147123C9510,DXGI,1,0,0,Hardware: Independent Flip,13370.4783,8.2406,8.0767,0.1639,31.3013,2.8655,2.8655,0.0000,44.9233,20.7937,1.0848,13370.4783,NA,NA,NA
valheim.exe,8100,0x147123C9510,DXGI,1,0,0,Hardware: Independent Flip,13378.7189,29.9323,29.7624,0.1699,28.7496,27.1648,25.3936,1.7712,57.4764,20.9244,-12.5531,13378.7189,NA,42.1718,NA
valheim.exe,8100,0x147123C9510,DXGI,1,0,0,Hardware: Independent Flip,13408.6512,11.1856,11.0426,0.1430,25.9821,15.8700,15.8613,0.0087,48.4685,6.9114,9.0079,13408.6512,NA,40.0578,NA
valheim.exe,8100,0x147123C9510,DXGI,1,0,0,Hardware: Independent Flip,13419.8368,6.7666,6.6238,0.1428,30.6665,3.7149,3.6105,0.1044,44.1943,6.9424,4.2742,13419.8368,NA,NA,NA
valheim.exe,8100,0x147123C9510,DXGI,1,0,0,Hardware: Independent Flip,13426.6034,26.4854,26.2216,0.2638,27.6148,14.4192,14.3876,0.0316,44.3701,34.7618,-0.1758,13426.6034,NA,35.8975,NA
valheim.exe,8100,0x147123C9510,DXGI,1,0,0,Hardware: Independent Flip,13453.0888,22.6336,22.4545,0.1791,21.2538,25.4999,25.4487,0.0512,52.6465,13.9705,-8.2764,13453.0888,NA,45.6572,NA
valheim.exe,8100,0x147123C9510,DXGI,1,0,0,Hardware: Independent Flip,13475.7224,10.6775,10.5190,0.1585,24.1201,15.7624,15.6480,0.1144,43.9834,6.8811,8.6631,13475.7224,NA,43.6173,NA
valheim.exe,8100,0x147123C9510,DXGI,1,0,0,Hardware: Independent Flip,13486.3999,7.5897,7.3824,0.2073,29.3855,3.6298,3.5537,0.0761,40.1870,27.8334,3.7964,13486.3999,NA,NA,NA
valheim.exe,8100,0x147123C9510,DXGI,1,0,0,Hardware: Independent Flip,13493.9896,29.8686,29.6677,0.2009,28.9231,27.2658,27.2076,0.0582,60.4307,6.9241,-20.2437,13493.9896,NA,47.3945,NA
valheim.exe,8100,0x147123C9510,DXGI,1,0,0,Hardware: Independent Flip,13523.8582,8.0275,7.8827,0.1448,26.3203,2.0102,1.9426,0.0676,37.4862,6.9858,22.9445,13523.8582,NA,38.2978,NA
valheim.exe,8100,0x147123C9510,DXGI,1,0,0,Hardware: Independent Flip,13531.8857,9.6344,9.4408,0.1936,20.3030,12.8737,12.7708,0.1029,36.4445,27.7360,1.0417,13531.8857,NA,NA,NA
valheim.exe,8100,0x147123C9510,DXGI,1,0,0,Hardware: Independent Flip,13541.5201,28.2178,28.0573,0.1605,23.6135,29.5320,28.1345,1.3975,54.5461,6.9924,-18.1016,13541.5201,NA,31.0428,NA
valheim.exe,8100,0x147123C9510,DXGI,1,0,0,Hardware: Independent Flip,13569.7379,9.9893,9.8482,0.1411,24.9797,4.7303,4.6434,0.0869,33.3207,13.8656,21.2254,13569.7379,NA,26.9914,NA
valheim.exe,8100,0x147123C9510,DXGI,1,0,0,Hardware: Independent Flip,13579.7272,7.4635,7.2308,0.2327,19.7207,15.3291,15.2735,0.0556,37.1970,27.8224,-3.8763,13579.7272,NA,NA,NA
valheim.exe,8100,0x147123C9510,DXGI,1,0,0,Hardware: Independent Flip,13587.1907,28.4913,28.3276,0.1637,27.6523,28.0980,28.0251,0.0729,57.5559,13.8797,-20.3589,13587.1907,NA,30.7271,NA
valheim.exe,8100,0x147123C9510,DXGI,1,0,0,Hardware: Independent Flip,13615.6820,9.6779,9.5502,0.1277,27.2590,15.2103,15.2103,0.0000,42.9443,20.8705,14.6116,13615.6820,NA,34.6199,NA
valheim.exe,8100,0x147123C9510,DXGI,1,0,0,Hardware: Independent Flip,13625.3599,14.9408,14.8145,0.1263,32.8552,14.9915,14.9691,0.0224,54.1369,13.9142,-11.1926,13625.3599,NA,NA,NA
valheim.exe,8100,0x147123C9510,DXGI,1,0,0,Hardware: Independent Flip,13640.3007,15.8982,15.7250,0.1732,32.9059,14.2183,14.2183,0.0000,53.1103,6.9442,1.0266,13640.3007,NA,48.3579,NA
valheim.exe,8100,0x147123C9510,DXGI,1,0,0,Hardware: Independent Flip,13656.1989,12.5601,12.4229,0.1372,31.2260,7.7616,7.5738,0.1878,44.1563,27.7923,8.9540,13656.1989,NA,41.3153,NA
valheim.exe,8100,0x147123C9510,DXGI,1,0,0,Hardware: Independent Flip,13668.7590,28.6077,28.4350,0.1727,26.8752,28.8500,28.7231,0.1269,59.3885,13.9293,-15.2322,13668.7590,NA,34.1316,NA
valheim.exe,8100,0x147123C9510,DXGI,1,0,0,Hardware: Independent Flip,13697.3667,10.7063,10.4621,0.2442,27.1175,14.7489,14.7489,0.0000,44.7101,6.9269,14.6784,13697.3667,NA,36.0226,NA
valheim.exe,8100,0x147123C9510,DXGI,1,0,0,Hardware: Independent Flip,13708.0730,12.2865,12.1091,0.1774,31.1601,5.1986,5.1429,0.0557,40.9307,27.8098,3.7794,13708.0730,NA,NA,NA
valheim.exe,8100,0x147123C9510,DXGI,1,0,0,Hardware: Independent Flip,13720.3595,23.0744,22.7320,0.3424,24.0722,28.3158,28.2805,0.0353,56.4540,13.9558,-15.5233,13720.3595,NA,34.7655,NA
valheim.exe,8100,0x147123C9510,DXGI,1,0,0,Hardware: Independent Flip,13743.4339,11.1676,11.0266,0.1410,29.3136,16.4291,16.4291,0.0000,47.3354,6.9332,9.1186,13743.4339,NA,37.7613,NA
valheim.exe,8100,0x147123C9510,DXGI,1,0,0,Hardware: Independent Flip,13754.6015,9.3412,9.1351,0.2061,34.6740,0.6718,0.5804,0.0914,43.1010,20.8284,4.2344,13754.6015,NA,NA,NA
valheim.exe,8100,0x147123C9510,DXGI,1,0,0,Hardware: Independent Flip,13763.9427,28.1422,27.9369,0.2053,26.5421,26.3262,26.2743,0.0519,54.5882,20.8710,-11.4872,13763.9427,NA,40.5213,NA
valheim.exe,8100,0x147123C9510,DXGI,1,0,0,Hardware: Independent Flip,13792.0849,11.2794,11.1286,0.1508,24.7261,17.9222,17.9222,0.0000,47.3170,13.8887,7.2712,13792.0849,NA,38.3944,NA
valheim.exe,8100,0x147123C9510,DXGI,1,0,0,Hardware: Independent Flip,13803.3643,10.9138,10.7695,0.1443,31.3689,16.5780,16.5780,0.0000,49.9263,6.9327,-2.6093,13803.3643,NA,NA,NA
valheim.exe,8100,0x147123C9510,DXGI,1,0,0,Hardware: Independent Flip,13814.2781,20.3710,20.1906,0.1804,37.0331,3.9316,3.8407,0.0909,45.9452,27.7980,3.9811,13814.2781,NA,41.2227,NA
valheim.exe,8100,0x147123C9510,DXGI,1,0,0,Hardware: Independent Flip,13834.6491,20.2189,19.9616,0.2573,20.6686,27.1316,27.1161,0.0155,53.3722,13.9465,-7.4270,13834.6491,NA,35.0121,NA
valheim.exe,8100,0x147123C9510,DXGI,1,0,0,Hardware: Independent Flip,13854.8680,11.3661,11.2268,0.1393,27.6679,15.8299,15.7929,0.0370,47.0998,6.9230,6.2724,13854.8680,NA,36.9266,NA
valheim.exe,8100,0x147123C9510,DXGI,1,0,0,Hardware: Independent Flip,13866.2341,9.8973,9.7616,0.1357,32.1317,3.6901,3.5178,0.1723,42.6567,13.9373,4.4431,13866.2341,NA,NA,NA
valheim.exe,8100,0x147123C9510,DXGI,1,0,0,Hardware: Independent Flip,13876.1314,30.5214,30.3539,0.1675,28.7776,14.8717,14.7617,0.1100,46.6967,27.7900,-4.0400,13876.1314,NA,19.7992,NA
valheim.exe,8100,0x147123C9510,DXGI,1,0,0,Hardware: Independent Flip,13906.6528,11.9309,11.6319,0.2990,13.1279,24.1564,24.1233,0.0331,43.9653,6.9358,2.7314,13906.6528,NA,44.5884,NA
valheim.exe,8100,0x147123C9510,DXGI,1,0,0,Hardware: Independent Flip,13918.5837,9.0245,8.8111,0.2134,25.4416,12.2900,12.2567,0.0333,38.9702,13.9063,4.9951,13918.5837,NA,36.4739,NA
valheim.exe,8100,0x147123C9510,DXGI,1,0,0,Hardware: Independent Flip,13927.6082,12.4935,12.3262,0.1673,28.8045,8.2850,8.0985,0.1865,43.8520,13.9075,-4.8818,13927.6082,NA,NA,NA
valheim.exe,8100,0x147123C9510,DXGI,1,0,0,Hardware: Independent Flip,13940.1017,28.0426,27.8695,0.1731,27.1826,14.0245,13.8632,0.1613,45.2660,20.8637,-1.4140,13940.1017,NA,NA,NA
valheim.exe,8100,0x147123C9510,DXGI,1,0,0,Hardware: Independent Flip,13968.1443,13.8040,13.5887,0.2153,13.1645,24.2720,24.2324,0.0396,38.0871,20.8170,7.1789,13968.1443,NA,NA,NA
valheim.exe,8100,0x147123C9510,DXGI,1,0,0,Hardware: Independent Flip,13981.9483,9.4533,9.2150,0.2383,23.6325,16.7209,16.7209,0.0000,45.1001,14.0438,-7.0130,13981.9483,NA,NA,NA
valheim.exe,8100,0x147123C9510,DXGI,1,0,0,Hardware: Independent Flip,13991.4016,11.6592,11.4932,0.1660,30.9001,14.9483,14.9483,0.0000,49.6906,6.8606,-4.5905,13991.4016,NA,NA,NA
valheim.exe,8100,0x147123C9510,DXGI,1,0,0,Hardware: Independent Flip,14003.0608,20.9515,20.7492,0.2023,34.1892,2.3498,2.2653,0.0845,44.8920,20.8061,4.7986,14003.0608,NA,NA,NA
valheim.exe,8100,0x147123C9510,DXGI,1,0,0,Hardware: Independent Flip,14024.0123,20.4439,20.2533,0.1906,19.2261,25.1868,25.1436,0.0432,44.7466,13.8807,0.1454,14024.0123,NA,NA,NA
valheim.exe,8100,0x147123C9510,DXGI,1,0,0,Hardware: Independent Flip,14044.4562,7.9431,7.7313,0.2118,23.9690,13.7816,13.7816,0.0000,38.1834,13.9186,6.5632,14044.4562,NA,NA,NA
valheim.exe,8100,0x147123C9510,DXGI,1,0,0,Hardware: Independent Flip,14052.3993,10.1670,10.0220,0.1450,29.8537,12.4400,12.4226,0.0174,44.1589,6.9621,-5.9755,14052.3993,NA,NA,NA
valheim.exe,8100,0x147123C9510,DXGI,1,0,0,Hardware: Independent Flip,14062.5663,19.0527,18.8588,0.1939,32.1894,2.2009,2.1676,0.0333,40.9540,20.8337,3.2049,14062.5663,NA,45.4773,NA
valheim.exe,8100,0x147123C9510,DXGI,1,0,0,Hardware: Independent Flip,14081.6190,14.5698,14.3787,0.1911,15.4600,25.8869,25.8763,0.0106,42.7350,13.9129,-1.7810,14081.6190,NA,NA,NA
valheim.exe,8100,0x147123C9510,DXGI,1,0,0,Hardware: Independent Flip,14096.1888,10.4313,10.2494,0.1819,26.7771,14.6039,14.5221,0.0818,42.0781,13.9684,0.6569,14096.1888,NA,NA,NA
valheim.exe,8100,0x147123C9510,DXGI,1,0,0,Hardware: Independent Flip,14106.6201,11.5946,11.3832,0.2114,30.9497,12.0604,12.0405,0.0199,45.6152,6.9132,-3.5371,14106.6201,NA,NA,NA
valheim.exe,8100,0x147123C9510,DXGI,1,0,0,Hardware: Independent Flip,14118.2147,20.1790,19.8778,0.3012,31.4155,5.5739,5.4891,0.0848,40.9338,13.9198,4.6814,14118.2147,NA,NA,NA
valheim.exe,8100,0x147123C9510,DXGI,1,0,0,Hardware: Independent Flip,14138.3937,15.2381,14.9612,0.2769,16.8104,13.9146,13.7341,0.1805,34.6746,27.7656,6.2592,14138.3937,NA,NA,NA
valheim.exe,8100,0x147123C9510,DXGI,1,0,0,Hardware: Independent Flip,14153.6318,16.0951,15.8738,0.2213,15.4869,25.1448,25.1081,0.0367,47.2021,6.9583,-12.5275,14153.6318,NA,NA,NA
valheim.exe,8100,0x147123C9510,DXGI,1,0,0,Hardware: Independent Flip,14169.7269,9.2324,9.0570,0.1754,24.5366,12.8539,12.8539,0.0000,38.0653,6.9344,9.1368,14169.7269,NA,NA,NA
valheim.exe,8100,0x147123C9510,DXGI,1,0,0,Hardware: Independent Flip,14178.9593,9.7958,9.6243,0.1715,28.2691,0.8431,0.7385,0.1046,35.7673,27.8165,2.2980,14178.9593,NA,NA,NA
valheim.exe,8100,0x147123C9510,DXGI,1,0,0,Hardware: Independent Flip,14188.7551,26.5919,26.4079,0.1840,19.3164,30.9245,26.4990,4.4255,53.7880,13.9283,-18.0207,14188.7551,NA,NA,NA
valheim.exe,8100,0x147123C9510,DXGI,1,0,0,Hardware: Independent Flip,14215.3470,8.8296,8.6665,0.1631,23.6490,16.1222,16.1222,0.0000,41.1244,6.9267,12.6636,14215.3470,NA,NA,NA
valheim.exe,8100,0x147123C9510,DXGI,1,0,0,Hardware: Independent Flip,14224.1766,9.2723,9.1301,0.1422,31.0274,2.2579,2.1827,0.0752,39.2215,20.8622,1.9029,14224.1766,NA,NA,NA
valheim.exe,8100,0x147123C9510,DXGI,1,0,0,Hardware: Independent Flip,14233.4489,22.8732,22.6878,0.1854,24.0130,26.0286,26.0286,0.0000,50.8114,13.9204,-11.5899,14233.4489,NA,53.1582,NA
valheim.exe,8100,0x147123C9510,DXGI,1,0,0,Hardware: Independent Flip,14256.3221,10.1881,10.0309,0.1572,27.2197,14.3671,14.3470,0.0201,41.8586,13.8544,8.9528,14256.3221,NA,38.1642,NA
valheim.exe,8100,0x147123C9510,DXGI,1,0,0,Hardware: Independent Flip,14266.5102,12.6687,12.5392,0.1295,31.4841,12.8345,12.8345,0.0000,45.5249,13.9107,-3.6663,14266.5102,NA,NA,NA
valheim.exe,8100,0x147123C9510,DXGI,1,0,0,Hardware: Independent Flip,14279.1789,20.4259,20.2192,0.2067,31.6499,12.5395,12.5395,0.0000,46.7669,20.9558,-1.2420,14279.1789,NA,31.8808,NA
valheim.exe,8100,0x147123C9510,DXGI,1,0,0,Hardware: Independent Flip,14299.6048,9.5044,9.3616,0.1428,23.7635,16.7834,16.7834,0.0000,47.2968,6.8587,-0.5299,14299.6048,NA,NA,NA
valheim.exe,8100,0x147123C9510,DXGI,1,0,0,Hardware: Independent Flip,14309.1092,16.0349,15.8525,0.1824,31.1733,3.7122,3.6675,0.0447,44.6511,6.9645,2.6457,14309.1092,NA,41.7251,NA
valheim.exe,8100,0x147123C9510,DXGI,1,0,0,Hardware: Independent Flip,14325.1441,21.3352,21.1730,0.1622,19.7889,14.5160,14.4070,0.1090,35.5807,27.8196,9.0704,14325.1441,NA,39.7039,NA
valheim.exe,8100,0x147123C9510,DXGI,1,0,0,Hardware: Independent Flip,14346.4793,16.3118,16.1344,0.1774,15.2669,23.7571,23.5490,0.2081,42.0651,13.8838,-6.4844,14346.4793,NA,35.5175,NA
valheim.exe,8100,0x147123C9510,DXGI,1,0,0,Hardware: Independent Flip,14362.7911,9.8777,9.7047,0.1730,22.7122,16.0073,15.9816,0.0257,39.6371,6.9480,2.4280,14362.7911,NA,39.3685,NA
valheim.exe,8100,0x147123C9510,DXGI,1,0,0,Hardware: Independent Flip,14372.6688,11.5342,11.3809,0.1533,28.8418,3.8652,3.7995,0.0657,36.7074,34.7670,2.9297,14372.6688,NA,NA,NA
valheim.exe,8100,0x147123C9510,DXGI,1,0,0,Hardware: Independent Flip,14384.2030,20.9251,20.7652,0.1599,21.2637,38.5604,38.5219,0.0385,59.9402,6.9771,-23.2328,14384.2030,NA,45.1120,NA
valheim.exe,8100,0x147123C9510,DXGI,1,0,0,Hardware: Independent Flip,14405.1281,13.2589,13.1053,0.1536,38.8990,0.3393,0.3116,0.0277,45.9922,6.9402,13.9480,14405.1281,NA,39.0907,NA
valheim.exe,8100,0x147123C9510,DXGI,1,0,0,Hardware: Independent Flip,14418.3870,8.0937,7.9662,0.1275,25.9794,0.1691,0.1403,0.0288,39.6735,27.7918,6.3187,14418.3870,NA,NA,NA
valheim.exe,8100,0x147123C9510,DXGI,1,0,0,Hardware: Independent Flip,14426.4807,33.9220,33.7770,0.1450,18.1134,40.1307,27.0121,13.1186,59.3716,20.8538,-19.6981,14426.4807,NA,27.8025,NA
valheim.exe,8100,0x147123C9510,DXGI,1,0,0,Hardware: Independent Flip,14460.4027,9.1352,8.9738,0.1614,24.3221,16.8032,16.8032,0.0000,46.3034,13.9102,13.0682,14460.4027,NA,39.6854,NA
valheim.exe,8100,0x147123C9510,DXGI,1,0,0,Hardware: Independent Flip,14469.5379,11.8086,11.5806,0.2280,31.9901,14.5500,14.5235,0.0265,51.0784,6.9638,-4.7750,14469.5379,NA,NA,NA
valheim.exe,8100,0x147123C9510,DXGI,1,0,0,Hardware: Independent Flip,14481.3465,19.2543,19.0197,0.2346,34.7315,3.6065,3.5487,0.0578,46.2336,20.8134,4.8448,14481.3465,NA,41.5516,NA
valheim.exe,8100,0x147123C9510,DXGI,1,0,0,Hardware: Independent Flip,14500.6008,22.2038,22.0585,0.1453,20.5155,25.0383,24.9195,0.1188,47.7927,20.8681,-1.5591,14500.6008,NA,40.3745,NA
valheim.exe,8100,0x147123C9510,DXGI,1,0,0,Hardware: Independent Flip,14522.8046,11.2031,11.0184,0.1847,23.4070,16.2151,16.1485,0.0666,46.4570,13.9685,1.3357,14522.8046,NA,38.2483,NA
valheim.exe,8100,0x147123C9510,DXGI,1,0,0,Hardware: Independent Flip,14534.0077,9.9372,9.7807,0.1565,28.4190,15.7250,15.7250,0.0000,49.2224,6.9142,-2.7654,14534.0077,NA,NA,NA
valheim.exe,8100,0x147123C9510,DXGI,1,0,0,Hardware: Independent Flip,14543.9449,17.3672,17.1910,0.1762,34.4303,3.8174,3.7767,0.0407,46.1994,6.9238,3.0230,14543.9449,NA,42.0952,NA
valheim.exe,8100,0x147123C9510,DXGI,1,0,0,Hardware: Independent Flip,14561.3121,22.6859,22.4203,0.2656,20.9655,12.3894,12.2249,0.1645,35.7560,27.7774,10.4434,14561.3121,NA,14.0077,NA
valheim.exe,8100,0x147123C9510,DXGI,1,0,0,Hardware: Independent Flip,14583.9980,14.8296,14.5913,0.2383,10.7343,28.3549,27.7974,0.5575,40.8475,20.8515,-5.0915,14583.9980,NA,30.8435,NA
valheim.exe,8100,0x147123C9510,DXGI,1,0,0,Hardware: Independent Flip,14598.8276,8.8703,8.7017,0.1686,24.2596,16.2679,16.2276,0.0403,46.8694,13.9717,-6.0219,14598.8276,NA,40.6541,NA
valheim.exe,8100,0x147123C9510,DXGI,1,0,0,Hardware: Independent Flip,14607.6979,11.8371,11.6794,0.1577,31.6572,16.4163,16.3702,0.0461,51.9708,6.9283,-5.1014,14607.6979,NA,NA,NA
valheim.exe,8100,0x147123C9510,DXGI,1,0,0,Hardware: Independent Flip,14619.5350,23.2411,23.0405,0.2006,36.2364,2.3032,2.2975,0.0057,47.0620,27.7633,4.9088,14619.5350,NA,41.5914,NA
valheim.exe,8100,0x147123C9510,DXGI,1,0,0,Hardware: Independent Flip,14642.7761,21.6790,21.4721,0.2069,20.8530,23.8935,23.8330,0.0605,51.5842,14.0410,-4.5222,14642.7761,NA,32.3420,NA
valheim.exe,8100,0x147123C9510,DXGI,1,0,0,Hardware: Independent Flip,14664.4551,9.3774,9.1924,0.1850,23.0675,16.7762,16.7762,0.0000,43.9462,6.8736,7.6380,14664.4551,NA,38.3701,NA
valheim.exe,8100,0x147123C9510,DXGI,1,0,0,Hardware: Independent Flip,14673.8325,13.4494,13.2659,0.1835,30.4663,3.1960,3.0991,0.0969,41.4424,13.8861,2.5038,14673.8325,NA,NA,NA
valheim.exe,8100,0x147123C9510,DXGI,1,0,0,Hardware: Independent Flip,14687.2819,24.9810,24.7947,0.1863,24.0672,14.2946,14.2261,0.0685,41.8791,27.7879,-0.4367,14687.2819,NA,27.0964,NA
valheim.exe,8100,0x147123C9510,DXGI,1,0,0,Hardware: Independent Flip,14712.2629,13.3322,13.0120,0.3202,13.5037,24.4846,24.4846,0.0000,44.6860,6.9552,-2.8069,14712.2629,NA,NA,NA
valheim.exe,8100,0x147123C9510,DXGI,1,0,0,Hardware: Independent Flip,14725.5951,8.0598,7.8842,0.1756,24.6561,12.0912,12.0523,0.0389,38.3090,6.9394,6.3770,14725.5951,NA,34.8384,NA
valheim.exe,8100,0x147123C9510,DXGI,1,0,0,Hardware: Independent Flip,14733.6549,11.6625,11.5103,0.1522,28.7529,5.1015,5.0333,0.0682,37.1886,41.7190,1.1204,14733.6549,NA,NA,NA
valheim.exe,8100,0x147123C9510,DXGI,1,0,0,Hardware: Independent Flip,14745.3174,52.5139,52.3099,0.2040,51.6077,13.6846,13.4744,0.2102,67.2451,20.8544,-30.0565,14745.3174,NA,70.5393,NA
valheim.exe,8100,0x147123C9510,DXGI,1,0,0,Hardware: Independent Flip,14797.8313,19.7645,19.5906,0.1739,18.8576,14.4772,14.2660,0.2112,35.5856,27.7902,31.6595,14797.8313,NA,NA,NA
valheim.exe,8100,0x147123C9510,DXGI,1,0,0,Hardware: Independent Flip,14817.5958,13.4507,13.2501,0.2006,13.5703,26.5225,26.5225,0.0000,43.6113,14.0348,-8.0257,14817.5958,NA,NA,NA
valheim.exe,8100,0x147123C9510,DXGI,1,0,0,Hardware: Independent Flip,14831.0465,11.4334,11.2650,0.1684,26.6421,12.6118,12.6118,0.0000,44.1954,6.8387,-0.5841,14831.0465,NA,NA,NA
valheim.exe,8100,0x147123C9510,DXGI,1,0,0,Hardware: Independent Flip,14842.4799,11.0020,10.7933,0.2087,27.8205,2.2055,2.1624,0.0431,39.6007,13.9205,4.5947,14842.4799,NA,NA,NA
valheim.exe,8100,0x147123C9510,DXGI,1,0,0,Hardware: Independent Flip,14853.4819,27.3032,27.1250,0.1782,19.0699,19.1778,14.2355,4.9423,42.5192,13.8719,-2.9185,14853.4819,NA,36.9532,NA
valheim.exe,8100,0x147123C9510,DXGI,1,0,0,Hardware: Independent Flip,14880.7851,13.6464,13.4255,0.2209,11.0408,14.4685,14.3930,0.0755,29.0879,27.8090,13.4313,14880.7851,NA,NA,NA
valheim.exe,8100,0x147123C9510,DXGI,1,0,0,Hardware: Independent Flip,14894.4315,15.9537,15.7096,0.2441,11.8629,27.0642,25.8158,1.2484,43.2505,13.9068,-14.1626,14894.4315,NA,NA,NA
valheim.exe,8100,0x147123C9510,DXGI,1,0,0,Hardware: Independent Flip,14910.3852,7.3399,7.1666,0.1733,22.9734,17.1602,17.1602,0.0000,41.2036,6.9896,2.0469,14910.3852,NA,NA,NA
valheim.exe,8100,0x147123C9510,DXGI,1,0,0,Hardware: Independent Flip,14917.7251,8.6904,8.5486,0.1418,32.7937,4.1957,4.0847,0.1110,40.8533,27.7627,0.3503,14917.7251,NA,NA,NA
valheim.exe,8100,0x147123C9510,DXGI,1,0,0,Hardware: Independent Flip,14926.4155,26.5859,26.3521,0.2338,28.2990,26.3857,26.3857,0.0000,59.9256,13.9108,-19.0723,14926.4155,NA,NA,NA
valheim.exe,8100,0x147123C9510,DXGI,1,0,0,Hardware: Independent Flip,14953.0014,12.5491,12.3910,0.1581,28.0988,12.5336,12.4723,0.0613,47.2505,6.9919,12.6751,14953.0014,NA,NA,NA
valheim.exe,8100,0x147123C9510,DXGI,1,0,0,Hardware: Independent Flip,14965.5505,11.4864,11.2918,0.1946,28.0833,5.7705,5.7383,0.0322,41.6933,27.7552,5.5572,14965.5505,NA,NA,NA
valheim.exe,8100,0x147123C9510,DXGI,1,0,0,Hardware: Independent Flip,14977.0369,27.8057,27.6222,0.1835,26.9564,26.2129,26.0931,0.1198,57.9621,6.9876,-16.2688,14977.0369,NA,NA,NA
valheim.exe,8100,0x147123C9510,DXGI,1,0,0,Hardware: Independent Flip,15004.8426,10.5981,10.4459,0.1522,25.3636,3.1544,3.1544,0.0000,37.1440,6.9228,20.8181,15004.8426,NA,NA,NA
valheim.exe,8100,0x147123C9510,DXGI,1,0,0,Hardware: Independent Flip,15015.4407,9.5055,9.3506,0.1549,17.9199,15.0789,15.0284,0.0505,33.4687,27.7969,3.6753,15015.4407,NA,NA,NA
valheim.exe,8100,0x147123C9510,DXGI,1,0,0,Hardware: Independent Flip,15024.9462,26.5027,26.2309,0.2718,24.4016,25.1641,25.1078,0.0563,51.7601,20.8912,-18.2914,15024.9462,NA,NA,NA
valheim.exe,8100,0x147123C9510,DXGI,1,0,0,Hardware: Independent Flip,15051.4489,10.0591,9.8854,0.1737,23.0630,16.2639,16.2556,0.0083,46.1486,6.9352,5.6115,15051.4489,NA,NA,NA
valheim.exe,8100,0x147123C9510,DXGI,1,0,0,Hardware: Independent Flip,15061.5080,9.7920,9.6369,0.1551,29.2678,3.8118,3.6767,0.1351,43.0247,6.9381,3.1239,15061.5080,NA,NA,NA
valheim.exe,8100,0x147123C9510,DXGI,1,0,0,Hardware: Independent Flip,15071.3000,22.3610,22.1880,0.1730,23.2876,14.9612,14.8809,0.0803,40.1708,27.7898,2.8539,15071.3000,NA,NA,NA
valheim.exe,8100,0x147123C9510,DXGI,1,0,0,Hardware: Independent Flip,15093.6610,18.5728,18.3950,0.1778,17.8634,25.1889,25.1489,0.0400,45.5996,13.8669,-5.4288,15093.6610,NA,NA,NA
valheim.exe,8100,0x147123C9510,DXGI,1,0,0,Hardware: Independent Flip,15112.2338,9.3783,9.2163,0.1620,24.4795,15.6328,15.5977,0.0351,40.8937,27.8756,4.7059,15112.2338,NA,NA,NA
valheim.exe,8100,0x147123C9510,DXGI,1,0,0,Hardware: Independent Flip,15121.6121,8.9709,8.7373,0.2336,42.7357,12.9116,12.8041,0.1075,59.3910,6.8981,-18.4973,15121.6121,NA,NA,NA
valheim.exe,8100,0x147123C9510,DXGI,1,0,0,Hardware: Independent Flip,15130.5830,35.3182,35.1772,0.1410,46.6764,2.6977,2.6461,0.0516,57.3182,20.8792,2.0728,15130.5830,NA,23.5322,NA
valheim.exe,8100,0x147123C9510,DXGI,1,0,0,Hardware: Independent Flip,15165.9012,14.0827,13.9038,0.1789,14.1079,26.5539,26.5491,0.0048,42.8792,13.8889,14.4390,15165.9012,NA,NA,NA
valheim.exe,8100,0x147123C9510,DXGI,1,0,0,Hardware: Independent Flip,15179.9839,12.9830,12.8438,0.1392,26.5791,15.2414,15.2414,0.0000,42.6854,13.8973,0.1938,15179.9839,NA,31.6593,NA
valheim.exe,8100,0x147123C9510,DXGI,1,0,0,Hardware: Independent Flip,15192.9669,8.8535,8.7160,0.1375,28.9123,12.5417,12.5297,0.0120,43.5997,13.9039,-0.9143,15192.9669,NA,NA,NA
valheim.exe,8100,0x147123C9510,DXGI,1,0,0,Hardware: Independent Flip,15201.8204,22.1233,21.9634,0.1599,32.6005,14.8414,14.8414,0.0000,48.6501,6.9292,-5.0504,15201.8204,NA,27.4682,NA
valheim.exe,8100,0x147123C9510,DXGI,1,0,0,Hardware: Independent Flip,15223.9437,12.9385,12.6624,0.2761,25.3186,0.3573,0.3434,0.0139,33.4560,27.8367,15.1941,15223.9437,NA,33.3964,NA
valheim.exe,8100,0x147123C9510,DXGI,1,0,0,Hardware: Independent Flip,15236.8822,10.4763,10.3202,0.1561,12.7519,31.0483,30.8013,0.2470,48.3542,13.8746,-14.8982,15236.8822,NA,48.2257,NA
valheim.exe,8100,0x147123C9510,DXGI,1,0,0,Hardware: Independent Flip,15247.3585,18.8800,18.7288,0.1512,33.3239,14.1136,13.9261,0.1875,51.7525,6.9648,-3.3983,15247.3585,NA,37.1017,NA
valheim.exe,8100,0x147123C9510,DXGI,1,0,0,Hardware: Independent Flip,15266.2385,10.7395,10.6037,0.1358,28.6373,4.4768,4.3355,0.1413,39.8373,6.9519,11.9152,15266.2385,NA,NA,NA
valheim.exe,8100,0x147123C9510,DXGI,1,0,0,Hardware: Independent Flip,15276.9780,24.9598,24.7977,0.1621,23.7326,12.1043,11.9654,0.1389,36.0497,20.8431,3.7876,15276.9780,NA,13.0083,NA
valheim.exe,8100,0x147123C9510,DXGI,1,0,0,Hardware: Independent Flip,15301.9378,11.9754,11.8389,0.1365,10.9393,17.4601,17.3260,0.1341,31.9330,27.8138,4.1167,15301.9378,NA,20.8685,NA
valheim.exe,8100,0x147123C9510,DXGI,1,0,0,Hardware: Independent Flip,15313.9132,20.1583,19.9788,0.1795,19.0317,25.6242,25.5934,0.0308,47.7714,27.8418,-15.8384,15313.9132,NA,29.6656,NA
valheim.exe,8100,0x147123C9510,DXGI,1,0,0,Hardware: Independent Flip,15334.0715,10.1163,9.9759,0.1404,24.5561,27.8642,27.8642,0.0000,55.4549,6.9539,-7.6835,15334.0715,NA,47.4811,NA
valheim.exe,8100,0x147123C9510,DXGI,1,0,0,Hardware: Independent Flip,15344.1878,10.4764,10.3296,0.1468,42.3040,0.4621,0.4509,0.0112,52.2925,6.9421,3.1624,15344.1878,NA,NA,NA
valheim.exe,8100,0x147123C9510,DXGI,1,0,0,Hardware: Independent Flip,15354.6642,18.4346,18.2312,0.2034,32.3124,2.9711,1.6959,1.2752,48.7582,27.7510,3.5343,15354.6642,NA,41.3839,NA
valheim.exe,8100,0x147123C9510,DXGI,1,0,0,Hardware: Independent Flip,15373.0988,32.2615,32.1146,0.1469,16.8715,39.0940,26.1694,12.9246,58.0746,13.9406,-9.3164,15373.0988,NA,28.1619,NA
valheim.exe,8100,0x147123C9510,DXGI,1,0,0,Hardware: Independent Flip,15405.3603,9.8119,9.6685,0.1434,23.7040,15.4436,15.4388,0.0048,39.7537,20.8516,18.3209,15405.3603,NA,32.0834,NA
valheim.exe,8100,0x147123C9510,DXGI,1,0,0,Hardware: Independent Flip,15415.1722,7.7371,7.6012,0.1359,29.3357,14.7245,14.7245,0.0000,50.7934,13.9875,-11.0397,15415.1722,NA,NA,NA
valheim.exe,8100,0x147123C9510,DXGI,1,0,0,Hardware: Independent Flip,15422.9093,21.4706,21.2708,0.1998,36.3979,15.0055,15.0055,0.0000,57.0438,6.8677,-6.2504,15422.9093,NA,48.9269,NA
valheim.exe,8100,0x147123C9510,DXGI,1,0,0,Hardware: Independent Flip,15444.3799,14.2760,14.0950,0.1810,30.0526,3.6967,3.6619,0.0348,42.4409,20.8262,14.6029,15444.3799,NA,41.7759,NA
valheim.exe,8100,0x147123C9510,DXGI,1,0,0,Hardware: Independent Flip,15458.6559,23.7928,23.6563,0.1365,23.0448,24.2997,24.2372,0.0625,48.9911,20.8755,-6.5502,15458.6559,NA,26.6519,NA
valheim.exe,8100,0x147123C9510,DXGI,1,0,0,Hardware: Independent Flip,15482.4487,8.2752,8.1357,0.1395,23.5517,15.9466,15.9092,0.0374,46.0738,13.9256,2.9173,15482.4487,NA,39.5262,NA
valheim.exe,8100,0x147123C9510,DXGI,1,0,0,Hardware: Independent Flip,15490.7239,10.2391,10.0897,0.1494,31.2231,14.7430,14.7411,0.0019,51.7242,6.9328,-5.6504,15490.7239,NA,NA,NA
valheim.exe,8100,0x147123C9510,DXGI,1,0,0,Hardware: Independent Flip,15500.9630,20.3955,20.1763,0.2192,35.7270,3.0780,2.9953,0.0827,48.4179,6.9255,3.3063,15500.9630,NA,44.3085,NA
valheim.exe,8100,0x147123C9510,DXGI,1,0,0,Hardware: Independent Flip,15521.3585,20.1557,20.0050,0.1507,18.8350,14.9915,14.9163,0.0752,34.9479,27.8411,13.4700,15521.3585,NA,NA,NA
valheim.exe,8100,0x147123C9510,DXGI,1,0,0,Hardware: Independent Flip,15541.5142,14.5236,14.2983,0.2253,13.7942,24.7624,24.7050,0.0574,42.6333,6.9302,-7.6854,15541.5142,NA,NA,NA
valheim.exe,8100,0x147123C9510,DXGI,1,0,0,Hardware: Independent Flip,15556.0378,6.4094,6.2588,0.1506,24.0330,0.6193,0.6193,0.0000,35.0399,6.9717,7.5934,15556.0378,NA,NA,NA
valheim.exe,8100,0x147123C9510,DXGI,1,0,0,Hardware: Independent Flip,15562.4472,12.5069,12.3691,0.1378,18.2429,14.3343,14.2892,0.0451,35.6022,34.7081,-0.5623,15562.4472,NA,NA,NA
valheim.exe,8100,0x147123C9510,DXGI,1,0,0,Hardware: Independent Flip,15574.9541,28.3384,28.1376,0.2008,20.1980,34.5893,30.3900,4.1993,57.8034,13.9828,-22.2012,15574.9541,NA,NA,NA
valheim.exe,8100,0x147123C9510,DXGI,1,0,0,Hardware: Independent Flip,15603.2925,9.1126,8.9473,0.1653,26.4489,15.9226,15.8755,0.0471,43.4478,6.9053,14.3556,15603.2925,NA,NA,NA
valheim.exe,8100,0x147123C9510,DXGI,1,0,0,Hardware: Independent Flip,15612.4051,10.8607,10.7200,0.1407,33.2589,3.9631,3.8589,0.1042,41.2405,27.7741,2.2073,15612.4051,NA,NA,NA
valheim.exe,8100,0x147123C9510,DXGI,1,0,0,Hardware: Independent Flip,15623.2658,25.9045,25.6906,0.2139,26.3613,29.7080,29.6452,0.0628,58.1539,20.9061,-16.9134,15623.2658,NA,35.3712,NA
valheim.exe,8100,0x147123C9510,DXGI,1,0,0,Hardware: Independent Flip,15649.1703,13.0663,12.9122,0.1541,30.2228,15.9159,15.9159,0.0000,53.1555,6.9250,4.9984,15649.1703,NA,41.3266,NA
valheim.exe,8100,0x147123C9510,DXGI,1,0,0,Hardware: Independent Flip,15662.2366,10.6210,10.4842,0.1368,33.1512,0.8695,0.8014,0.0681,47.0142,6.9660,6.1413,15662.2366,NA,NA,NA
valheim.exe,8100,0x147123C9510,DXGI,1,0,0,Hardware: Independent Flip,15672.8576,26.7728,26.5957,0.1771,23.4345,16.7779,16.4104,0.3675,43.3592,34.7770,3.6550,15672.8576,NA,34.2223,NA
valheim.exe,8100,0x147123C9510,DXGI,1,0,0,Hardware: Independent Flip,15699.6304,24.8018,24.6116,0.1902,13.4396,36.0480,27.2360,8.8120,51.3634,20.8062,-8.0042,15699.6304,NA,30.9770,NA
valheim.exe,8100,0x147123C9510,DXGI,1,0,0,Hardware: Independent Flip,15724.4322,8.7750,8.6122,0.1628,24.6858,17.2195,17.0042,0.2153,47.3678,14.0103,3.9956,15724.4322,NA,39.7780,NA
valheim.exe,8100,0x147123C9510,DXGI,1,0,0,Hardware: Independent Flip,15733.2072,13.1620,12.9946,0.1674,33.1303,15.7899,15.7841,0.0058,52.6031,6.8810,-5.2353,15733.2072,NA,NA,NA
valheim.exe,8100,0x147123C9510,DXGI,1,0,0,Hardware: Independent Flip,15746.3692,24.4885,24.2933,0.1952,35.7582,2.4898,2.4898,0.0000,46.3221,20.8251,6.2810,15746.3692,NA,39.6610,NA
valheim.exe,8100,0x147123C9510,DXGI,1,0,0,Hardware: Independent Flip,15770.8577,18.0411,17.8733,0.1678,17.2843,24.9949,24.9244,0.0705,42.6587,20.8336,3.6634,15770.8577,NA,28.4509,NA
valheim.exe,8100,0x147123C9510,DXGI,1,0,0,Hardware: Independent Flip,15788.8988,10.4454,10.2981,0.1473,24.2381,16.8985,16.8535,0.0450,45.4512,13.9966,-2.7925,15788.8988,NA,38.3222,NA
valheim.exe,8100,0x147123C9510,DXGI,1,0,0,Hardware: Independent Flip,15799.3442,8.7573,8.6242,0.1331,30.6912,14.3639,14.3639,0.0000,49.0024,6.8786,-3.5512,15799.3442,NA,NA,NA
valheim.exe,8100,0x147123C9510,DXGI,1,0,0,Hardware: Independent Flip,15808.1015,22.4142,22.2354,0.1788,36.3807,3.4090,3.3323,0.0767,47.1237,6.9568,1.8787,15808.1015,NA,40.1740,NA
valheim.exe,8100,0x147123C9510,DXGI,1,0,0,Hardware: Independent Flip,15830.5157,19.6243,19.4103,0.2140,17.8793,13.4948,13.4153,0.0795,31.6663,34.7769,15.4574,15830.5157,NA,20.1466,NA
valheim.exe,8100,0x147123C9510,DXGI,1,0,0,Hardware: Independent Flip,15850.1400,12.9189,12.7050,0.2139,11.8116,28.0556,27.9583,0.0973,46.8189,13.9549,-15.1526,15850.1400,NA,NA,NA
valheim.exe,8100,0x147123C9510,DXGI,1,0,0,Hardware: Independent Flip,15863.0589,7.4664,7.3083,0.1581,26.9483,15.4028,15.3179,0.0849,47.8549,6.8998,-1.0360,15863.0589,NA,NA,NA
valheim.exe,8100,0x147123C9510,DXGI,1,0,0,Hardware: Independent Flip,15870.5253,15.4844,15.2831,0.2013,34.8847,2.9386,2.7818,0.1568,47.2883,13.8729,0.5666,15870.5253,NA,NA,NA
valheim.exe,8100,0x147123C9510,DXGI,1,0,0,Hardware: Independent Flip,15886.0097,27.2908,27.0589,0.2319,25.7400,15.2543,15.0926,0.1617,45.6768,20.8593,1.6115,15886.0097,NA,NA,NA
valheim.exe,8100,0x147123C9510,DXGI,1,0,0,Hardware: Independent Flip,15913.3005,12.3449,12.0320,0.3129,13.7035,24.3204,24.3204,0.0000,39.2453,20.8773,6.4315,15913.3005,NA,NA,NA
valheim.exe,8100,0x147123C9510,DXGI,1,0,0,Hardware: Independent Flip,15925.6454,10.1093,9.9681,0.1412,25.6790,17.2759,17.2759,0.0000,47.7777,6.9271,-8.5324,15925.6454,NA,NA,NA
valheim.exe,8100,0x147123C9510,DXGI,1,0,0,Hardware: Independent Flip,15935.7547,7.9041,7.7650,0.1391,32.8456,0.4186,0.4025,0.0161,44.5955,6.9536,3.1822,15935.7547,NA,NA,NA
valheim.exe,8100,0x147123C9510,DXGI,1,0,0,Hardware: Independent Flip,15943.6588,21.6222,21.4602,0.1620,25.3601,14.5476,14.4461,0.1015,43.6450,20.8726,0.9505,15943.6588,NA,NA,NA
valheim.exe,8100,0x147123C9510,DXGI,1,0,0,Hardware: Independent Flip,15965.2810,24.6686,24.4699,0.1987,23.7414,15.3831,15.1648,0.2183,42.8954,27.8035,0.7496,15965.2810,NA,41.1482,NA
valheim.exe,8100,0x147123C9510,DXGI,1,0,0,Hardware: Independent Flip,15989.9496,13.1506,12.8836,0.2670,14.4559,24.6904,24.6001,0.0903,46.0303,13.9826,-3.1349,15989.9496,NA,NA,NA
valheim.exe,8100,0x147123C9510,DXGI,1,0,0,Hardware: Independent Flip,16003.1002,10.0475,9.8762,0.1713,26.1155,16.7040,16.6731,0.0309,46.8623,6.8591,-0.8320,16003.1002,NA,40.9009,NA
valheim.exe,8100,0x147123C9510,DXGI,1,0,0,Hardware: Independent Flip,16013.1477,11.8918,11.7360,0.1558,32.7720,3.5348,3.4012,0.1336,43.6739,27.7773,3.1884,16013.1477,NA,NA,NA
valheim.exe,8100,0x147123C9510,DXGI,1,0,0,Hardware: Independent Flip,16025.0395,29.3682,29.1652,0.2030,28.0197,25.8588,25.8147,0.0441,59.5594,13.9853,-15.8855,16025.0395,NA,32.5591,NA
valheim.exe,8100,0x147123C9510,DXGI,1,0,0,Hardware: Independent Flip,16054.4077,11.6068,11.4631,0.1437,24.5103,12.9306,12.8647,0.0659,44.1765,6.9367,15.3829,16054.4077,NA,35.5928,NA
valheim.exe,8100,0x147123C9510,DXGI,1,0,0,Hardware: Independent Flip,16066.0145,9.9324,9.7837,0.1487,25.8341,5.8949,5.8362,0.0587,39.5064,13.8409,4.6701,16066.0145,NA,NA,NA
valheim.exe,8100,0x147123C9510,DXGI,1,0,0,Hardware: Independent Flip,16075.9469,25.6227,25.4481,0.1746,24.1900,14.6853,14.5017,0.1836,43.4149,27.8059,-3.9085,16075.9469,NA,20.3510,NA
valheim.exe,8100,0x147123C9510,DXGI,1,0,0,Hardware: Independent Flip,16101.5696,14.1461,13.9236,0.2225,13.2526,27.1426,27.1078,0.0348,45.5981,14.0039,-2.1832,16101.5696,NA,38.1302,NA
valheim.exe,8100,0x147123C9510,DXGI,1,0,0,Hardware: Independent Flip,16115.7157,11.5315,11.2813,0.2502,26.2491,13.5367,13.5367,0.0000,45.4559,6.8872,0.1422,16115.7157,NA,42.1354,NA
valheim.exe,8100,0x147123C9510,DXGI,1,0,0,Hardware: Independent Flip,16127.2472,11.1802,11.0069,0.1733,28.2543,2.9717,2.9565,0.0152,40.8116,20.8536,4.6443,16127.2472,NA,NA,NA
valheim.exe,8100,0x147123C9510,DXGI,1,0,0,Hardware: Independent Flip,16138.4274,27.7975,27.6037,0.1938,20.0737,29.8454,26.0162,3.8292,50.4850,13.8898,-9.6734,16138.4274,NA,43.8688,NA
valheim.exe,8100,0x147123C9510,DXGI,1,0,0,Hardware: Independent Flip,16166.2249,11.2483,11.0219,0.2264,22.1986,12.7838,12.7838,0.0000,36.5773,20.8402,13.9077,16166.2249,NA,NA,NA
valheim.exe,8100,0x147123C9510,DXGI,1,0,0,Hardware: Independent Flip,16177.4732,8.1808,8.0209,0.1599,23.7341,20.0124,20.0124,0.0000,46.1692,13.8859,-9.5919,16177.4732,NA,NA,NA
valheim.exe,8100,0x147123C9510,DXGI,1,0,0,Hardware: Independent Flip,16185.6540,21.3779,21.0900,0.2879,35.6372,15.5025,15.4168,0.0857,51.8743,6.9561,-5.7051,16185.6540,NA,NA,NA
valheim.exe,8100,0x147123C9510,DXGI,1,0,0,Hardware: Independent Flip,16207.0319,11.6145,11.4033,0.2112,29.7618,1.0014,0.9118,0.0896,37.4525,20.8870,14.4218,16207.0319,NA,NA,NA
valheim.exe,8100,0x147123C9510,DXGI,1,0,0,Hardware: Independent Flip,16218.6464,21.9232,21.6895,0.2337,19.1487,27.3777,27.3777,0.0000,46.7250,20.8889,-9.2725,16218.6464,NA,NA,NA
valheim.exe,8100,0x147123C9510,DXGI,1,0,0,Hardware: Independent Flip,16240.5696,9.2181,9.0311,0.1870,24.6032,14.1736,14.0772,0.0964,45.6907,6.9043,1.0343,16240.5696,NA,NA,NA
valheim.exe,8100,0x147123C9510,DXGI,1,0,0,Hardware: Independent Flip,16249.7877,12.2731,12.1129,0.1602,29.6600,3.2947,3.2264,0.0683,43.3769,6.9748,2.3138,16249.7877,NA,NA,NA
valheim.exe,8100,0x147123C9510,DXGI,1,0,0,Hardware: Independent Flip,16262.0608,20.7781,20.5990,0.1791,20.6816,14.6825,14.5726,0.1099,38.0786,20.8431,5.2983,16262.0608,NA,50.1192,NA
valheim.exe,8100,0x147123C9510,DXGI,1,0,0,Hardware: Independent Flip,16282.8389,19.4692,19.2789,0.1903,17.9448,14.6982,14.5692,0.1290,38.1436,20.8230,-0.0650,16282.8389,NA,24.7941,NA
valheim.exe,8100,0x147123C9510,DXGI,1,0,0,Hardware: Independent Flip,16302.3081,12.1725,11.9121,0.2604,13.1738,24.4788,24.4788,0.0000,39.4974,20.8932,-1.3538,16302.3081,NA,34.7782,NA
valheim.exe,8100,0x147123C9510,DXGI,1,0,0,Hardware: Independent Flip,16314.4806,12.5902,12.4032,0.1870,25.5468,16.4398,16.4189,0.0209,48.2181,6.8911,-8.7207,16314.4806,NA,40.6784,NA
valheim.exe,8100,0x147123C9510,DXGI,1,0,0,Hardware: Independent Flip,16327.0708,12.7870,12.6254,0.1616,29.3964,4.0069,3.9158,0.0911,42.5190,6.9663,5.6991,16327.0708,NA,NA,NA
valheim.exe,8100,0x147123C9510,DXGI,1,0,0,Hardware: Independent Flip,16339.8578,20.8677,20.6162,0.2515,20.6437,14.4683,14.4346,0.0337,36.6983,27.8398,5.8207,16339.8578,NA,32.5370,NA
valheim.exe,8100,0x147123C9510,DXGI,1,0,0,Hardware: Independent Flip,16360.7255,18.6089,18.4426,0.1663,17.6663,24.0662,24.0091,0.0571,43.6704,20.8469,-6.9721,16360.7255,NA,28.3724,NA
valheim.exe,8100,0x147123C9510,DXGI,1,0,0,Hardware: Independent Flip,16379.3344,9.4402,9.2885,0.1517,23.1236,18.9541,18.9541,0.0000,45.9084,13.9108,-2.2380,16379.3344,NA,39.1357,NA
valheim.exe,8100,0x147123C9510,DXGI,1,0,0,Hardware: Independent Flip,16388.7746,10.6452,10.5180,0.1272,32.6375,12.9673,12.9673,0.0000,50.3790,6.9612,-4.4706,16388.7746,NA,NA,NA
valheim.exe,8100,0x147123C9510,DXGI,1,0,0,Hardware: Independent Flip,16399.4198,18.5319,18.3408,0.1911,34.9596,2.5437,2.3970,0.1467,46.6950,20.8355,3.6840,16399.4198,NA,42.1186,NA
valheim.exe,8100,0x147123C9510,DXGI,1,0,0,Hardware: Independent Flip,16417.9517,32.4098,32.1539,0.2559,31.2310,16.4011,16.2765,0.1246,48.9986,27.8106,-2.3036,16417.9517,NA,41.9271,NA
valheim.exe,8100,0x147123C9510,DXGI,1,0,0,Hardware: Independent Flip,16450.3615,13.8455,13.5129,0.3326,15.2223,25.4845,25.4845,0.0000,44.3994,6.9283,4.5992,16450.3615,NA,33.7526,NA
valheim.exe,8100,0x147123C9510,DXGI,1,0,0,Hardware: Independent Flip,16464.2070,10.3908,10.2038,0.1870,26.8613,0.3238,0.2734,0.0504,37.4822,6.9756,6.9172,16464.2070,NA,29.6799,NA
valheim.exe,8100,0x147123C9510,DXGI,1,0,0,Hardware: Independent Flip,16474.5978,11.0510,10.8791,0.1719,16.8447,16.2370,16.1912,0.0458,34.0670,34.7764,3.4152,16474.5978,NA,NA,NA
valheim.exe,8100,0x147123C9510,DXGI,1,0,0,Hardware: Independent Flip,16485.6488,28.0906,27.8825,0.2081,22.0307,33.4240,33.3358,0.0882,57.7924,13.8854,-23.7254,16485.6488,NA,35.4315,NA
valheim.exe,8100,0x147123C9510,DXGI,1,0,0,Hardware: Independent Flip,16513.7394,10.9366,10.7387,0.1979,27.3641,15.2649,15.2649,0.0000,43.5872,6.9601,14.2052,16513.7394,NA,34.3238,NA
valheim.exe,8100,0x147123C9510,DXGI,1,0,0,Hardware: Independent Flip,16524.6760,12.4033,12.2256,0.1777,31.8043,5.7154,5.6530,0.0624,39.6107,34.7131,3.9765,16524.6760,NA,NA,NA
valheim.exe,8100,0x147123C9510,DXGI,1,0,0,Hardware: Independent Flip,16537.0793,24.6131,24.3473,0.2658,25.1985,31.3325,31.2962,0.0363,61.9205,13.9271,-22.3098,16537.0793,NA,39.9953,NA
valheim.exe,8100,0x147123C9510,DXGI,1,0,0,Hardware: Independent Flip,16561.6924,10.2380,10.0291,0.2089,31.9179,16.4429,16.4287,0.0142,51.2345,6.9152,10.6860,16561.6924,NA,45.8907,NA
valheim.exe,8100,0x147123C9510,DXGI,1,0,0,Hardware: Independent Flip,16571.9304,11.2319,11.0900,0.1419,38.1228,0.6354,0.5594,0.0760,47.9117,20.8774,3.3228,16571.9304,NA,NA,NA
valheim.exe,8100,0x147123C9510,DXGI,1,0,0,Hardware: Independent Flip,16583.1623,29.2138,29.0409,0.1729,27.5467,29.2026,29.0659,0.1367,57.5572,34.7992,-9.6455,16583.1623,NA,NA,NA
valheim.exe,8100,0x147123C9510,DXGI,1,0,0,Hardware: Independent Flip,16612.3761,11.9602,11.8034,0.1568,27.5355,31.4302,31.4302,0.0000,63.1426,6.9641,-5.5854,16612.3761,NA,NA,NA
valheim.exe,8100,0x147123C9510,DXGI,1,0,0,Hardware: Independent Flip,16624.3363,9.9537,9.7597,0.1940,47.0055,1.9403,1.8514,0.0889,58.1465,6.8961,4.9961,16624.3363,NA,NA,NA
valheim.exe,8100,0x147123C9510,DXGI,1,0,0,Hardware: Independent Flip,16634.2900,18.7806,18.6009,0.1797,41.2848,2.6888,2.6510,0.0378,55.0889,20.8878,3.0576,16634.2900,NA,NA,NA
valheim.exe,8100,0x147123C9510,DXGI,1,0,0,Hardware: Independent Flip,16653.0706,40.8120,40.5845,0.2275,39.8529,15.7377,15.5579,0.1798,57.1961,27.7437,-2.1072,16653.0706,NA,NA,NA
valheim.exe,8100,0x147123C9510,DXGI,1,0,0,Hardware: Independent Flip,16693.8826,14.3432,14.1084,0.2348,14.7786,27.7042,27.5993,0.1049,44.1278,20.8875,13.0683,16693.8826,NA,NA,NA
valheim.exe,8100,0x147123C9510,DXGI,1,0,0,Hardware: Independent Flip,16708.2258,10.1277,9.9702,0.1575,28.2050,16.7637,16.7483,0.0154,50.6721,13.9020,-6.5443,16708.2258,NA,NA,NA
valheim.exe,8100,0x147123C9510,DXGI,1,0,0,Hardware: Independent Flip,16718.3535,10.1890,10.0140,0.1750,34.8410,16.5053,16.5053,0.0000,54.4464,6.9246,-3.7743,16718.3535,NA,NA,NA
valheim.exe,8100,0x147123C9510,DXGI,1,0,0,Hardware: Independent Flip,16728.5425,22.6061,22.4275,0.1786,41.1573,3.0819,2.9877,0.0942,51.1820,27.7972,3.2644,16728.5425,NA,NA,NA
valheim.exe,8100,0x147123C9510,DXGI,1,0,0,Hardware: Independent Flip,16751.1486,23.9124,23.7055,0.2069,22.4670,28.9343,28.8528,0.0815,56.3731,13.9930,-5.1911,16751.1486,NA,61.4705,NA
valheim.exe,8100,0x147123C9510,DXGI,1,0,0,Hardware: Independent Flip,16775.0610,11.6431,11.4493,0.1938,27.4889,13.7817,13.7817,0.0000,46.4537,6.8751,9.9194,16775.0610,NA,NA,NA
valheim.exe,8100,0x147123C9510,DXGI,1,0,0,Hardware: Independent Flip,16786.7041,11.1504,10.9861,0.1643,29.8949,5.3399,5.2231,0.1168,41.6857,27.8175,4.7680,16786.7041,NA,NA,NA
valheim.exe,8100,0x147123C9510,DXGI,1,0,0,Hardware: Independent Flip,16797.8545,27.5162,27.2901,0.2261,25.9380,28.2785,28.1868,0.0917,58.3528,13.9782,-16.6671,16797.8545,NA,NA,NA
valheim.exe,8100,0x147123C9510,DXGI,1,0,0,Hardware: Independent Flip,16825.3707,6.9420,6.7675,0.1745,26.7003,16.2241,16.2241,0.0000,44.8148,6.8846,13.5380,16825.3707,NA,NA,NA
valheim.exe,8100,0x147123C9510,DXGI,1,0,0,Hardware: Independent Flip,16832.3127,9.4666,9.3151,0.1515,35.9824,0.7469,0.6304,0.1165,44.7574,13.9063,0.0574,16832.3127,NA,NA,NA
valheim.exe,8100,0x147123C9510,DXGI,1,0,0,Hardware: Independent Flip,16841.7793,31.2747,31.0628,0.2119,27.3229,16.6578,16.5279,0.1299,49.1971,34.7526,-4.4397,16841.7793,NA,21.9502,NA
valheim.exe,8100,0x147123C9510,DXGI,1,0,0,Hardware: Independent Flip,16873.0540,34.4496,34.2356,0.2140,12.7060,34.8109,15.2192,19.5917,52.6750,34.7510,-3.4779,16873.0540,NA,NA,NA
valheim.exe,8100,0x147123C9510,DXGI,1,0,0,Hardware: Independent Flip,16907.5036,22.3937,22.2113,0.1824,13.0673,33.4615,27.1346,6.3269,52.9764,13.9373,-0.3014,16907.5036,NA,NA,NA
valheim.exe,8100,0x147123C9510,DXGI,1,0,0,Hardware: Independent Flip,16929.8973,10.3592,10.1573,0.2019,24.2104,17.9737,17.9737,0.0000,44.5200,6.9374,8.4564,16929.8973,NA,NA,NA
valheim.exe,8100,0x147123C9510,DXGI,1,0,0,Hardware: Independent Flip,16940.2565,10.1588,9.9888,0.1700,31.9739,3.6035,3.5195,0.0840,41.0982,27.7897,3.4218,16940.2565,NA,NA,NA
valheim.exe,8100,0x147123C9510,DXGI,1,0,0,Hardware: Independent Flip,16950.4153,28.4898,28.2764,0.2134,26.9470,28.0120,27.8747,0.1373,58.7291,13.9875,-17.6309,16950.4153,NA,NA,NA
valheim.exe,8100,0x147123C9510,DXGI,1,0,0,Hardware: Independent Flip,16978.9051,11.8220,11.6512,0.1708,26.5926,14.5481,14.5481,0.0000,44.2268,6.8664,14.5023,16978.9051,NA,NA,NA
valheim.exe,8100,0x147123C9510,DXGI,1,0,0,Hardware: Independent Flip,16990.7271,14.5253,14.3580,0.1673,29.3187,2.5936,2.5280,0.0656,39.2712,20.8114,4.9556,16990.7271,NA,NA,NA
valheim.exe,8100,0x147123C9510,DXGI,1,0,0,Hardware: Independent Flip,17005.2524,28.6647,28.4656,0.1991,17.4385,23.5396,15.9762,7.5634,45.5573,27.8183,-6.2861,17005.2524,NA,19.7901,NA
valheim.exe,8100,0x147123C9510,DXGI,1,0,0,Hardware: Independent Flip,17033.9171,15.8056,15.6127,0.1929,12.3134,30.4219,30.1802,0.2417,44.7109,13.9014,0.8464,17033.9171,NA,36.5940,NA
valheim.exe,8100,0x147123C9510,DXGI,1,0,0,Hardware: Independent Flip,17049.7227,10.9870,10.8463,0.1407,26.9297,15.1391,15.1391,0.0000,42.8067,20.8563,1.9042,17049.7227,NA,34.5295,NA
valheim.exe,8100,0x147123C9510,DXGI,1,0,0,Hardware: Independent Flip,17060.7097,8.3342,8.1957,0.1385,31.1493,15.9582,15.9533,0.0049,52.6760,13.9093,-9.8693,17060.7097,NA,NA,NA
valheim.exe,8100,0x147123C9510,DXGI,1,0,0,Hardware: Independent Flip,17069.0439,24.5579,24.3972,0.1607,38.7733,16.6795,16.6795,0.0000,58.2511,6.9385,-5.5751,17069.0439,NA,36.2500,NA
valheim.exe,8100,0x147123C9510,DXGI,1,0,0,Hardware: Independent Flip,17093.6018,11.2909,11.1261,0.1648,30.8949,3.1872,3.0934,0.0938,40.6317,20.8833,17.6194,17093.6018,NA,NA,NA
valheim.exe,8100,0x147123C9510,DXGI,1,0,0,Hardware: Independent Flip,17104.8927,23.2373,22.9351,0.3022,22.8938,26.9759,26.9064,0.0695,50.2241,20.8348,-9.5924,17104.8927,NA,54.0683,NA
valheim.exe,8100,0x147123C9510,DXGI,1,0,0,Hardware: Independent Flip,17128.1300,11.6853,11.5403,0.1450,26.6324,17.6991,17.6991,0.0000,47.8216,13.9530,2.4025,17128.1300,NA,NA,NA
valheim.exe,8100,0x147123C9510,DXGI,1,0,0,Hardware: Independent Flip,17139.8153,7.6324,7.4856,0.1468,32.7134,16.0587,16.0587,0.0000,50.0893,6.8977,-2.2677,17139.8153,NA,NA,NA
valheim.exe,8100,0x147123C9510,DXGI,1,0,0,Hardware: Independent Flip,17147.4477,20.9163,20.7291,0.1872,41.1397,3.0975,3.0123,0.0852,49.3546,13.8934,0.7347,17147.4477,NA,50.7502,NA
valheim.exe,8100,0x147123C9510,DXGI,1,0,0,Hardware: Independent Flip,17168.3640,27.8361,27.6498,0.1863,26.8192,13.8189,13.6903,0.1286,42.3317,20.8825,7.0229,17168.3640,NA,42.6652,NA
valheim.exe,8100,0x147123C9510,DXGI,1,0,0,Hardware: Independent Flip,17196.2001,17.9833,17.7506,0.2327,12.8020,19.0212,17.6766,1.3446,35.3781,34.7650,6.9536,17196.2001,NA,NA,NA
valheim.exe,8100,0x147123C9510,DXGI,1,0,0,Hardware: Independent Flip,17214.1834,21.3500,21.1166,0.2334,20.0063,29.1056,28.4633,0.6423,52.1598,6.9236,-16.7817,17214.1834,NA,NA,NA
valheim.exe,8100,0x147123C9510,DXGI,1,0,0,Hardware: Independent Flip,17235.5334,10.8867,10.6981,0.1886,27.7619,1.9707,1.9095,0.0612,37.7334,13.9111,14.4264,17235.5334,NA,NA,NA
valheim.exe,8100,0x147123C9510,DXGI,1,0,0,Hardware: Independent Flip,17246.4201,12.0037,11.7488,0.2549,18.8459,15.0263,14.9258,0.1005,40.7578,27.8216,-3.0244,17246.4201,NA,NA,NA
valheim.exe,8100,0x147123C9510,DXGI,1,0,0,Hardware: Independent Flip,17258.4238,24.0668,23.8405,0.2263,21.9628,29.3536,29.2441,0.1095,56.5757,13.9321,-15.8179,17258.4238,NA,NA,NA
valheim.exe,8100,0x147123C9510,DXGI,1,0,0,Hardware: Independent Flip,17282.4906,7.7993,7.6005,0.1988,27.2496,14.5530,14.5530,0.0000,46.4410,6.9188,10.1347,17282.4906,NA,NA,NA
valheim.exe,8100,0x147123C9510,DXGI,1,0,0,Hardware: Independent Flip,17290.2899,11.7539,11.5847,0.1692,34.0033,5.4849,5.3577,0.1272,45.5605,13.8989,0.8805,17290.2899,NA,NA,NA
valheim.exe,8100,0x147123C9510,DXGI,1,0,0,Hardware: Independent Flip,17302.0438,29.7086,29.4933,0.2153,28.1206,16.0521,15.9896,0.0625,47.7055,27.7832,-2.1450,17302.0438,NA,NA,NA
valheim.exe,8100,0x147123C9510,DXGI,1,0,0,Hardware: Independent Flip,17331.7524,13.4028,13.1234,0.2794,14.4641,29.0653,29.0368,0.0285,45.7801,13.9120,1.9254,17331.7524,NA,NA,NA
valheim.exe,8100,0x147123C9510,DXGI,1,0,0,Hardware: Independent Flip,17345.1552,10.2327,10.0119,0.2208,30.1873,14.1910,14.1910,0.0000,46.2893,34.7821,-0.5092,17345.1552,NA,NA,NA
valheim.exe,8100,0x147123C9510,DXGI,1,0,0,Hardware: Independent Flip,17355.3879,9.9745,9.8568,0.1177,34.1456,31.6045,31.6045,0.0000,70.8387,6.9657,-24.5494,17355.3879,NA,NA,NA
valheim.exe,8100,0x147123C9510,DXGI,1,0,0,Hardware: Independent Flip,17365.3624,23.5120,23.3626,0.1494,55.7756,1.9121,1.9121,0.0000,67.8299,6.9185,3.0088,17365.3624,NA,NA,NA
valheim.exe,8100,0x147123C9510,DXGI,1,0,0,Hardware: Independent Flip,17388.8744,17.0708,16.8310,0.2398,37.4336,2.5704,2.5116,0.0588,51.2364,34.7605,16.5935,17388.8744,NA,NA,NA
valheim.exe,8100,0x147123C9510,DXGI,1,0,0,Hardware: Independent Flip,17405.9452,35.9391,35.7636,0.1755,35.2142,28.9210,28.8453,0.0757,68.9261,13.9419,-17.6897,17405.9452,NA,NA,NA
valheim.exe,8100,0x147123C9510,DXGI,1,0,0,Hardware: Independent Flip,17441.8843,9.0896,8.9514,0.1382,28.1961,13.8534,13.8534,0.0000,46.9289,6.9275,21.9972,17441.8843,NA,45.8031,NA
valheim.exe,8100,0x147123C9510,DXGI,1,0,0,Hardware: Independent Flip,17450.9739,9.5405,9.3878,0.1527,32.9599,5.3478,5.2600,0.0878,44.7668,13.8710,2.1621,17450.9739,NA,NA,NA
valheim.exe,8100,0x147123C9510,DXGI,1,0,0,Hardware: Independent Flip,17460.5144,31.2067,30.9809,0.2258,29.1382,16.4921,16.3735,0.1186,49.0973,27.7886,-4.3305,17460.5144,NA,NA,NA
valheim.exe,8100,0x147123C9510,DXGI,1,0,0,Hardware: Independent Flip,17491.7211,15.3721,15.1161,0.2560,14.4236,28.9198,28.8244,0.0954,45.6792,13.9269,3.4181,17491.7211,NA,NA,NA
valheim.exe,8100,0x147123C9510,DXGI,1,0,0,Hardware: Independent Flip,17507.0932,10.7370,10.5721,0.1649,28.0342,13.7483,13.7154,0.0329,44.2340,6.9412,1.4452,17507.0932,NA,NA,NA
valheim.exe,8100,0x147123C9510,DXGI,1,0,0,Hardware: Independent Flip,17517.8302,9.3857,9.1821,0.2036,31.0455,5.8908,5.7952,0.0956,40.4382,27.8037,3.7958,17517.8302,NA,NA,NA
valheim.exe,8100,0x147123C9510,DXGI,1,0,0,Hardware: Independent Flip,17527.2159,26.4593,26.1852,0.2741,27.5506,29.0361,28.9395,0.0966,58.8562,13.9037,-18.4180,17527.2159,NA,NA,NA
valheim.exe,8100,0x147123C9510,DXGI,1,0,0,Hardware: Independent Flip,17553.6752,14.7329,14.4577,0.2752,30.1274,15.6708,15.6389,0.0319,46.3006,6.9612,12.5556,17553.6752,NA,34.9735,NA
valheim.exe,8100,0x147123C9510,DXGI,1,0,0,Hardware: Independent Flip,17568.4081,16.1308,15.9539,0.1769,31.0653,0.8246,0.7127,0.1119,38.5289,27.8195,7.7717,17568.4081,NA,NA,NA
valheim.exe,8100,0x147123C9510,DXGI,1,0,0,Hardware: Independent Flip,17584.5389,21.3716,21.2194,0.1522,15.8724,31.6400,30.6489,0.9911,50.2176,20.8483,-11.6887,17584.5389,NA,31.7555,NA
valheim.exe,8100,0x147123C9510,DXGI,1,0,0,Hardware: Independent Flip,17605.9105,7.8864,7.7196,0.1668,26.1408,16.7546,16.7546,0.0000,49.6943,13.9205,0.5233,17605.9105,NA,43.6142,NA
valheim.exe,8100,0x147123C9510,DXGI,1,0,0,Hardware: Independent Flip,17613.7969,11.4051,11.2651,0.1400,35.0918,16.3419,16.3165,0.0254,55.7284,6.9246,-6.0341,17613.7969,NA,NA,NA
valheim.exe,8100,0x147123C9510,DXGI,1,0,0,Hardware: Independent Flip,17625.2020,24.8534,24.6658,0.1876,40.0286,3.8143,3.7855,0.0288,51.2479,27.7956,4.4805,17625.2020,NA,41.4371,NA
valheim.exe,8100,0x147123C9510,DXGI,1,0,0,Hardware: Independent Flip,17650.0554,22.5960,22.4244,0.1716,21.7017,27.7396,27.6621,0.0775,54.1901,13.9438,-2.9422,17650.0554,NA,35.2360,NA
valheim.exe,8100,0x147123C9510,DXGI,1,0,0,Hardware: Independent Flip,17672.6514,13.1324,12.9568,0.1756,26.8453,17.1527,17.1181,0.0346,45.5379,6.9113,8.6522,17672.6514,NA,36.1760,NA
valheim.exe,8100,0x147123C9510,DXGI,1,0,0,Hardware: Independent Flip,17685.7838,10.1872,10.0445,0.1427,30.8656,3.8635,3.7808,0.0827,39.3168,34.7560,6.2211,17685.7838,NA,NA,NA
valheim.exe,8100,0x147123C9510,DXGI,1,0,0,Hardware: Independent Flip,17695.9710,30.6333,30.2219,0.4114,29.1705,30.8958,30.7555,0.1403,63.8856,13.8946,-24.5688,17695.9710,NA,36.8335,NA
valheim.exe,8100,0x147123C9510,DXGI,1,0,0,Hardware: Independent Flip,17726.6043,11.8916,11.7208,0.1708,29.5225,15.4394,15.4394,0.0000,47.1469,20.8883,16.7387,17726.6043,NA,38.6873,NA
valheim.exe,8100,0x147123C9510,DXGI,1,0,0,Hardware: Independent Flip,17738.4959,9.8135,9.6503,0.1632,33.0703,17.0537,17.0537,0.0000,56.1436,6.9211,-8.9967,17738.4959,NA,NA,NA
valheim.exe,8100,0x147123C9510,DXGI,1,0,0,Hardware: Independent Flip,17748.3094,24.9057,24.7257,0.1800,40.3105,0.7089,0.7089,0.0000,53.2512,13.9310,2.8924,17748.3094,NA,41.5347,NA
valheim.exe,8100,0x147123C9510,DXGI,1,0,0,Hardware: Independent Flip,17773.2151,13.3899,13.0873,0.3026,16.1702,19.6498,19.6010,0.0488,42.2765,27.7901,10.9747,17773.2151,NA,40.4922,NA
valheim.exe,8100,0x147123C9510,DXGI,1,0,0,Hardware: Independent Flip,17786.6050,24.3406,24.1538,0.1868,22.5303,31.3909,31.2365,0.1544,56.6767,13.8753,-14.4002,17786.6050,NA,36.2643,NA
valheim.exe,8100,0x147123C9510,DXGI,1,0,0,Hardware: Independent Flip,17810.9456,9.7796,9.5768,0.2028,29.6583,15.9366,15.9366,0.0000,46.2114,6.9754,10.4653,17810.9456,NA,38.1323,NA
valheim.exe,8100,0x147123C9510,DXGI,1,0,0,Hardware: Independent Flip,17820.7252,9.1781,8.9872,0.1909,35.8890,0.7828,0.7304,0.0524,43.4072,27.7934,2.8042,17820.7252,NA,NA,NA
valheim.exe,8100,0x147123C9510,DXGI,1,0,0,Hardware: Independent Flip,17829.9033,30.0989,29.9036,0.1953,27.4937,31.3694,31.3363,0.0331,62.0225,13.8891,-18.6153,17829.9033,NA,34.9123,NA
valheim.exe,8100,0x147123C9510,DXGI,1,0,0,Hardware: Independent Flip,17860.0022,7.7500,7.5897,0.1603,28.7642,13.6462,13.6462,0.0000,45.8127,20.8454,16.2098,17860.0022,NA,39.7937,NA
valheim.exe,8100,0x147123C9510,DXGI,1,0,0,Hardware: Independent Flip,17867.7522,7.9006,7.7558,0.1448,34.6604,20.0242,20.0242,0.0000,58.9081,13.9475,-13.0954,17867.7522,NA,NA,NA
valheim.exe,8100,0x147123C9510,DXGI,1,0,0,Hardware: Independent Flip,17875.6528,28.0016,27.8253,0.1763,46.7840,13.5240,13.5240,0.0000,64.9550,6.9514,-6.0469,17875.6528,NA,47.5969,NA
valheim.exe,8100,0x147123C9510,DXGI,1,0,0,Hardware: Independent Flip,17903.6544,13.2862,13.1152,0.1710,32.3064,2.4671,2.4067,0.0604,43.9048,27.7865,21.0502,17903.6544,NA,40.5518,NA
valheim.exe,8100,0x147123C9510,DXGI,1,0,0,Hardware: Independent Flip,17916.9406,25.7169,25.5419,0.1750,24.4138,27.3994,27.3644,0.0350,58.4051,13.9226,-14.5003,17916.9406,NA,44.3131,NA
valheim.exe,8100,0x147123C9510,DXGI,1,0,0,Hardware: Independent Flip,17942.6575,6.7948,6.6573,0.1375,26.0963,14.4265,14.4265,0.0000,46.6108,6.9367,11.7943,17942.6575,NA,42.2171,NA
valheim.exe,8100,0x147123C9510,DXGI,1,0,0,Hardware: Independent Flip,17949.4523,8.3626,8.2366,0.1260,33.7280,5.4099,5.2810,0.1289,46.7527,13.9044,-0.1419,17949.4523,NA,NA,NA
valheim.exe,8100,0x147123C9510,DXGI,1,0,0,Hardware: Independent Flip,17957.8149,30.8834,30.6164,0.2670,30.7967,15.4675,15.3997,0.0678,52.2945,27.8104,-5.5418,17957.8149,NA,42.0679,NA
valheim.exe,8100,0x147123C9510,DXGI,1,0,0,Hardware: Independent Flip,17988.6983,14.7003,14.4711,0.2292,15.3808,29.2720,29.1103,0.1617,49.2215,13.9082,3.0730,17988.6983,NA,NA,NA
valheim.exe,8100,0x147123C9510,DXGI,1,0,0,Hardware: Independent Flip,18003.3986,6.4646,6.2833,0.1813,29.9525,13.9216,13.7566,0.1650,48.4294,13.9069,0.7921,18003.3986,NA,NA,NA
valheim.exe,8100,0x147123C9510,DXGI,1,0,0,Hardware: Independent Flip,18009.8632,13.2783,13.0886,0.1897,37.4095,15.3163,15.2541,0.0622,55.8717,6.9478,-7.4423,18009.8632,NA,NA,NA
valheim.exe,8100,0x147123C9510,DXGI,1,0,0,Hardware: Independent Flip,18023.1415,28.0548,27.8409,0.2139,39.4475,5.7240,5.6299,0.0941,49.5412,27.7859,6.3305,18023.1415,NA,NA,NA
valheim.exe,8100,0x147123C9510,DXGI,1,0,0,Hardware: Independent Flip,18051.1963,15.5533,15.2608,0.2925,17.1167,27.7455,27.6688,0.0767,49.2723,13.9447,0.2689,18051.1963,NA,NA,NA
valheim.exe,8100,0x147123C9510,DXGI,1,0,0,Hardware: Independent Flip,18066.7496,11.7806,11.5774,0.2032,29.3089,15.4114,15.3939,0.0175,47.6637,6.9133,1.6086,18066.7496,NA,NA,NA
valheim.exe,8100,0x147123C9510,DXGI,1,0,0,Hardware: Independent Flip,18078.5302,7.2837,7.1137,0.1700,32.9397,0.6760,0.5645,0.1115,42.7964,27.8018,4.8673,18078.5302,NA,NA,NA
valheim.exe,8100,0x147123C9510,DXGI,1,0,0,Hardware: Independent Flip,18085.8139,28.0898,27.7866,0.3032,26.3825,30.3978,30.2876,0.1102,63.3145,13.9604,-20.5181,18085.8139,NA,NA,NA
valheim.exe,8100,0x147123C9510,DXGI,1,0,0,Hardware: Independent Flip,18113.9037,12.6361,12.4609,0.1752,28.6905,16.5042,16.5042,0.0000,49.1851,6.9103,14.1294,18113.9037,NA,NA,NA
valheim.exe,8100,0x147123C9510,DXGI,1,0,0,Hardware: Independent Flip,18126.5398,10.1237,9.9467,0.1770,32.5586,2.9615,2.8807,0.0808,43.4593,20.8617,5.7258,18126.5398,NA,NA,NA
valheim.exe,8100,0x147123C9510,DXGI,1,0,0,Hardware: Independent Flip,18136.6635,27.2943,27.0885,0.2058,25.6259,26.6112,26.5154,0.0958,54.1973,20.8466,-10.7380,18136.6635,NA,NA,NA
valheim.exe,8100,0x147123C9510,DXGI,1,0,0,Hardware: Independent Flip,18163.9578,10.8682,10.6909,0.1773,24.9428,18.5051,18.5051,0.0000,47.7496,13.9057,6.4477,18163.9578,NA,NA,NA
valheim.exe,8100,0x147123C9510,DXGI,1,0,0,Hardware: Independent Flip,18174.8260,8.8040,8.6028,0.2012,32.5797,15.6106,15.6106,0.0000,50.7871,6.9211,-3.0375,18174.8260,NA,NA,NA
valheim.exe,8100,0x147123C9510,DXGI,1,0,0,Hardware: Independent Flip,18183.6300,24.9387,24.5668,0.3719,39.4691,3.1713,3.1265,0.0448,48.9042,20.8903,1.8829,18183.6300,NA,NA,NA
valheim.exe,8100,0x147123C9510,DXGI,1,0,0,Hardware: Independent Flip,18208.5687,16.8489,16.6519,0.1970,17.7017,26.7802,26.7245,0.0557,44.8558,20.8556,4.0484,18208.5687,NA,NA,NA
valheim.exe,8100,0x147123C9510,DXGI,1,0,0,Hardware: Independent Flip,18225.4176,12.3459,12.1290,0.2169,27.6330,18.3365,18.3365,0.0000,48.8625,6.9298,-4.0067,18225.4176,NA,NA,NA
valheim.exe,8100,0x147123C9510,DXGI,1,0,0,Hardware: Independent Flip,18237.7635,6.1908,6.0206,0.1702,33.6927,0.2820,0.2467,0.0353,43.4464,6.9251,5.4161,18237.7635,NA,NA,NA
valheim.exe,8100,0x147123C9510,DXGI,1,0,0,Hardware: Independent Flip,18243.9543,21.9445,21.7973,0.1472,27.7839,16.0257,15.9938,0.0319,44.1807,34.7694,-0.7343,18243.9543,NA,NA,NA
valheim.exe,8100,0x147123C9510,DXGI,1,0,0,Hardware: Independent Flip,18265.8988,21.5870,21.4087,0.1783,21.8651,28.4730,28.3552,0.1178,57.0056,6.9391,-12.8249,18265.8988,NA,NA,NA
valheim.exe,8100,0x147123C9510,DXGI,1,0,0,Hardware: Independent Flip,18287.4858,7.8649,7.6431,0.2218,28.7511,13.2085,13.1629,0.0456,42.3577,6.9821,14.6479,18287.4858,NA,NA,NA
valheim.exe,8100,0x147123C9510,DXGI,1,0,0,Hardware: Independent Flip,18295.3507,7.4116,7.2009,0.2107,34.1630,3.2019,3.0920,0.1099,41.4749,34.7069,0.8828,18295.3507,NA,NA,NA
valheim.exe,8100,0x147123C9510,DXGI,1,0,0,Hardware: Independent Flip,18302.7623,38.2433,38.0593,0.1840,29.9533,33.9564,29.1028,4.8536,68.7702,13.9204,-27.2953,18302.7623,NA,NA,NA
valheim.exe,8100,0x147123C9510,DXGI,1,0,0,Hardware: Independent Flip,18341.0056,5.9433,5.7555,0.1878,25.6664,13.2458,13.1948,0.0510,44.4473,6.9788,24.3229,18341.0056,NA,NA,NA
valheim.exe,8100,0x147123C9510,DXGI,1,0,0,Hardware: Independent Flip,18346.9489,10.5529,10.3750,0.1779,32.9689,8.2662,8.1984,0.0678,45.4828,27.7957,-1.0355,18346.9489,NA,NA,NA
valheim.exe,8100,0x147123C9510,DXGI,1,0,0,Hardware: Independent Flip,18357.5018,43.8646,43.6867,0.1779,43.1419,15.7434,15.6285,0.1149,62.7256,27.7827,-17.2428,18357.5018,NA,22.2028,NA
valheim.exe,8100,0x147123C9510,DXGI,1,0,0,Hardware: Independent Flip,18401.3664,16.9415,16.7762,0.1653,15.6323,24.9970,24.9148,0.0822,46.6437,13.9517,16.0819,18401.3664,NA,32.9482,NA
valheim.exe,8100,0x147123C9510,DXGI,1,0,0,Hardware: Independent Flip,18418.3079,10.6987,10.5534,0.1453,23.8508,18.7214,18.7009,0.0205,43.6539,6.9448,2.9898,18418.3079,NA,36.9485,NA
valheim.exe,8100,0x147123C9510,DXGI,1,0,0,Hardware: Independent Flip,18429.0066,9.9151,9.7547,0.1604,31.8735,3.2614,3.2262,0.0352,39.9000,13.8994,3.7539,18429.0066,NA,NA,NA
valheim.exe,8100,0x147123C9510,DXGI,1,0,0,Hardware: Independent Flip,18438.9217,27.2441,27.0128,0.2313,25.9509,14.4057,14.2802,0.1255,43.8843,27.8277,-3.9843,18438.9217,NA,18.7920,NA
valheim.exe,8100,0x147123C9510,DXGI,1,0,0,Hardware: Independent Flip,18466.1658,14.5912,14.3706,0.2206,13.2033,25.7586,25.7586,0.0000,44.4679,6.9083,-0.5836,18466.1658,NA,37.5611,NA
valheim.exe,8100,0x147123C9510,DXGI,1,0,0,Hardware: Independent Flip,18480.7570,7.3452,7.1710,0.1742,24.3707,0.4500,0.4281,0.0219,36.7850,6.9985,7.6829,18480.7570,NA,32.5238,NA
valheim.exe,8100,0x147123C9510,DXGI,1,0,0,Hardware: Independent Flip,18488.1022,11.9814,11.8291,0.1523,17.5252,14.9025,14.9025,0.0000,36.4383,34.6919,0.3467,18488.1022,NA,NA,NA
valheim.exe,8100,0x147123C9510,DXGI,1,0,0,Hardware: Independent Flip,18500.0836,27.7136,27.4996,0.2140,20.4463,32.3924,30.9289,1.4635,59.1488,13.9428,-22.7105,18500.0836,NA,37.2280,NA
valheim.exe,8100,0x147123C9510,DXGI,1,0,0,Hardware: Independent Flip,18527.7972,11.2718,11.0778,0.1940,25.1251,17.2468,17.2468,0.0000,45.3780,6.9425,13.7708,18527.7972,NA,40.1212,NA
valheim.exe,8100,0x147123C9510,DXGI,1,0,0,Hardware: Independent Flip,18539.0690,7.6944,7.5684,0.1260,31.1001,2.4323,2.3289,0.1034,41.0487,20.8063,4.3293,18539.0690,NA,NA,NA
valheim.exe,8100,0x147123C9510,DXGI,1,0,0,Hardware: Independent Flip,18546.7634,26.9689,26.7425,0.2264,25.8380,27.7130,27.7130,0.0000,54.1606,13.9351,-13.1119,18546.7634,NA,NA,NA
valheim.exe,8100,0x147123C9510,DXGI,1,0,0,Hardware: Independent Flip,18573.7323,11.9087,11.7341,0.1746,26.6468,12.9000,12.8487,0.0513,41.1268,13.8998,13.0338,18573.7323,NA,NA,NA
valheim.exe,8100,0x147123C9510,DXGI,1,0,0,Hardware: Independent Flip,18585.6410,8.5880,8.4082,0.1798,27.7028,14.5936,14.5606,0.0330,43.1179,20.8626,-1.9911,18585.6410,NA,NA,NA
valheim.exe,8100,0x147123C9510,DXGI,1,0,0,Hardware: Independent Flip,18594.2290,19.7145,19.5323,0.1822,33.7084,21.5019,21.5019,0.0000,55.3925,13.9162,-12.2746,18594.2290,NA,NA,NA
valheim.exe,8100,0x147123C9510,DXGI,1,0,0,Hardware: Independent Flip,18613.9435,13.7130,13.5536,0.1594,35.5586,13.1207,13.0934,0.0273,49.5942,6.9501,5.7983,18613.9435,NA,NA,NA
valheim.exe,8100,0x147123C9510,DXGI,1,0,0,Hardware: Independent Flip,18627.6565,18.3921,18.1990,0.1931,34.9663,2.9634,2.8872,0.0762,42.8313,13.9315,6.7629,18627.6565,NA,NA,NA
valheim.exe,8100,0x147123C9510,DXGI,1,0,0,Hardware: Independent Flip,18646.0486,22.0834,21.8512,0.2322,20.2221,14.3678,14.2525,0.1153,38.3707,27.7472,4.4606,18646.0486,NA,NA,NA
valheim.exe,8100,0x147123C9510,DXGI,1,0,0,Hardware: Independent Flip,18668.1320,15.0246,14.8306,0.1940,12.5738,29.9285,29.8607,0.0678,44.0345,20.8962,-5.6638,18668.1320,NA,NA,NA
valheim.exe,8100,0x147123C9510,DXGI,1,0,0,Hardware: Independent Flip,18683.1566,11.3234,11.1493,0.1741,27.4777,15.6824,15.6530,0.0294,49.9061,6.9079,-5.8716,18683.1566,NA,NA,NA
valheim.exe,8100,0x147123C9510,DXGI,1,0,0,Hardware: Independent Flip,18694.4800,11.1504,10.9689,0.1815,31.8367,3.5203,3.4197,0.1006,45.4906,6.9966,4.4155,18694.4800,NA,NA,NA
valheim.exe,8100,0x147123C9510,DXGI,1,0,0,Hardware: Independent Flip,18705.6304,25.7737,25.5736,0.2001,24.4296,16.1140,15.9395,0.1745,41.3368,27.7657,4.1538,18705.6304,NA,NA,NA
valheim.exe,8100,0x147123C9510,DXGI,1,0,0,Hardware: Independent Flip,18731.4041,17.1401,16.9627,0.1774,15.2406,27.0690,27.0006,0.0684,43.3288,13.9269,-1.9920,18731.4041,NA,29.6908,NA
valheim.exe,8100,0x147123C9510,DXGI,1,0,0,Hardware: Independent Flip,18748.5442,10.6854,10.5385,0.1469,25.2698,13.5418,13.5418,0.0000,40.1156,13.8531,3.2132,18748.5442,NA,31.6620,NA
valheim.exe,8100,0x147123C9510,DXGI,1,0,0,Hardware: Independent Flip,18759.2296,8.1690,8.0131,0.1559,28.2197,14.6882,14.6882,0.0000,43.2833,6.9527,-3.1677,18759.2296,NA,NA,NA
valheim.exe,8100,0x147123C9510,DXGI,1,0,0,Hardware: Independent Flip,18767.3986,23.0943,22.8763,0.2180,34.7389,0.7631,0.6503,0.1128,42.0670,27.8372,1.2163,18767.3986,NA,20.4766,NA
valheim.exe,8100,0x147123C9510,DXGI,1,0,0,Hardware: Independent Flip,18790.4929,15.1450,14.9618,0.1832,12.4077,28.0147,28.0004,0.0143,46.8099,13.9424,-4.7429,18790.4929,NA,34.3048,NA
valheim.exe,8100,0x147123C9510,DXGI,1,0,0,Hardware: Independent Flip,18805.6379,12.8460,12.6992,0.1468,25.2774,15.6248,15.6248,0.0000,45.6073,6.9393,1.2026,18805.6379,NA,35.2078,NA
valheim.exe,8100,0x147123C9510,DXGI,1,0,0,Hardware: Independent Flip,18818.4839,8.9227,8.7807,0.1420,28.0562,3.9569,3.9023,0.0546,39.7006,6.8923,5.9067,18818.4839,NA,NA,NA
valheim.exe,8100,0x147123C9510,DXGI,1,0,0,Hardware: Independent Flip,18827.4066,25.1171,24.9023,0.2148,23.4016,13.0341,12.9428,0.0913,37.6702,27.8343,2.0304,18827.4066,NA,14.0392,NA
valheim.exe,8100,0x147123C9510,DXGI,1,0,0,Hardware: Independent Flip,18852.5237,12.0149,11.8453,0.1696,11.3650,27.7946,27.7946,0.0000,40.3874,6.9241,-2.7172,18852.5237,NA,30.9009,NA
valheim.exe,8100,0x147123C9510,DXGI,1,0,0,Hardware: Independent Flip,18864.5386,12.1982,11.9895,0.2087,27.2261,3.3629,3.3056,0.0573,35.2966,13.9406,5.0908,18864.5386,NA,26.8394,NA
valheim.exe,8100,0x147123C9510,DXGI,1,0,0,Hardware: Independent Flip,18876.7368,8.7236,8.5529,0.1707,18.3908,15.1354,15.0419,0.0935,37.0390,13.8881,-1.7424,18876.7368,NA,NA,NA
valheim.exe,8100,0x147123C9510,DXGI,1,0,0,Hardware: Independent Flip,18885.4604,26.8345,26.6075,0.2270,25.0221,13.3360,13.2185,0.1175,42.2035,27.8015,-5.1645,18885.4604,NA,20.6629,NA
valheim.exe,8100,0x147123C9510,DXGI,1,0,0,Hardware: Independent Flip,18912.2949,14.7111,14.4974,0.2137,11.6063,26.8021,26.5010,0.3011,43.1705,13.9718,-0.9670,18912.2949,NA,35.4058,NA
valheim.exe,8100,0x147123C9510,DXGI,1,0,0,Hardware: Independent Flip,18927.0060,7.5275,7.3812,0.1463,23.6973,14.2226,13.9962,0.2264,42.4312,6.8769,0.7393,18927.0060,NA,38.4046,NA
valheim.exe,8100,0x147123C9510,DXGI,1,0,0,Hardware: Independent Flip,18934.5335,12.1764,12.0149,0.1615,30.3924,2.9178,2.8224,0.0954,41.7806,13.9271,0.6506,18934.5335,NA,NA,NA
valheim.exe,8100,0x147123C9510,DXGI,1,0,0,Hardware: Independent Flip,18946.7099,23.8055,23.5437,0.2618,21.9310,15.2414,15.1143,0.1271,43.5313,27.7561,-1.7507,18946.7099,NA,24.1925,NA
valheim.exe,8100,0x147123C9510,DXGI,1,0,0,Hardware: Independent Flip,18970.5154,19.9820,19.7632,0.2188,19.2182,26.1355,26.0848,0.0507,47.4819,13.9324,-3.9506,18970.5154,NA,NA,NA
valheim.exe,8100,0x147123C9510,DXGI,1,0,0,Hardware: Independent Flip,18990.4974,10.2700,10.1276,0.1424,25.3717,14.8813,14.8813,0.0000,41.4323,13.8963,6.0496,18990.4974,NA,NA,NA
valheim.exe,8100,0x147123C9510,DXGI,1,0,0,Hardware: Independent Flip,19000.7674,7.2976,7.1614,0.1362,29.9830,13.1724,13.1264,0.0460,45.0586,13.9184,-3.6263,19000.7674,NA,NA,NA
valheim.exe,8100,0x147123C9510,DXGI,1,0,0,Hardware: Independent Flip,19008.0650,24.2274,23.9772,0.2502,35.9138,13.0028,13.0028,0.0000,51.6794,20.8254,-6.6208,19008.0650,NA,NA,NA
valheim.exe,8100,0x147123C9510,DXGI,1,0,0,Hardware: Independent Flip,19032.2924,10.5437,10.4022,0.1415,24.6892,18.6308,18.5775,0.0533,48.2774,13.9764,3.4020,19032.2924,NA,NA,NA
valheim.exe,8100,0x147123C9510,DXGI,1,0,0,Hardware: Independent Flip,19042.8361,15.6235,15.4174,0.2061,32.7763,13.2629,13.2629,0.0000,51.7101,6.8930,-3.4327,19042.8361,NA,NA,NA
valheim.exe,8100,0x147123C9510,DXGI,1,0,0,Hardware: Independent Flip,19058.4596,13.7546,13.5831,0.1715,30.4157,2.4979,2.4406,0.0573,42.9796,13.9066,8.7305,19058.4596,NA,NA,NA
valheim.exe,8100,0x147123C9510,DXGI,1,0,0,Hardware: Independent Flip,19072.2142,23.5268,23.2976,0.2292,21.8946,14.7251,14.6344,0.0907,43.1316,20.8311,-0.1520,19072.2142,NA,NA,NA
valheim.exe,8100,0x147123C9510,DXGI,1,0,0,Hardware: Independent Flip,19095.7410,15.8907,15.7022,0.1885,13.7421,25.0439,24.9716,0.0723,40.4359,20.8699,2.6957,19095.7410,NA,NA,NA
valheim.exe,8100,0x147123C9510,DXGI,1,0,0,Hardware: Independent Flip,19111.6317,9.9038,9.6684,0.2354,22.8953,17.2013,17.2013,0.0000,45.4151,13.9480,-4.9792,19111.6317,NA,NA,NA
valheim.exe,8100,0x147123C9510,DXGI,1,0,0,Hardware: Independent Flip,19121.5355,7.9449,7.7576,0.1873,30.1928,12.2846,12.2229,0.0617,49.4593,6.8962,-4.0442,19121.5355,NA,NA,NA
valheim.exe,8100,0x147123C9510,DXGI,1,0,0,Hardware: Independent Flip,19129.4804,21.7881,21.5324,0.2557,34.6107,2.9414,2.8490,0.0924,48.4106,13.9035,1.0487,19129.4804,NA,NA,NA
valheim.exe,8100,0x147123C9510,DXGI,1,0,0,Hardware: Independent Flip,19151.2685,20.9879,20.7550,0.2329,19.2306,14.6774,14.5712,0.1062,40.5260,27.8459,7.8846,19151.2685,NA,NA,NA
valheim.exe,8100,0x147123C9510,DXGI,1,0,0,Hardware: Independent Flip,19172.2564,16.8939,16.6825,0.2114,15.9267,27.2305,27.1260,0.1045,47.3840,14.0177,-6.8580,19172.2564,NA,NA,NA
valheim.exe,8100,0x147123C9510,DXGI,1,0,0,Hardware: Independent Flip,19189.1503,9.8806,9.6681,0.2125,26.2633,12.5407,12.4834,0.0573,44.5078,6.8404,2.8762,19189.1503,NA,NA,NA
valheim.exe,8100,0x147123C9510,DXGI,1,0,0,Hardware: Independent Flip,19199.0309,9.3102,9.1398,0.1704,28.9234,2.8180,2.8180,0.0000,41.4676,27.7779,3.0402,19199.0309,NA,NA,NA
valheim.exe,8100,0x147123C9510,DXGI,1,0,0,Hardware: Independent Flip,19208.3411,29.0085,28.8271,0.1814,22.4312,30.6854,27.6532,3.0322,59.9353,13.9567,-18.4677,19208.3411,NA,NA,NA
valheim.exe,8100,0x147123C9510,DXGI,1,0,0,Hardware: Independent Flip,19237.3496,10.2857,10.0758,0.2099,24.1697,17.1771,17.1771,0.0000,44.8835,6.8946,15.0518,19237.3496,NA,NA,NA
valheim.exe,8100,0x147123C9510,DXGI,1,0,0,Hardware: Independent Flip,19247.6353,9.4934,9.3509,0.1425,31.0611,2.9795,2.8923,0.0872,41.4924,13.9035,3.3911,19247.6353,NA,NA,NA
valheim.exe,8100,0x147123C9510,DXGI,1,0,0,Hardware: Independent Flip,19257.1287,27.0156,26.8560,0.1596,24.8591,15.6524,15.4692,0.1832,45.9025,20.8621,-4.4101,19257.1287,NA,NA,NA
valheim.exe,8100,0x147123C9510,DXGI,1,0,0,Hardware: Independent Flip,19284.1443,13.4463,13.2645,0.1818,13.6420,24.9152,24.9152,0.0000,39.7490,20.8370,6.1535,19284.1443,NA,NA,NA
valheim.exe,8100,0x147123C9510,DXGI,1,0,0,Hardware: Independent Flip,19297.5906,9.4758,9.2428,0.2330,25.1697,15.8744,15.8744,0.0000,47.1397,13.9552,-7.3907,19297.5906,NA,NA,NA
valheim.exe,8100,0x147123C9510,DXGI,1,0,0,Hardware: Independent Flip,19307.0664,11.8858,11.7571,0.1287,31.6424,15.7919,15.7919,0.0000,51.6191,6.8880,-4.4794,19307.0664,NA,NA,NA
valheim.exe,8100,0x147123C9510,DXGI,1,0,0,Hardware: Independent Flip,19318.9522,17.7404,17.5756,0.1648,35.5485,3.2443,3.1833,0.0610,46.6213,20.8510,4.9978,19318.9522,NA,NA,NA
valheim.exe,8100,0x147123C9510,DXGI,1,0,0,Hardware: Independent Flip,19336.6926,23.2264,22.9914,0.2350,21.4416,25.5834,25.5386,0.0448,49.7319,27.8397,-3.1106,19336.6926,NA,NA,NA
valheim.exe,8100,0x147123C9510,DXGI,1,0,0,Hardware: Independent Flip,19359.9190,9.0866,8.9056,0.1810,23.7986,29.1598,29.1293,0.0305,54.3452,6.9657,-4.6133,19359.9190,NA,NA,NA
valheim.exe,8100,0x147123C9510,DXGI,1,0,0,Hardware: Independent Flip,19369.0056,9.5866,9.4248,0.1618,43.9456,0.2385,0.2125,0.0260,52.2243,6.9168,2.1209,19369.0056,NA,NA,NA
valheim.exe,8100,0x147123C9510,DXGI,1,0,0,Hardware: Independent Flip,19378.5922,23.1703,22.9774,0.1929,34.6199,3.3369,2.4929,0.8440,49.5545,34.7718,2.6698,19378.5922,NA,43.1002,NA
valheim.exe,8100,0x147123C9510,DXGI,1,0,0,Hardware: Independent Flip,19401.7625,28.4849,28.2863,0.1986,27.5752,26.6806,26.5791,0.1015,61.1560,13.9482,-11.6015,19401.7625,NA,67.8704,NA
valheim.exe,8100,0x147123C9510,DXGI,1,0,0,Hardware: Independent Flip,19430.2474,11.4990,11.3247,0.1743,25.7709,15.2880,15.2610,0.0270,46.6193,6.8850,14.5367,19430.2474,NA,NA,NA
valheim.exe,8100,0x147123C9510,DXGI,1,0,0,Hardware: Independent Flip,19441.7464,8.6315,8.4823,0.1492,29.5599,0.8108,0.7115,0.0993,42.0053,27.8190,4.6140,19441.7464,NA,NA,NA
valheim.exe,8100,0x147123C9510,DXGI,1,0,0,Hardware: Independent Flip,19450.3779,31.9540,31.7617,0.1923,21.7809,34.0632,26.7113,7.3519,61.1928,13.8841,-19.1875,19450.3779,NA,42.5423,NA
valheim.exe,8100,0x147123C9510,DXGI,1,0,0,Hardware: Independent Flip,19482.3319,10.7334,10.5376,0.1958,23.8901,16.1298,16.1298,0.0000,43.1229,6.9887,18.0699,19482.3319,NA,43.4338,NA
valheim.exe,8100,0x147123C9510,DXGI,1,0,0,Hardware: Independent Flip,19493.0653,10.0591,9.8853,0.1738,29.3766,3.3946,3.2989,0.0957,39.3782,27.7821,3.7447,19493.0653,NA,NA,NA
valheim.exe,8100,0x147123C9510,DXGI,1,0,0,Hardware: Independent Flip,19503.1244,27.1293,26.9480,0.1813,25.8669,26.9056,26.8326,0.0730,57.1012,13.9808,-17.7230,19503.1244,NA,52.1863,NA
valheim.exe,8100,0x147123C9510,DXGI,1,0,0,Hardware: Independent Flip,19530.2537,10.3520,10.1823,0.1697,25.7302,13.0151,13.0151,0.0000,43.9527,6.8941,13.1485,19530.2537,NA,NA,NA
valheim.exe,8100,0x147123C9510,DXGI,1,0,0,Hardware: Independent Flip,19540.6057,8.7906,8.6375,0.1531,28.3933,2.2322,2.1988,0.0334,40.4948,20.8370,3.4579,19540.6057,NA,NA,NA
valheim.exe,8100,0x147123C9510,DXGI,1,0,0,Hardware: Independent Flip,19549.3963,27.9092,27.6743,0.2349,21.8746,29.8485,28.3186,1.5299,52.5412,13.9278,-12.0464,19549.3963,NA,NA,NA
valheim.exe,8100,0x147123C9510,DXGI,1,0,0,Hardware: Independent Flip,19577.3055,11.0210,10.8162,0.2048,23.8139,12.7523,12.7098,0.0425,38.5598,20.8391,13.9814,19577.3055,NA,NA,NA
valheim.exe,8100,0x147123C9510,DXGI,1,0,0,Hardware: Independent Flip,19588.3265,10.8642,10.6936,0.1706,25.5452,19.4896,19.4896,0.0000,48.3779,13.9489,-9.8181,19588.3265,NA,NA,NA
valheim.exe,8100,0x147123C9510,DXGI,1,0,0,Hardware: Independent Flip,19599.1907,21.2011,20.8966,0.3045,34.1706,15.9315,15.6658,0.2657,51.4626,6.9290,-3.0847,19599.1907,NA,NA,NA
valheim.exe,8100,0x147123C9510,DXGI,1,0,0,Hardware: Independent Flip,19620.3918,10.3921,10.1178,0.2743,28.9010,0.7059,0.5740,0.1319,37.1905,20.8234,14.2721,19620.3918,NA,NA,NA
valheim.exe,8100,0x147123C9510,DXGI,1,0,0,Hardware: Independent Flip,19630.7839,22.6839,22.4974,0.1865,19.2435,27.6686,27.6233,0.0453,47.6218,20.8533,-10.4313,19630.7839,NA,49.3564,NA
valheim.exe,8100,0x147123C9510,DXGI,1,0,0,Hardware: Independent Flip,19653.4678,11.1724,10.9803,0.1921,24.2999,17.4625,17.4042,0.0583,45.7912,13.9126,1.8306,19653.4678,NA,NA,NA
valheim.exe,8100,0x147123C9510,DXGI,1,0,0,Hardware: Independent Flip,19664.6402,8.3087,8.1344,0.1743,30.5900,15.2112,15.2044,0.0068,48.5314,6.9549,-2.7402,19664.6402,NA,NA,NA
valheim.exe,8100,0x147123C9510,DXGI,1,0,0,Hardware: Independent Flip,19672.9489,23.0205,22.7934,0.2271,37.4925,3.0750,2.9761,0.0989,47.1776,20.8627,1.3538,19672.9489,NA,45.0719,NA
valheim.exe,8100,0x147123C9510,DXGI,1,0,0,Hardware: Independent Flip,19695.9694,17.2567,17.0729,0.1838,17.6364,26.3973,26.3691,0.0282,45.0198,20.8025,2.1578,19695.9694,NA,40.9807,NA
valheim.exe,8100,0x147123C9510,DXGI,1,0,0,Hardware: Independent Flip,19713.2261,13.4663,13.2928,0.1735,26.7770,16.3040,16.3040,0.0000,48.5656,13.9784,-3.5458,19713.2261,NA,37.7917,NA
valheim.exe,8100,0x147123C9510,DXGI,1,0,0,Hardware: Independent Flip,19726.6924,11.2110,11.0146,0.1964,29.6147,15.5587,15.5587,0.0000,49.0777,6.8984,-0.5121,19726.6924,NA,NA,NA
valheim.exe,8100,0x147123C9510,DXGI,1,0,0,Hardware: Independent Flip,19737.9034,16.1029,15.9255,0.1774,33.9624,2.7392,2.6627,0.0765,44.7651,13.9073,4.3126,19737.9034,NA,41.6598,NA
valheim.exe,8100,0x147123C9510,DXGI,1,0,0,Hardware: Independent Flip,19754.0063,25.6665,25.4648,0.2017,24.7712,14.9905,14.9010,0.0895,42.5695,13.8820,2.1956,19754.0063,NA,19.5193,NA
valheim.exe,8100,0x147123C9510,DXGI,1,0,0,Hardware: Independent Flip,19779.6728,15.3628,15.1380,0.2248,14.0952,13.5795,13.5326,0.0469,30.7850,13.9066,11.7845,19779.6728,NA,19.4612,NA
valheim.exe,8100,0x147123C9510,DXGI,1,0,0,Hardware: Independent Flip,19795.0356,16.4564,16.1946,0.2618,12.3119,16.3713,16.3063,0.0650,29.3288,20.8622,1.4562,19795.0356,NA,17.3701,NA
valheim.exe,8100,0x147123C9510,DXGI,1,0,0,Hardware: Independent Flip,19811.4920,15.9917,15.7278,0.2639,12.3136,16.2778,16.2587,0.0191,33.7346,13.8921,-4.4058,19811.4920,NA,21.1805,NA
valheim.exe,8100,0x147123C9510,DXGI,1,0,0,Hardware: Independent Flip,19827.4837,13.3290,13.1166,0.2124,12.5997,17.7689,17.7689,0.0000,31.6350,27.7896,2.0996,19827.4837,NA,22.1058,NA
valheim.exe,8100,0x147123C9510,DXGI,1,0,0,Hardware: Independent Flip,19840.8127,7.5434,7.3889,0.1545,17.0396,27.3878,27.3636,0.0242,46.0956,20.8825,-14.4606,19840.8127,NA,41.9231,NA
valheim.exe,8100,0x147123C9510,DXGI,1,0,0,Hardware: Independent Flip,19848.3561,21.4562,21.3077,0.1485,36.8840,15.7950,15.7950,0.0000,59.4347,13.9416,-13.3391,19848.3561,NA,41.7879,NA
valheim.exe,8100,0x147123C9510,DXGI,1,0,0,Hardware: Independent Flip,19869.8123,8.0681,7.9320,0.1361,31.3102,16.2886,16.2527,0.0359,51.9201,6.9196,7.5146,19869.8123,NA,NA,NA
valheim.exe,8100,0x147123C9510,DXGI,1,0,0,Hardware: Independent Flip,19877.8804,22.4158,22.1858,0.2300,39.5307,0.8872,0.8109,0.0763,50.7716,27.7535,1.1485,19877.8804,NA,41.6579,NA
valheim.exe,8100,0x147123C9510,DXGI,1,0,0,Hardware: Independent Flip,19900.2962,24.3570,24.1668,0.1902,18.0478,34.0379,30.9516,3.0863,56.1093,13.9329,-5.3377,19900.2962,NA,34.4115,NA
valheim.exe,8100,0x147123C9510,DXGI,1,0,0,Hardware: Independent Flip,19924.6532,9.8556,9.7054,0.1502,27.7287,17.3029,17.3029,0.0000,45.6852,20.8657,10.4241,19924.6532,NA,36.3524,NA
valheim.exe,8100,0x147123C9510,DXGI,1,0,0,Hardware: Independent Flip,19934.5088,11.8830,11.6915,0.1915,35.1760,16.7628,16.7628,0.0000,56.6953,13.9000,-11.0101,19934.5088,NA,NA,NA
valheim.exe,8100,0x147123C9510,DXGI,1,0,0,Hardware: Independent Flip,19946.3918,24.9325,24.6584,0.2741,40.0558,16.6425,16.6380,0.0045,58.7123,20.8457,-2.0170,19946.3918,NA,35.1116,NA
valheim.exe,8100,0x147123C9510,DXGI,1,0,0,Hardware: Independent Flip,19971.3243,11.7245,11.5627,0.1618,31.7658,16.0719,16.0427,0.0292,54.6255,13.9313,4.0868,19971.3243,NA,54.9631,NA
valheim.exe,8100,0x147123C9510,DXGI,1,0,0,Hardware: Independent Flip,19983.0488,21.7310,21.5281,0.2029,36.1967,14.9017,14.9017,0.0000,56.8323,6.9090,-2.2068,19983.0488,NA,48.8613,NA
valheim.exe,8100,0x147123C9510,DXGI,1,0,0,Hardware: Independent Flip,20004.7798,11.5245,11.3804,0.1441,29.3674,5.2209,5.1246,0.0963,42.0103,27.8100,14.8220,20004.7798,NA,41.7846,NA
valheim.exe,8100,0x147123C9510,DXGI,1,0,0,Hardware: Independent Flip,20016.3043,25.1303,24.9235,0.2068,23.4012,31.3175,31.1757,0.1418,58.2958,13.9141,-16.2855,20016.3043,NA,33.6091,NA
valheim.exe,8100,0x147123C9510,DXGI,1,0,0,Hardware: Independent Flip,20041.4346,9.7494,9.5938,0.1556,29.5884,15.6124,15.4243,0.1881,47.0796,13.8829,11.2162,20041.4346,NA,40.5114,NA
valheim.exe,8100,0x147123C9510,DXGI,1,0,0,Hardware: Independent Flip,20051.1840,10.4037,10.2595,0.1442,35.4514,15.6541,15.6096,0.0445,51.2131,20.8435,-4.1335,20051.1840,NA,NA,NA
valheim.exe,8100,0x147123C9510,DXGI,1,0,0,Hardware: Independent Flip,20061.5877,25.7491,25.5522,0.1969,40.7018,14.3952,14.3720,0.0232,61.6529,13.9373,-10.4398,20061.5877,NA,49.2081,NA
valheim.exe,8100,0x147123C9510,DXGI,1,0,0,Hardware: Independent Flip,20087.3368,14.1813,13.9669,0.2144,29.3479,20.2933,20.2933,0.0000,49.8411,20.8633,11.8118,20087.3368,NA,48.1902,NA
valheim.exe,8100,0x147123C9510,DXGI,1,0,0,Hardware: Independent Flip,20101.5181,12.3050,12.1598,0.1452,35.4599,14.9708,14.9708,0.0000,56.5231,13.9150,-6.6820,20101.5181,NA,55.0628,NA
valheim.exe,8100,0x147123C9510,DXGI,1,0,0,Hardware: Independent Flip,20113.8231,22.9338,22.7421,0.1917,38.1257,16.5867,16.5867,0.0000,58.1331,6.9407,-1.6100,20113.8231,NA,50.9417,NA
valheim.exe,8100,0x147123C9510,DXGI,1,0,0,Hardware: Independent Flip,20136.7569,12.0115,11.7890,0.2225,31.7786,0.5829,0.5011,0.0818,42.1400,27.8075,15.9931,20136.7569,NA,43.9021,NA
valheim.exe,8100,0x147123C9510,DXGI,1,0,0,Hardware: Independent Flip,20148.7684,25.7915,25.6268,0.1647,20.3787,32.0725,29.5260,2.5465,57.9360,13.8868,-15.7960,20148.7684,NA,NA,NA
valheim.exe,8100,0x147123C9510,DXGI,1,0,0,Hardware: Independent Flip,20174.5599,8.9428,8.7594,0.1834,26.6597,18.2006,18.2006,0.0000,46.0313,6.9790,11.9047,20174.5599,NA,NA,NA
valheim.exe,8100,0x147123C9510,DXGI,1,0,0,Hardware: Independent Flip,20183.5027,6.6603,6.4975,0.1628,35.9175,3.9560,3.8505,0.1055,44.0675,27.7788,1.9638,20183.5027,NA,NA,NA
valheim.exe,8100,0x147123C9510,DXGI,1,0,0,Hardware: Independent Flip,20190.1630,34.3818,34.1057,0.2761,33.3222,29.5103,29.4167,0.0936,65.1860,13.9138,-21.1185,20190.1630,NA,NA,NA
valheim.exe,8100,0x147123C9510,DXGI,1,0,0,Hardware: Independent Flip,20224.5448,8.1839,8.0062,0.1777,28.5291,15.0783,15.0783,0.0000,44.7180,20.8073,20.4680,20224.5448,NA,NA,NA
valheim.exe,8100,0x147123C9510,DXGI,1,0,0,Hardware: Independent Flip,20232.7287,10.9492,10.7808,0.1684,35.4235,18.0354,18.0354,0.0000,57.3414,13.9297,-12.6234,20232.7287,NA,NA,NA
valheim.exe,8100,0x147123C9510,DXGI,1,0,0,Hardware: Independent Flip,20243.6779,25.6320,25.4305,0.2015,42.5097,15.9581,15.9473,0.0108,60.3219,20.8615,-2.9805,20243.6779,NA,NA,NA
valheim.exe,8100,0x147123C9510,DXGI,1,0,0,Hardware: Independent Flip,20269.3099,12.9685,12.7903,0.1782,32.8358,17.3275,17.3019,0.0256,55.5514,13.9641,4.7705,20269.3099,NA,NA,NA
valheim.exe,8100,0x147123C9510,DXGI,1,0,0,Hardware: Independent Flip,20282.2784,21.4430,21.2724,0.1706,37.1948,17.0940,17.0818,0.0122,56.5470,6.9083,-0.9956,20282.2784,NA,NA,NA
valheim.exe,8100,0x147123C9510,DXGI,1,0,0,Hardware: Independent Flip,20303.7214,12.5826,12.4326,0.1500,32.8458,0.2495,0.2176,0.0319,42.0123,27.7769,14.5347,20303.7214,NA,NA,NA
valheim.exe,8100,0x147123C9510,DXGI,1,0,0,Hardware: Independent Flip,20316.3040,26.1363,25.9647,0.1716,20.5460,33.5272,31.6983,1.8289,57.2066,20.9015,-15.1943,20316.3040,NA,32.5056,NA
valheim.exe,8100,0x147123C9510,DXGI,1,0,0,Hardware: Independent Flip,20342.4403,8.9384,8.7649,0.1735,27.9369,18.0608,18.0608,0.0000,51.9718,6.9416,5.2348,20342.4403,NA,NA,NA
valheim.exe,8100,0x147123C9510,DXGI,1,0,0,Hardware: Independent Flip,20351.3787,11.2301,11.0602,0.1699,37.1921,2.4291,2.2985,0.1306,49.9750,13.8396,1.9968,20351.3787,NA,NA,NA
valheim.exe,8100,0x147123C9510,DXGI,1,0,0,Hardware: Independent Flip,20362.6088,30.4762,30.2631,0.2131,28.9354,17.8282,17.6936,0.1346,52.5845,27.8402,-2.6095,20362.6088,NA,41.2032,NA
valheim.exe,8100,0x147123C9510,DXGI,1,0,0,Hardware: Independent Flip,20393.0850,16.7219,16.4382,0.2837,16.3889,30.4251,30.3957,0.0294,49.9485,13.9105,2.6360,20393.0850,NA,38.0129,NA
valheim.exe,8100,0x147123C9510,DXGI,1,0,0,Hardware: Independent Flip,20409.8069,9.0373,8.8979,0.1394,30.1673,15.4233,15.4233,0.0000,47.1371,20.8277,2.8114,20409.8069,NA,40.9135,NA
valheim.exe,8100,0x147123C9510,DXGI,1,0,0,Hardware: Independent Flip,20418.8442,9.1521,8.9922,0.1599,36.5533,18.4521,18.4521,0.0000,58.9275,13.9256,-11.7904,20418.8442,NA,NA,NA
valheim.exe,8100,0x147123C9510,DXGI,1,0,0,Hardware: Independent Flip,20427.9963,31.6283,31.3984,0.2299,45.9263,15.9778,15.9778,0.0000,63.7010,20.8194,-4.7735,20427.9963,NA,34.7041,NA
valheim.exe,8100,0x147123C9510,DXGI,1,0,0,Hardware: Independent Flip,20459.6246,11.4222,11.2356,0.1866,30.3613,16.9201,16.8746,0.0455,52.8921,13.8924,10.8089,20459.6246,NA,NA,NA
valheim.exe,8100,0x147123C9510,DXGI,1,0,0,Hardware: Independent Flip,20471.0468,20.5282,20.3263,0.2019,35.8592,16.4319,16.4319,0.0000,55.3623,13.9349,-2.4702,20471.0468,NA,NA,NA
valheim.exe,8100,0x147123C9510,DXGI,1,0,0,Hardware: Independent Flip,20491.5750,13.0397,12.9021,0.1376,31.8427,14.5051,14.5051,0.0000,48.7690,20.8779,6.5933,20491.5750,NA,52.3167,NA
valheim.exe,8100,0x147123C9510,DXGI,1,0,0,Hardware: Independent Flip,20504.6147,20.3039,20.1067,0.1972,33.3081,16.3298,16.3298,0.0000,56.6072,6.9033,-7.8382,20504.6147,NA,57.1821,NA
valheim.exe,8100,0x147123C9510,DXGI,1,0,0,Hardware: Independent Flip,20524.9186,15.0599,14.8642,0.1957,29.3340,0.4142,0.3691,0.0451,43.2066,6.9724,13.4006,20524.9186,NA,NA,NA
valheim.exe,8100,0x147123C9510,DXGI,1,0,0,Hardware: Independent Flip,20539.9785,11.2115,11.0494,0.1621,14.7597,19.3003,19.1923,0.1080,35.1191,20.8336,8.0875,20539.9785,NA,39.9024,NA
valheim.exe,8100,0x147123C9510,DXGI,1,0,0,Hardware: Independent Flip,20551.1900,23.6643,23.4793,0.1850,22.8485,16.0436,15.9608,0.0828,44.7412,13.9181,-9.6221,20551.1900,NA,NA,NA
valheim.exe,8100,0x147123C9510,DXGI,1,0,0,Hardware: Independent Flip,20574.8543,14.6491,14.3583,0.2908,15.2278,16.4828,16.4410,0.0418,34.9950,27.7825,9.7462,20574.8543,NA,29.1013,NA
valheim.exe,8100,0x147123C9510,DXGI,1,0,0,Hardware: Independent Flip,20589.5034,19.1790,19.0200,0.1590,17.5845,27.3438,27.2334,0.1104,48.1284,13.9278,-13.1334,20589.5034,NA,NA,NA
valheim.exe,8100,0x147123C9510,DXGI,1,0,0,Hardware: Independent Flip,20608.6824,9.2557,9.0437,0.2120,25.7493,16.9053,16.8771,0.0282,42.8772,20.8525,5.2512,20608.6824,NA,40.1034,NA
valheim.exe,8100,0x147123C9510,DXGI,1,0,0,Hardware: Independent Flip,20617.9381,6.4129,6.2199,0.1930,33.3989,16.6359,16.6359,0.0000,54.4740,13.9208,-11.5968,20617.9381,NA,NA,NA
valheim.exe,8100,0x147123C9510,DXGI,1,0,0,Hardware: Independent Flip,20624.3510,25.9014,25.6743,0.2271,43.6219,15.3626,15.3626,0.0000,61.9819,6.9554,-7.5079,20624.3510,NA,NA,NA
valheim.exe,8100,0x147123C9510,DXGI,1,0,0,Hardware: Independent Flip,20650.2524,16.2009,15.8936,0.3073,33.0831,2.7927,2.7066,0.0861,43.0359,13.8838,18.9460,20650.2524,NA,51.3248,NA
valheim.exe,8100,0x147123C9510,DXGI,1,0,0,Hardware: Independent Flip,20666.4533,20.8611,20.5593,0.3018,19.7294,14.2120,14.0843,0.1277,40.7188,27.8007,2.3171,20666.4533,NA,33.4050,NA
valheim.exe,8100,0x147123C9510,DXGI,1,0,0,Hardware: Independent Flip,20687.3144,16.7513,16.5267,0.2246,13.0803,27.6046,27.4357,0.1689,47.6584,13.8870,-6.9396,20687.3144,NA,35.9500,NA
valheim.exe,8100,0x147123C9510,DXGI,1,0,0,Hardware: Independent Flip,20704.0657,7.6032,7.3694,0.2338,23.9336,16.9530,16.9121,0.0409,44.7941,7.0162,2.8643,20704.0657,NA,40.7789,NA
valheim.exe,8100,0x147123C9510,DXGI,1,0,0,Hardware: Independent Flip,20711.6689,12.1661,11.9939,0.1722,33.4612,3.8294,3.7248,0.1046,44.2071,13.8284,0.5870,20711.6689,NA,NA,NA
valheim.exe,8100,0x147123C9510,DXGI,1,0,0,Hardware: Independent Flip,20723.8350,27.5354,27.3174,0.2180,25.9163,15.6259,15.4588,0.1671,45.8694,27.8043,-1.6623,20723.8350,NA,19.6956,NA
valheim.exe,8100,0x147123C9510,DXGI,1,0,0,Hardware: Independent Flip,20751.3704,13.6281,13.4443,0.1838,14.0068,25.7376,25.7135,0.0241,46.1383,6.9613,-0.2689,20751.3704,NA,36.4910,NA
valheim.exe,8100,0x147123C9510,DXGI,1,0,0,Hardware: Independent Flip,20764.9985,7.1209,6.9236,0.1973,26.1163,13.0479,13.0479,0.0000,39.4715,6.9544,6.6668,20764.9985,NA,33.4639,NA
valheim.exe,8100,0x147123C9510,DXGI,1,0,0,Hardware: Independent Flip,20772.1194,11.1432,10.9994,0.1438,32.0433,5.9038,5.8329,0.0709,39.3050,27.7880,0.1665,20772.1194,NA,39.4337,NA
valheim.exe,8100,0x147123C9510,DXGI,1,0,0,Hardware: Independent Flip,20783.2626,28.3231,28.1566,0.1665,26.8039,28.5830,28.5270,0.0560,55.9498,20.8714,-16.6448,20783.2626,NA,30.2131,NA
valheim.exe,8100,0x147123C9510,DXGI,1,0,0,Hardware: Independent Flip,20811.5857,9.1926,9.0124,0.1802,27.1321,16.5239,16.5239,0.0000,48.4981,13.9394,7.4517,20811.5857,NA,42.0076,NA
valheim.exe,8100,0x147123C9510,DXGI,1,0,0,Hardware: Independent Flip,20820.7783,6.1224,5.9696,0.1528,34.4634,13.3786,13.3786,0.0000,53.2449,13.8635,-4.7468,20820.7783,NA,NA,NA
valheim.exe,8100,0x147123C9510,DXGI,1,0,0,Hardware: Independent Flip,20826.9007,24.5603,24.3842,0.1761,41.7196,18.4514,18.4049,0.0465,60.9860,6.9705,-7.7411,20826.9007,NA,47.9034,NA
valheim.exe,8100,0x147123C9510,DXGI,1,0,0,Hardware: Independent Flip,20851.4610,21.8756,21.6692,0.2064,35.6107,2.8851,2.8851,0.0000,43.3962,27.8054,17.5898,20851.4610,NA,33.8623,NA
valheim.exe,8100,0x147123C9510,DXGI,1,0,0,Hardware: Independent Flip,20873.3366,11.3446,11.2002,0.1444,16.6202,29.1129,29.0793,0.0336,49.3260,13.9656,-5.9298,20873.3366,NA,48.6370,NA
valheim.exe,8100,0x147123C9510,DXGI,1,0,0,Hardware: Independent Flip,20884.6812,15.5180,15.3705,0.1475,34.3885,15.4018,15.3785,0.0233,51.9470,6.8674,-2.6210,20884.6812,NA,40.6161,NA
valheim.exe,8100,0x147123C9510,DXGI,1,0,0,Hardware: Independent Flip,20900.1992,7.2929,7.0763,0.2166,34.3901,0.7368,0.6259,0.1109,43.2964,13.9213,8.6506,20900.1992,NA,NA,NA
valheim.exe,8100,0x147123C9510,DXGI,1,0,0,Hardware: Independent Flip,20907.4921,31.5377,31.1461,0.3916,27.8815,16.8402,16.7779,0.0623,49.9248,34.7289,-6.6284,20907.4921,NA,21.3814,NA
valheim.exe,8100,0x147123C9510,DXGI,1,0,0,Hardware: Independent Flip,20939.0298,33.6052,33.4648,0.1404,13.1840,33.3412,15.5169,17.8243,53.1160,27.8292,-3.1912,20939.0298,NA,23.0660,NA
valheim.exe,8100,0x147123C9510,DXGI,1,0,0,Hardware: Independent Flip,20972.6350,15.7581,15.5987,0.1594,12.9200,30.9883,30.7043,0.2840,47.3400,20.8879,5.7760,20972.6350,NA,40.9894,NA
valheim.exe,8100,0x147123C9510,DXGI,1,0,0,Hardware: Independent Flip,20988.3931,10.9780,10.7233,0.2547,28.1502,17.6400,17.6216,0.0184,52.4698,6.8924,-5.1298,20988.3931,NA,NA,NA
valheim.exe,8100,0x147123C9510,DXGI,1,0,0,Hardware: Independent Flip,20999.3711,6.8966,6.7208,0.1758,34.9282,3.7982,3.7277,0.0705,48.3842,6.9809,4.0856,20999.3711,NA,NA,NA
valheim.exe,8100,0x147123C9510,DXGI,1,0,0,Hardware: Independent Flip,21006.2677,30.7603,30.5450,0.2153,31.8604,14.7765,14.5600,0.2165,48.4685,41.6939,-0.0843,21006.2677,NA,41.7232,NA
valheim.exe,8100,0x147123C9510,DXGI,1,0,0,Hardware: Independent Flip,21037.0280,15.9629,15.7396,0.2233,15.9399,40.4358,40.4228,0.0130,59.4021,6.9897,-10.9336,21037.0280,NA,52.4221,NA
valheim.exe,8100,0x147123C9510,DXGI,1,0,0,Hardware: Independent Flip,21052.9909,7.8332,7.6918,0.1414,40.4128,2.7386,2.7218,0.0168,50.4289,6.9109,8.9732,21052.9909,NA,50.4188,NA
valheim.exe,8100,0x147123C9510,DXGI,1,0,0,Hardware: Independent Flip,21060.8241,9.6304,9.5082,0.1222,35.6615,2.4894,2.4655,0.0239,49.5066,41.7461,0.9223,21060.8241,NA,NA,NA
valheim.exe,8100,0x147123C9510,DXGI,1,0,0,Hardware: Independent Flip,21070.4545,48.4081,48.2371,0.1710,47.5990,27.5176,27.4455,0.0721,81.6223,6.9271,-32.1157,21070.4545,NA,36.0553,NA
valheim.exe,8100,0x147123C9510,DXGI,1,0,0,Hardware: Independent Flip,21118.8626,9.2437,9.0353,0.2084,26.7085,3.4993,3.4993,0.0000,40.1413,6.9363,41.4810,21118.8626,NA,34.9577,NA
valheim.exe,8100,0x147123C9510,DXGI,1,0,0,Hardware: Independent Flip,21128.1063,8.3852,8.2146,0.1706,20.9641,12.5470,12.2422,0.3048,37.8339,20.8507,2.3074,21128.1063,NA,NA,NA
valheim.exe,8100,0x147123C9510,DXGI,1,0,0,Hardware: Independent Flip,21136.4915,33.4937,33.3142,0.1795,25.1259,20.6761,14.7364,5.9397,50.2994,27.8045,-12.4655,21136.4915,NA,25.7339,NA
valheim.exe,8100,0x147123C9510,DXGI,1,0,0,Hardware: Independent Flip,21169.9852,14.4815,14.2494,0.2321,12.3083,28.3605,28.3605,0.0000,44.6102,13.9330,5.6892,21169.9852,NA,43.7743,NA
valheim.exe,8100,0x147123C9510,DXGI,1,0,0,Hardware: Independent Flip,21184.4667,7.0426,6.8847,0.1579,26.1873,13.1012,13.1012,0.0000,44.0617,6.9471,0.5485,21184.4667,NA,45.4688,NA
valheim.exe,8100,0x147123C9510,DXGI,1,0,0,Hardware: Independent Flip,21191.5093,13.4865,13.3222,0.1643,32.2459,7.1127,7.0018,0.1109,43.9662,27.7703,0.0955,21191.5093,NA,NA,NA
valheim.exe,8100,0x147123C9510,DXGI,1,0,0,Hardware: Independent Flip,21204.9958,29.7083,29.5231,0.1852,28.8177,27.7387,27.6570,0.0817,58.2500,13.8917,-14.2838,21204.9958,NA,61.7078,NA
valheim.exe,8100,0x147123C9510,DXGI,1,0,0,Hardware: Independent Flip,21234.7041,10.5835,10.4069,0.1766,26.9447,13.9023,13.9023,0.0000,42.4334,34.8123,15.8166,21234.7041,NA,40.1155,NA
valheim.exe,8100,0x147123C9510,DXGI,1,0,0,Hardware: Independent Flip,21245.2876,11.5430,11.2873,0.2557,30.2635,30.5098,30.5098,0.0000,66.6622,6.9632,-24.2288,21245.2876,NA,NA,NA
valheim.exe,8100,0x147123C9510,DXGI,1,0,0,Hardware: Independent Flip,21256.8306,18.1394,17.9774,0.1620,49.2303,2.3552,2.3552,0.0000,62.0824,6.8997,4.5798,21256.8306,NA,NA,NA
valheim.exe,8100,0x147123C9510,DXGI,1,0,0,Hardware: Independent Flip,21274.9700,14.0404,13.8839,0.1565,37.0312,2.4685,2.4289,0.0396,50.8427,20.8791,11.2397,21274.9700,NA,61.2483,NA
valheim.exe,8100,0x147123C9510,DXGI,1,0,0,Hardware: Independent Flip,21289.0104,39.0214,38.8264,0.1950,37.6174,15.8511,15.7175,0.1336,57.6814,27.9608,-6.8387,21289.0104,NA,50.6465,NA
valheim.exe,8100,0x147123C9510,DXGI,1,0,0,Hardware: Independent Flip,21328.0318,17.1979,16.9885,0.2094,15.7188,26.8848,26.8093,0.0755,46.6208,6.7851,11.0606,21328.0318,NA,47.7371,NA
valheim.exe,8100,0x147123C9510,DXGI,1,0,0,Hardware: Independent Flip,21345.2297,7.3163,7.1334,0.1829,25.4057,0.5916,0.5669,0.0247,36.2080,13.9113,10.4128,21345.2297,NA,NA,NA
valheim.exe,8100,0x147123C9510,DXGI,1,0,0,Hardware: Independent Flip,21352.5460,9.4879,9.3219,0.1660,18.6810,20.0166,19.8889,0.1277,42.8030,27.7882,-6.5950,21352.5460,NA,NA,NA
valheim.exe,8100,0x147123C9510,DXGI,1,0,0,Hardware: Independent Flip,21362.0339,28.6604,28.4198,0.2406,29.2097,28.2623,28.2251,0.0372,61.1033,13.9285,-18.3003,21362.0339,NA,64.5348,NA
valheim.exe,8100,0x147123C9510,DXGI,1,0,0,Hardware: Independent Flip,21390.6943,11.9401,11.7506,0.1895,28.8116,12.6773,12.6773,0.0000,46.3714,6.8924,14.7319,21390.6943,NA,NA,NA
valheim.exe,8100,0x147123C9510,DXGI,1,0,0,Hardware: Independent Flip,21402.6344,5.1394,4.9960,0.1434,29.6069,5.6971,5.6404,0.0567,41.3237,13.9215,5.0477,21402.6344,NA,NA,NA
valheim.exe,8100,0x147123C9510,DXGI,1,0,0,Hardware: Independent Flip,21407.7738,30.0948,29.7985,0.2963,30.2896,16.3526,16.3199,0.0327,50.1058,27.8355,-8.7821,21407.7738,NA,22.2757,NA
valheim.exe,8100,0x147123C9510,DXGI,1,0,0,Hardware: Independent Flip,21437.8686,15.7113,15.4855,0.2258,16.5474,26.2351,26.1797,0.0554,47.8465,13.9273,2.2593,21437.8686,NA,NA,NA
valheim.exe,8100,0x147123C9510,DXGI,1,0,0,Hardware: Independent Flip,21453.5799,9.0234,8.8721,0.1513,27.0712,16.2307,16.1485,0.0822,46.0625,6.9016,1.7840,21453.5799,NA,40.6579,NA
valheim.exe,8100,0x147123C9510,DXGI,1,0,0,Hardware: Independent Flip,21462.6033,7.4377,7.2865,0.1512,34.2785,3.3368,3.2468,0.0900,43.9407,27.7921,2.1218,21462.6033,NA,NA,NA
valheim.exe,8100,0x147123C9510,DXGI,1,0,0,Hardware: Independent Flip,21470.0410,31.8343,31.6617,0.1726,30.3623,27.5158,27.4417,0.0741,64.2951,13.9657,-20.3544,21470.0410,NA,36.2948,NA
valheim.exe,8100,0x147123C9510,DXGI,1,0,0,Hardware: Independent Flip,21501.8753,8.9029,8.7011,0.2018,26.0438,15.9763,15.9223,0.0540,46.4265,6.9251,17.8686,21501.8753,NA,NA,NA
valheim.exe,8100,0x147123C9510,DXGI,1,0,0,Hardware: Independent Flip,21510.7782,9.5762,9.3800,0.1962,33.1172,1.0918,0.9978,0.0940,44.4487,6.9560,1.9778,21510.7782,NA,NA,NA
valheim.exe,8100,0x147123C9510,DXGI,1,0,0,Hardware: Independent Flip,21520.3544,28.6308,28.4107,0.2201,24.6776,16.2518,15.5043,0.7475,41.8285,34.7194,2.6202,21520.3544,NA,33.6597,NA
valheim.exe,8100,0x147123C9510,DXGI,1,0,0,Hardware: Independent Flip,21548.9852,20.1870,19.9893,0.1977,12.4024,32.4260,27.2888,5.1372,47.9171,13.8959,-6.0886,21548.9852,NA,37.4222,NA
valheim.exe,8100,0x147123C9510,DXGI,1,0,0,Hardware: Independent Flip,21569.1722,9.5512,9.4068,0.1444,24.6414,16.3183,16.2944,0.0239,41.6260,6.9642,6.2911,21569.1722,NA,38.7720,NA
valheim.exe,8100,0x147123C9510,DXGI,1,0,0,Hardware: Independent Flip,21578.7234,8.2244,8.0399,0.1845,31.4085,3.9998,3.8559,0.1439,39.0390,13.8949,2.5870,21578.7234,NA,NA,NA
valheim.exe,8100,0x147123C9510,DXGI,1,0,0,Hardware: Independent Flip,21586.9478,27.0874,26.8895,0.1979,27.1839,15.5129,15.2385,0.2744,44.7095,34.7840,-5.6705,21586.9478,NA,21.6239,NA
valheim.exe,8100,0x147123C9510,DXGI,1,0,0,Hardware: Independent Flip,21614.0352,15.0132,14.8584,0.1548,15.6094,32.3579,32.3080,0.0499,52.4061,13.9311,-7.6966,21614.0352,NA,43.4471,NA
valheim.exe,8100,0x147123C9510,DXGI,1,0,0,Hardware: Independent Flip,21629.0484,9.5686,9.4008,0.1678,32.9541,13.8212,13.7900,0.0312,51.3240,6.9020,1.0821,21629.0484,NA,52.3680,NA
valheim.exe,8100,0x147123C9510,DXGI,1,0,0,Hardware: Independent Flip,21638.6170,16.0938,15.9508,0.1430,37.3047,5.1905,5.1188,0.0717,48.6574,27.8233,2.6666,21638.6170,NA,NA,NA
valheim.exe,8100,0x147123C9510,DXGI,1,0,0,Hardware: Independent Flip,21654.7108,31.0298,30.8776,0.1522,27.3441,32.7350,29.7366,2.9984,60.3869,20.8470,-11.7295,21654.7108,NA,35.0716,NA
valheim.exe,8100,0x147123C9510,DXGI,1,0,0,Hardware: Independent Flip,21685.7406,11.6466,11.4808,0.1658,29.1012,18.0637,18.0004,0.0633,50.2041,13.9449,10.1828,21685.7406,NA,41.9012,NA
valheim.exe,8100,0x147123C9510,DXGI,1,0,0,Hardware: Independent Flip,21697.3872,8.4147,8.2617,0.1530,35.5183,15.5676,15.3446,0.2230,52.5024,6.9185,-2.2983,21697.3872,NA,NA,NA
valheim.exe,8100,0x147123C9510,DXGI,1,0,0,Hardware: Independent Flip,21705.8019,24.0248,23.8482,0.1766,42.6712,0.7379,0.6154,0.1225,51.0062,27.7982,1.4962,21705.8019,NA,41.7768,NA
valheim.exe,8100,0x147123C9510,DXGI,1,0,0,Hardware: Independent Flip,21729.8267,26.0644,25.8504,0.2140,19.4350,33.4413,30.8152,2.6261,54.7796,13.9134,-3.7734,21729.8267,NA,50.5768,NA
valheim.exe,8100,0x147123C9510,DXGI,1,0,0,Hardware: Independent Flip,21755.8911,10.0740,9.9023,0.1717,26.8119,15.3621,15.3289,0.0332,42.6286,6.9264,12.1510,21755.8911,NA,NA,NA
valheim.exe,8100,0x147123C9510,DXGI,1,0,0,Hardware: Independent Flip,21765.9651,6.6185,6.4513,0.1672,32.1000,4.0902,3.9915,0.0987,39.4810,27.8189,3.1476,21765.9651,NA,NA,NA
valheim.exe,8100,0x147123C9510,DXGI,1,0,0,Hardware: Independent Flip,21772.5836,30.3458,30.1685,0.1773,29.5717,24.6992,24.6677,0.0315,60.6814,13.9559,-21.2004,21772.5836,NA,38.9210,NA
valheim.exe,8100,0x147123C9510,DXGI,1,0,0,Hardware: Independent Flip,21802.9294,8.3777,8.2316,0.1461,24.0628,17.0606,17.0539,0.0067,44.2915,6.9129,16.3899,21802.9294,NA,41.1719,NA
valheim.exe,8100,0x147123C9510,DXGI,1,0,0,Hardware: Independent Flip,21811.3071,6.8821,6.7075,0.1746,32.7457,2.8409,2.7550,0.0859,42.8267,20.8135,1.4648,21811.3071,NA,NA,NA
valheim.exe,8100,0x147123C9510,DXGI,1,0,0,Hardware: Independent Flip,21818.1892,30.3615,30.1355,0.2260,28.9560,26.9995,26.8209,0.1786,56.7581,13.9430,-13.9314,21818.1892,NA,47.9261,NA
valheim.exe,8100,0x147123C9510,DXGI,1,0,0,Hardware: Independent Flip,21848.5507,11.4136,11.2423,0.1713,25.5940,12.4474,12.4474,0.0000,40.3396,13.8729,16.4185,21848.5507,NA,32.9180,NA
valheim.exe,8100,0x147123C9510,DXGI,1,0,0,Hardware: Independent Flip,21859.9643,8.0755,7.9062,0.1693,26.6278,14.0857,14.0857,0.0000,42.7989,13.9127,-2.4593,21859.9643,NA,NA,NA
valheim.exe,8100,0x147123C9510,DXGI,1,0,0,Hardware: Independent Flip,21868.0398,21.9195,21.6473,0.2722,32.6380,15.1546,15.1546,0.0000,48.6361,13.8957,-5.8372,21868.0398,NA,30.0639,NA
valheim.exe,8100,0x147123C9510,DXGI,1,0,0,Hardware: Independent Flip,21889.9593,13.0992,12.8734,0.2258,25.9274,13.3357,13.3104,0.0253,40.6123,13.8866,8.0238,21889.9593,NA,NA,NA
valheim.exe,8100,0x147123C9510,DXGI,1,0,0,Hardware: Independent Flip,21903.0585,12.4096,12.2098,0.1998,26.2419,14.4221,14.4065,0.0156,41.3997,6.9780,-0.7874,21903.0585,NA,NA,NA
valheim.exe,8100,0x147123C9510,DXGI,1,0,0,Hardware: Independent Flip,21915.4681,13.9829,13.7290,0.2539,28.2544,3.8773,3.7511,0.1262,35.9681,20.8534,5.4316,21915.4681,NA,NA,NA
valheim.exe,8100,0x147123C9510,DXGI,1,0,0,Hardware: Independent Flip,21929.4510,17.6142,17.3367,0.2775,18.1488,23.1624,23.1020,0.0604,42.8386,13.9371,-6.8705,21929.4510,NA,38.8785,NA
valheim.exe,8100,0x147123C9510,DXGI,1,0,0,Hardware: Independent Flip,21947.0652,11.1591,10.9868,0.1723,23.6970,12.7993,12.7993,0.0000,39.1615,6.8936,3.6771,21947.0652,NA,NA,NA
valheim.exe,8100,0x147123C9510,DXGI,1,0,0,Hardware: Independent Flip,21958.2243,8.5968,8.4403,0.1565,25.4686,2.2615,2.1338,0.1277,34.8960,6.9729,4.2655,21958.2243,NA,NA,NA
valheim.exe,8100,0x147123C9510,DXGI,1,0,0,Hardware: Independent Flip,21966.8211,19.1109,18.9204,0.1905,19.1333,13.3486,13.2969,0.0517,33.2721,27.8122,1.6239,21966.8211,NA,29.0906,NA
valheim.exe,8100,0x147123C9510,DXGI,1,0,0,Hardware: Independent Flip,21985.9320,15.2368,15.0120,0.2248,13.7081,23.9955,23.9383,0.0572,41.9734,13.9375,-8.7013,21985.9320,NA,31.2746,NA
valheim.exe,8100,0x147123C9510,DXGI,1,0,0,Hardware: Independent Flip,22001.1688,8.4785,8.2619,0.2166,22.4668,11.3670,11.3670,0.0000,40.6741,6.9220,1.2993,22001.1688,NA,37.7954,NA
valheim.exe,8100,0x147123C9510,DXGI,1,0,0,Hardware: Independent Flip,22009.6473,12.5634,12.3487,0.2147,25.3553,2.7477,2.6715,0.0762,39.1176,6.9434,1.5565,22009.6473,NA,NA,NA
valheim.exe,8100,0x147123C9510,DXGI,1,0,0,Hardware: Independent Flip,22022.2107,20.3464,20.1155,0.2309,19.2542,12.9574,12.8778,0.0796,33.4976,27.8147,5.6200,22022.2107,NA,16.6889,NA
valheim.exe,8100,0x147123C9510,DXGI,1,0,0,Hardware: Independent Flip,22042.5571,11.8871,11.6030,0.2841,11.8652,22.1772,22.1772,0.0000,40.9659,6.9906,-7.4683,22042.5571,NA,34.5357,NA
valheim.exe,8100,0x147123C9510,DXGI,1,0,0,Hardware: Independent Flip,22054.4442,10.3311,10.1555,0.1756,22.2645,12.9371,12.9371,0.0000,36.0694,6.8924,4.8965,22054.4442,NA,30.4714,NA
valheim.exe,8100,0x147123C9510,DXGI,1,0,0,Hardware: Independent Flip,22064.7753,9.9636,9.7610,0.2026,24.9461,0.6690,0.5543,0.1147,32.6307,27.8087,3.4387,22064.7753,NA,NA,NA
valheim.exe,8100,0x147123C9510,DXGI,1,0,0,Hardware: Independent Flip,22074.7389,25.8918,25.7107,0.1811,24.9960,22.1637,22.1055,0.0582,50.4758,14.0318,-17.8451,22074.7389,NA,32.1939,NA
valheim.exe,8100,0x147123C9510,DXGI,1,0,0,Hardware: Independent Flip,22100.6307,7.1567,6.9786,0.1781,21.2679,12.5969,12.5969,0.0000,38.6158,6.8599,11.8600,22100.6307,NA,34.2539,NA
valheim.exe,8100,0x147123C9510,DXGI,1,0,0,Hardware: Independent Flip,22107.7874,10.1692,9.9934,0.1758,26.8289,0.7511,0.6208,0.1303,38.3190,20.8011,0.2968,22107.7874,NA,NA,NA
valheim.exe,8100,0x147123C9510,DXGI,1,0,0,Hardware: Independent Flip,22117.9566,24.2263,24.0122,0.2141,17.4108,25.9336,21.9077,4.0259,48.9509,13.9727,-10.6319,22117.9566,NA,27.9158,NA
valheim.exe,8100,0x147123C9510,DXGI,1,0,0,Hardware: Independent Flip,22142.1829,8.1198,7.9434,0.1764,19.1181,14.3468,14.3050,0.0418,38.6973,6.8978,10.2536,22142.1829,NA,33.8912,NA
valheim.exe,8100,0x147123C9510,DXGI,1,0,0,Hardware: Independent Flip,22150.3027,9.3547,9.1810,0.1737,25.3451,0.5229,0.4151,0.1078,37.4753,20.8529,1.2220,22150.3027,NA,NA,NA
valheim.exe,8100,0x147123C9510,DXGI,1,0,0,Hardware: Independent Flip,22159.6574,25.6978,25.5080,0.1898,24.7610,23.9275,23.8856,0.0419,48.9735,13.8918,-11.4982,22159.6574,NA,26.6418,NA
valheim.exe,8100,0x147123C9510,DXGI,1,0,0,Hardware: Independent Flip,22185.3552,9.2080,8.9582,0.2498,23.0609,13.3964,13.3964,0.0000,37.1675,6.9246,11.8060,22185.3552,NA,28.5342,NA
valheim.exe,8100,0x147123C9510,DXGI,1,0,0,Hardware: Independent Flip,22194.5632,11.3932,11.2421,0.1511,27.3158,3.6347,3.5043,0.1304,34.8841,41.7391,2.2834,22194.5632,NA,NA,NA
valheim.exe,8100,0x147123C9510,DXGI,1,0,0,Hardware: Independent Flip,22205.9564,38.6989,38.5675,0.1314,37.8775,22.9774,22.9433,0.0341,65.2300,6.9680,-30.3459,22205.9564,NA,28.2112,NA
valheim.exe,8100,0x147123C9510,DXGI,1,0,0,Hardware: Independent Flip,22244.6553,8.7557,8.6104,0.1453,22.1560,10.9764,10.9481,0.0283,33.4991,13.8708,31.7309,22244.6553,NA,27.1668,NA
valheim.exe,8100,0x147123C9510,DXGI,1,0,0,Hardware: Independent Flip,22253.4110,6.1052,5.9615,0.1437,24.4494,9.8595,9.8185,0.0410,38.6142,20.8643,-5.1151,22253.4110,NA,NA,NA
valheim.exe,8100,0x147123C9510,DXGI,1,0,0,Hardware: Independent Flip,22259.5162,27.7851,27.5588,0.2263,28.2037,22.2917,22.2331,0.0586,53.3733,13.9394,-14.7591,22259.5162,NA,28.8840,NA
valheim.exe,8100,0x147123C9510,DXGI,1,0,0,Hardware: Independent Flip,22287.3013,9.5770,9.3874,0.1896,22.7103,14.1857,14.1857,0.0000,39.5276,6.8887,13.8457,22287.3013,NA,31.8432,NA
valheim.exe,8100,0x147123C9510,DXGI,1,0,0,Hardware: Independent Flip,22296.8783,7.1405,7.0047,0.1358,27.4490,3.3954,3.3184,0.0770,36.8393,6.9490,2.6883,22296.8783,NA,NA,NA
valheim.exe,8100,0x147123C9510,DXGI,1,0,0,Hardware: Independent Flip,22304.0188,24.1469,23.9287,0.2182,23.8305,12.5266,12.4972,0.0294,36.6478,27.8650,0.1915,22304.0188,NA,13.6574,NA
valheim.exe,8100,0x147123C9510,DXGI,1,0,0,Hardware: Independent Flip,22328.1657,11.6542,11.4735,0.1807,12.2757,22.9855,22.9691,0.0164,40.3659,6.9427,-3.7181,22328.1657,NA,30.5559,NA
valheim.exe,8100,0x147123C9510,DXGI,1,0,0,Hardware: Independent Flip,22339.8199,6.8878,6.7107,0.1771,23.6070,0.8370,0.8370,0.0000,35.6544,6.9305,4.7115,22339.8199,NA,29.4962,NA
valheim.exe,8100,0x147123C9510,DXGI,1,0,0,Hardware: Independent Flip,22346.7077,8.5746,8.4240,0.1506,17.5562,11.0542,10.9812,0.0730,35.6971,20.8460,-0.0427,22346.7077,NA,NA,NA
valheim.exe,8100,0x147123C9510,DXGI,1,0,0,Hardware: Independent Flip,22355.2823,26.6672,26.4809,0.1863,25.8639,19.7684,19.7033,0.0651,47.9685,13.9284,-12.2714,22355.2823,NA,23.2656,NA
valheim.exe,8100,0x147123C9510,DXGI,1,0,0,Hardware: Independent Flip,22381.9495,7.1211,6.9541,0.1670,18.9651,11.2425,11.2425,0.0000,35.2297,6.9496,12.7388,22381.9495,NA,29.1818,NA
valheim.exe,8100,0x147123C9510,DXGI,1,0,0,Hardware: Independent Flip,22389.0706,9.5585,9.4318,0.1267,23.0865,8.2831,8.1445,0.1386,35.0582,20.8237,0.1715,22389.0706,NA,NA,NA
valheim.exe,8100,0x147123C9510,DXGI,1,0,0,Hardware: Independent Flip,22398.6291,21.0344,20.8015,0.2329,21.8111,21.6174,21.5764,0.0410,46.3234,13.9398,-11.2652,22398.6291,NA,25.9405,NA
valheim.exe,8100,0x147123C9510,DXGI,1,0,0,Hardware: Independent Flip,22419.6635,9.1790,9.0232,0.1558,22.3941,10.9950,10.9950,0.0000,39.2288,6.9268,7.0946,22419.6635,NA,31.9119,NA
valheim.exe,8100,0x147123C9510,DXGI,1,0,0,Hardware: Independent Flip,22428.8425,9.1477,9.0003,0.1474,24.2101,2.2397,2.1728,0.0669,36.9766,13.8813,2.2522,22428.8425,NA,NA,NA
valheim.exe,8100,0x147123C9510,DXGI,1,0,0,Hardware: Independent Flip,22437.9902,21.6966,21.4948,0.2018,20.8077,20.7274,20.5889,0.1385,41.7102,20.8841,-4.7336,22437.9902,NA,20.7246,NA
valheim.exe,8100,0x147123C9510,DXGI,1,0,0,Hardware: Independent Flip,22459.6868,9.5018,9.3085,0.1933,19.9134,14.4603,14.4603,0.0000,40.8977,6.9690,0.8125,22459.6868,NA,32.5980,NA
valheim.exe,8100,0x147123C9510,DXGI,1,0,0,Hardware: Independent Flip,22469.1886,13.8057,13.5795,0.2262,24.9509,12.8832,12.8734,0.0098,38.3649,6.9211,2.5328,22469.1886,NA,28.5747,NA
valheim.exe,8100,0x147123C9510,DXGI,1,0,0,Hardware: Independent Flip,22482.9943,8.3594,8.2119,0.1475,24.0284,0.6103,0.4608,0.1495,31.4803,27.8374,6.8846,22482.9943,NA,NA,NA
valheim.exe,8100,0x147123C9510,DXGI,1,0,0,Hardware: Independent Flip,22491.3537,23.1007,22.9496,0.1511,22.3291,23.2140,23.1884,0.0256,50.9583,6.8964,-19.4780,22491.3537,NA,29.3355,NA
valheim.exe,8100,0x147123C9510,DXGI,1,0,0,Hardware: Independent Flip,22514.4544,9.5284,9.3501,0.1783,22.4424,3.2659,3.1800,0.0859,34.7540,6.9565,16.2043,22514.4544,NA,26.2272,NA
valheim.exe,8100,0x147123C9510,DXGI,1,0,0,Hardware: Independent Flip,22523.9828,16.7311,16.5579,0.1732,16.1799,11.6500,11.6145,0.0355,32.1821,20.8424,2.5719,22523.9828,NA,NA,NA
valheim.exe,8100,0x147123C9510,DXGI,1,0,0,Hardware: Independent Flip,22540.7139,14.3592,14.1814,0.1778,11.0988,23.1813,22.9222,0.2591,36.2934,27.8624,-4.1113,22540.7139,NA,24.0378,NA
valheim.exe,8100,0x147123C9510,DXGI,1,0,0,Hardware: Independent Flip,22555.0731,7.3105,7.1680,0.1425,19.9209,25.1358,25.1358,0.0000,49.7966,6.9709,-13.5032,22555.0731,NA,44.8932,NA
valheim.exe,8100,0x147123C9510,DXGI,1,0,0,Hardware: Independent Flip,22562.3836,9.2271,9.0786,0.1485,37.7462,0.2242,0.2063,0.0179,49.4570,6.9162,0.3396,22562.3836,NA,NA,NA
valheim.exe,8100,0x147123C9510,DXGI,1,0,0,Hardware: Independent Flip,22571.6107,17.4672,17.2625,0.2047,33.2992,2.3433,2.2965,0.0468,47.1461,27.7685,2.3109,22571.6107,NA,41.7514,NA
valheim.exe,8100,0x147123C9510,DXGI,1,0,0,Hardware: Independent Flip,22589.0779,34.3755,34.2070,0.1685,33.5751,23.4407,23.3742,0.0665,57.4474,13.9841,-10.3013,22589.0779,NA,25.5304,NA
valheim.exe,8100,0x147123C9510,DXGI,1,0,0,Hardware: Independent Flip,22623.4534,7.9992,7.8098,0.1894,22.7165,13.1873,13.1873,0.0000,37.0560,6.9179,20.3914,22623.4534,NA,31.5168,NA
valheim.exe,8100,0x147123C9510,DXGI,1,0,0,Hardware: Independent Flip,22631.4526,12.9726,12.7856,0.1870,27.9792,0.7131,0.6516,0.0615,35.9747,20.8355,1.0813,22631.4526,NA,NA,NA
valheim.exe,8100,0x147123C9510,DXGI,1,0,0,Hardware: Independent Flip,22644.4252,23.0662,22.8810,0.1852,15.7665,27.3426,24.1684,3.1742,43.8376,20.8502,-7.8629,22644.4252,NA,25.2694,NA
valheim.exe,8100,0x147123C9510,DXGI,1,0,0,Hardware: Independent Flip,22667.4914,7.2970,7.1031,0.1939,20.0429,14.6463,14.6055,0.0408,41.6216,6.9731,2.2160,22667.4914,NA,37.1421,NA
valheim.exe,8100,0x147123C9510,DXGI,1,0,0,Hardware: Independent Flip,22674.7884,5.7201,5.5779,0.1422,27.3922,12.7948,12.7404,0.0544,41.2977,6.9640,0.3239,22674.7884,NA,NA,NA
valheim.exe,8100,0x147123C9510,DXGI,1,0,0,Hardware: Independent Flip,22680.5085,21.5323,21.3488,0.1835,34.4669,3.8379,3.7323,0.1056,42.5416,13.8682,-1.2439,22680.5085,NA,35.0232,NA
valheim.exe,8100,0x147123C9510,DXGI,1,0,0,Hardware: Independent Flip,22702.0408,23.1567,22.9269,0.2298,22.1853,11.2068,11.1165,0.0903,34.8775,27.8040,7.6641,22702.0408,NA,13.9140,NA
valheim.exe,8100,0x147123C9510,DXGI,1,0,0,Hardware: Independent Flip,22725.1975,12.0616,11.5572,0.5044,10.2354,26.3057,26.2792,0.0265,39.5248,13.9645,-4.6473,22725.1975,NA,30.7133,NA
valheim.exe,8100,0x147123C9510,DXGI,1,0,0,Hardware: Independent Flip,22737.2591,6.2037,6.0468,0.1569,24.4795,11.2746,11.2746,0.0000,41.4277,6.8809,-1.9029,22737.2591,NA,36.7071,NA
valheim.exe,8100,0x147123C9510,DXGI,1,0,0,Hardware: Independent Flip,22743.4628,7.6112,7.4532,0.1580,29.5504,2.6609,2.5541,0.1068,42.1049,20.8393,-0.6772,22743.4628,NA,NA,NA
valheim.exe,8100,0x147123C9510,DXGI,1,0,0,Hardware: Independent Flip,22751.0740,31.4590,31.2824,0.1766,30.5630,22.7750,22.6700,0.1050,55.3330,13.9268,-13.2281,22751.0740,NA,27.4141,NA
valheim.exe,8100,0x147123C9510,DXGI,1,0,0,Hardware: Independent Flip,22782.5330,6.8663,6.6947,0.1716,21.8790,11.5367,11.5219,0.0148,37.8008,6.9240,17.5322,22782.5330,NA,33.3442,NA
valheim.exe,8100,0x147123C9510,DXGI,1,0,0,Hardware: Independent Flip,22789.3993,8.9385,8.7873,0.1512,26.5494,4.9255,4.7981,0.1274,37.8585,20.8908,-0.0577,22789.3993,NA,NA,NA
valheim.exe,8100,0x147123C9510,DXGI,1,0,0,Hardware: Independent Flip,22798.3378,24.0133,23.8717,0.1416,22.5364,23.3915,23.3915,0.0000,49.8108,13.9322,-11.9523,22798.3378,NA,26.1689,NA
valheim.exe,8100,0x147123C9510,DXGI,1,0,0,Hardware: Independent Flip,22822.3511,8.2432,8.1030,0.1402,21.9804,13.8566,13.8566,0.0000,39.7297,6.9327,10.0811,22822.3511,NA,33.0717,NA
valheim.exe,8100,0x147123C9510,DXGI,1,0,0,Hardware: Independent Flip,22830.5943,9.4720,9.3332,0.1388,27.5938,0.5537,0.4681,0.0856,38.4192,6.9563,1.3105,22830.5943,NA,NA,NA
valheim.exe,8100,0x147123C9510,DXGI,1,0,0,Hardware: Independent Flip,22840.0663,23.3968,23.2055,0.1913,22.4926,11.4433,11.3065,0.1368,35.9035,20.8339,2.5157,22840.0663,NA,13.9351,NA
valheim.exe,8100,0x147123C9510,DXGI,1,0,0,Hardware: Independent Flip,22863.4631,12.8773,12.6141,0.2632,10.5391,22.2939,22.2417,0.0522,33.3406,20.8398,2.5629,22863.4631,NA,23.7971,NA
valheim.exe,8100,0x147123C9510,DXGI,1,0,0,Hardware: Independent Flip,22876.3404,7.5922,7.4117,0.1805,20.0450,15.9489,15.9394,0.0095,41.3031,6.9516,-7.9625,22876.3404,NA,35.6591,NA
valheim.exe,8100,0x147123C9510,DXGI,1,0,0,Hardware: Independent Flip,22883.9326,8.6517,8.4810,0.1707,28.4017,10.8958,10.8655,0.0303,40.6625,6.9704,0.6406,22883.9326,NA,NA,NA
valheim.exe,8100,0x147123C9510,DXGI,1,0,0,Hardware: Independent Flip,22892.5843,21.5544,21.3459,0.2085,30.7216,2.9371,2.8232,0.1139,38.9812,13.9063,1.6813,22892.5843,NA,33.5376,NA
valheim.exe,8100,0x147123C9510,DXGI,1,0,0,Hardware: Independent Flip,22914.1387,19.4182,19.2167,0.2015,18.4252,12.0331,11.9019,0.1312,31.3331,13.8748,7.6481,22914.1387,NA,15.4525,NA
valheim.exe,8100,0x147123C9510,DXGI,1,0,0,Hardware: Independent Flip,22933.5569,13.4900,13.2857,0.2043,11.5394,11.6756,11.5690,0.1066,25.7897,27.7929,5.5434,22933.5569,NA,16.3657,NA
valheim.exe,8100,0x147123C9510,DXGI,1,0,0,Hardware: Independent Flip,22947.0469,10.7055,10.5383,0.1672,9.7250,25.0521,24.9886,0.0635,40.0926,13.9730,-14.3029,22947.0469,NA,32.1216,NA
valheim.exe,8100,0x147123C9510,DXGI,1,0,0,Hardware: Independent Flip,22957.7524,11.5133,11.3153,0.1980,24.0716,12.3073,12.2060,0.1013,43.3601,6.9073,-3.2675,22957.7524,NA,39.0975,NA
valheim.exe,8100,0x147123C9510,DXGI,1,0,0,Hardware: Independent Flip,22969.2657,7.3540,7.1533,0.2007,24.8656,0.5019,0.4158,0.0861,38.7541,6.9141,4.6060,22969.2657,NA,NA,NA
valheim.exe,8100,0x147123C9510,DXGI,1,0,0,Hardware: Independent Flip,22976.6197,25.7450,25.5403,0.2047,24.7427,13.2311,13.0479,0.1832,38.3142,27.8382,0.4399,22976.6197,NA,13.8774,NA
valheim.exe,8100,0x147123C9510,DXGI,1,0,0,Hardware: Independent Flip,23002.3647,23.5067,23.3210,0.1857,22.4885,12.7830,12.6715,0.1115,40.4074,27.7924,-2.0932,23002.3647,NA,20.7903,NA
valheim.exe,8100,0x147123C9510,DXGI,1,0,0,Hardware: Independent Flip,23025.8714,30.9549,30.6781,0.2768,30.0841,11.7491,11.6370,0.1121,44.6931,13.9047,-4.2857,23025.8714,NA,20.5739,NA
valheim.exe,8100,0x147123C9510,DXGI,1,0,0,Hardware: Independent Flip,23056.8263,12.5930,12.3864,0.2066,10.8783,14.3798,14.3087,0.0711,27.6429,20.8558,17.0502,23056.8263,NA,21.4330,NA
valheim.exe,8100,0x147123C9510,DXGI,1,0,0,Hardware: Independent Flip,23069.4193,12.8392,12.6167,0.2225,12.6651,22.2696,22.2696,0.0000,35.9057,13.9226,-8.2628,23069.4193,NA,27.3416,NA
valheim.exe,8100,0x147123C9510,DXGI,1,0,0,Hardware: Independent Flip,23082.2585,7.3331,7.1908,0.1423,22.0955,13.0618,13.0618,0.0000,36.9891,13.8778,-1.0834,23082.2585,NA,33.2345,NA
valheim.exe,8100,0x147123C9510,DXGI,1,0,0,Hardware: Independent Flip,23089.5916,8.8817,8.7406,0.1411,27.8242,10.6322,10.5380,0.0942,43.5338,13.9252,-6.5447,23089.5916,NA,NA,NA
valheim.exe,8100,0x147123C9510,DXGI,1,0,0,Hardware: Independent Flip,23098.4733,20.2700,20.0758,0.1942,29.5747,14.5609,14.5609,0.0000,48.5773,6.9260,-5.0435,23098.4733,NA,45.0070,NA
valheim.exe,8100,0x147123C9510,DXGI,1,0,0,Hardware: Independent Flip,23118.7433,10.5906,10.4259,0.1647,23.8656,3.0654,2.9772,0.0882,35.2333,6.9444,13.3440,23118.7433,NA,43.9707,NA
valheim.exe,8100,0x147123C9510,DXGI,1,0,0,Hardware: Independent Flip,23129.3339,17.3546,17.1841,0.1705,16.4104,13.4548,13.4201,0.0347,31.5871,20.9000,3.6462,23129.3339,NA,NA,NA
valheim.exe,8100,0x147123C9510,DXGI,1,0,0,Hardware: Independent Flip,23146.6885,14.8471,14.5149,0.3322,13.2125,20.9305,20.8812,0.0493,35.1325,6.9551,-3.5454,23146.6885,NA,NA,NA
valheim.exe,8100,0x147123C9510,DXGI,1,0,0,Hardware: Independent Flip,23161.5356,8.7159,8.5492,0.1667,19.4239,3.0516,3.0206,0.0310,27.2405,20.8098,7.8920,23161.5356,NA,NA,NA
valheim.exe,8100,0x147123C9510,DXGI,1,0,0,Hardware: Independent Flip,23170.2515,14.7501,14.5464,0.2037,13.7596,21.6974,21.6974,0.0000,39.3344,13.9589,-12.0939,23170.2515,NA,NA,NA
valheim.exe,8100,0x147123C9510,DXGI,1,0,0,Hardware: Independent Flip,23185.0016,8.2643,8.0919,0.1724,20.7069,13.7669,13.7669,0.0000,38.5432,6.9431,0.7912,23185.0016,NA,NA,NA
valheim.exe,8100,0x147123C9510,DXGI,1,0,0,Hardware: Independent Flip,23193.2659,13.2756,13.0782,0.1974,26.2095,0.6679,0.5873,0.0806,37.2220,6.9082,1.3212,23193.2659,NA,NA,NA
valheim.exe,8100,0x147123C9510,DXGI,1,0,0,Hardware: Independent Flip,23206.5415,17.8225,17.6297,0.1928,16.3313,12.7965,12.6526,0.1439,30.8546,27.8596,6.3674,23206.5415,NA,NA,NA
valheim.exe,8100,0x147123C9510,DXGI,1,0,0,Hardware: Independent Flip,23224.3640,15.3578,15.1167,0.2411,13.9890,21.7490,21.6865,0.0625,40.8917,6.9190,-10.0371,23224.3640,NA,NA,NA
valheim.exe,8100,0x147123C9510,DXGI,1,0,0,Hardware: Independent Flip,23239.7218,7.6371,7.4058,0.2313,20.3802,4.0411,3.9309,0.1102,32.4529,6.9006,8.4388,23239.7218,NA,NA,NA
valheim.exe,8100,0x147123C9510,DXGI,1,0,0,Hardware: Independent Flip,23247.3589,12.2347,12.0624,0.1723,16.7842,11.9973,11.8610,0.1363,31.7164,27.9045,0.7365,23247.3589,NA,NA,NA
valheim.exe,8100,0x147123C9510,DXGI,1,0,0,Hardware: Independent Flip,23259.5936,21.4686,21.1820,0.2866,19.7843,23.0761,22.9865,0.0896,47.3862,6.9091,-15.6698,23259.5936,NA,NA,NA
valheim.exe,8100,0x147123C9510,DXGI,1,0,0,Hardware: Independent Flip,23281.0622,6.4810,6.3168,0.1642,21.3918,0.3979,0.3435,0.0544,32.8267,6.9340,14.5595,23281.0622,NA,NA,NA
valheim.exe,8100,0x147123C9510,DXGI,1,0,0,Hardware: Independent Flip,23287.5432,9.7155,9.5562,0.1593,15.3087,12.9384,12.8818,0.0566,33.2797,27.7932,-0.4530,23287.5432,NA,NA,NA
valheim.exe,8100,0x147123C9510,DXGI,1,0,0,Hardware: Independent Flip,23297.2587,25.3317,25.1393,0.1924,24.4031,20.5283,20.4371,0.0912,51.3574,13.9783,-18.0777,23297.2587,NA,NA,NA
valheim.exe,8100,0x147123C9510,DXGI,1,0,0,Hardware: Independent Flip,23322.5904,8.1810,8.0078,0.1732,19.7053,15.4318,15.3923,0.0395,40.0040,6.8986,11.3534,23322.5904,NA,NA,NA
valheim.exe,8100,0x147123C9510,DXGI,1,0,0,Hardware: Independent Flip,23330.7714,12.4706,12.2951,0.1755,26.9561,3.6156,3.4627,0.1529,38.7216,6.9463,1.2824,23330.7714,NA,NA,NA
valheim.exe,8100,0x147123C9510,DXGI,1,0,0,Hardware: Independent Flip,23343.2420,19.9238,19.7441,0.1797,19.0306,12.5069,12.3951,0.1118,33.1973,20.8128,5.5243,23343.2420,NA,NA,NA
valheim.exe,8100,0x147123C9510,DXGI,1,0,0,Hardware: Independent Flip,23363.1658,12.6840,12.4920,0.1920,11.6971,20.3264,20.2766,0.0498,34.0863,13.9448,-0.8890,23363.1658,NA,NA,NA
valheim.exe,8100,0x147123C9510,DXGI,1,0,0,Hardware: Independent Flip,23375.8498,8.4949,8.3034,0.1915,19.4122,12.5346,12.5346,0.0000,35.3471,13.9375,-1.2608,23375.8498,NA,NA,NA
valheim.exe,8100,0x147123C9510,DXGI,1,0,0,Hardware: Independent Flip,23384.3447,10.9803,10.7532,0.2271,23.4519,13.0172,13.0172,0.0000,40.7897,6.9099,-5.4426,23384.3447,NA,NA,NA
valheim.exe,8100,0x147123C9510,DXGI,1,0,0,Hardware: Independent Flip,23395.3250,13.8022,13.6349,0.1673,25.4888,3.3655,3.2321,0.1334,36.7193,6.9341,4.0704,23395.3250,NA,35.0495,NA
valheim.exe,8100,0x147123C9510,DXGI,1,0,0,Hardware: Independent Flip,23409.1272,17.1425,16.8610,0.2815,15.2809,12.6441,12.5158,0.1283,29.8512,13.9231,6.8681,23409.1272,NA,13.9133,NA
valheim.exe,8100,0x147123C9510,DXGI,1,0,0,Hardware: Independent Flip,23426.2697,14.8384,14.6776,0.1608,13.3948,12.8826,12.6896,0.1930,26.6318,13.8936,3.2194,23426.2697,NA,12.9183,NA
valheim.exe,8100,0x147123C9510,DXGI,1,0,0,Hardware: Independent Flip,23441.1081,13.5641,13.2744,0.2897,11.8852,11.3927,11.3200,0.0727,25.6870,13.8771,0.9448,23441.1081,NA,12.8163,NA
valheim.exe,8100,0x147123C9510,DXGI,1,0,0,Hardware: Independent Flip,23454.6722,13.7406,13.6086,0.1320,12.4879,10.7209,10.6057,0.1152,26.0000,13.9454,-0.3130,23454.6722,NA,13.6724,NA
valheim.exe,8100,0x147123C9510,DXGI,1,0,0,Hardware: Independent Flip,23468.4128,13.0778,12.8978,0.1800,9.5723,13.5871,13.5059,0.0812,26.2048,27.7867,-0.2048,23468.4128,NA,15.6239,NA
valheim.exe,8100,0x147123C9510,DXGI,1,0,0,Hardware: Independent Flip,23481.4906,11.4621,11.2786,0.1835,10.0816,24.1922,24.1922,0.0000,40.9137,6.9781,-14.7089,23481.4906,NA,30.4280,NA
valheim.exe,8100,0x147123C9510,DXGI,1,0,0,Hardware: Independent Flip,23492.9527,10.1354,9.9757,0.1597,22.8691,10.6666,10.6240,0.0426,36.4297,6.9280,4.4840,23492.9527,NA,27.4045,NA
valheim.exe,8100,0x147123C9510,DXGI,1,0,0,Hardware: Independent Flip,23503.0881,9.3957,9.2284,0.1673,23.4615,2.2399,2.1868,0.0531,33.2223,27.8103,3.2074,23503.0881,NA,NA,NA
valheim.exe,8100,0x147123C9510,DXGI,1,0,0,Hardware: Independent Flip,23512.4838,23.7821,23.6228,0.1593,23.0622,22.2016,22.1454,0.0562,51.6369,6.9255,-18.4146,23512.4838,NA,30.1166,NA
valheim.exe,8100,0x147123C9510,DXGI,1,0,0,Hardware: Independent Flip,23536.2659,6.4967,6.3583,0.1384,21.4817,12.9801,12.9626,0.0175,34.7803,6.9814,16.8566,23536.2659,NA,30.0735,NA
valheim.exe,8100,0x147123C9510,DXGI,1,0,0,Hardware: Independent Flip,23542.7626,8.0431,7.8836,0.1595,27.9651,0.6932,0.6270,0.0662,35.2650,27.7957,-0.4847,23542.7626,NA,NA,NA
valheim.exe,8100,0x147123C9510,DXGI,1,0,0,Hardware: Independent Flip,23550.8057,27.9111,27.7225,0.1886,27.1386,20.9274,20.8938,0.0336,55.0176,7.0065,-19.7526,23550.8057,NA,29.8197,NA
valheim.exe,8100,0x147123C9510,DXGI,1,0,0,Hardware: Independent Flip,23578.7168,6.5727,6.4106,0.1621,20.2244,11.0636,11.0177,0.0459,34.1130,6.8982,20.9046,23578.7168,NA,28.8445,NA
valheim.exe,8100,0x147123C9510,DXGI,1,0,0,Hardware: Independent Flip,23585.2895,10.2716,10.1331,0.1385,24.7678,7.4751,7.3932,0.0819,34.4385,27.7873,-0.3255,23585.2895,NA,NA,NA
valheim.exe,8100,0x147123C9510,DXGI,1,0,0,Hardware: Independent Flip,23595.5611,24.4957,24.3288,0.1669,23.7115,22.1225,22.0556,0.0669,51.9542,6.9582,-17.5157,23595.5611,NA,29.5037,NA
valheim.exe,8100,0x147123C9510,DXGI,1,0,0,Hardware: Independent Flip,23620.0568,8.0811,7.8998,0.1813,21.4176,11.5386,11.5386,0.0000,34.4167,6.9399,17.5375,23620.0568,NA,27.5002,NA
valheim.exe,8100,0x147123C9510,DXGI,1,0,0,Hardware: Independent Flip,23628.1379,9.7108,9.5483,0.1625,24.8751,2.1032,2.0777,0.0255,33.2755,20.8730,1.1412,23628.1379,NA,NA,NA
valheim.exe,8100,0x147123C9510,DXGI,1,0,0,Hardware: Independent Flip,23637.8487,23.5961,23.4404,0.1557,22.8613,21.2075,21.1833,0.0242,44.4377,13.9134,-11.1622,23637.8487,NA,22.3181,NA
valheim.exe,8100,0x147123C9510,DXGI,1,0,0,Hardware: Independent Flip,23661.4448,8.5167,8.3903,0.1264,20.4727,10.5136,10.4995,0.0141,34.7550,13.9132,9.6827,23661.4448,NA,27.2080,NA
valheim.exe,8100,0x147123C9510,DXGI,1,0,0,Hardware: Independent Flip,23669.9615,9.9874,9.8249,0.1625,22.5308,16.8517,16.8517,0.0000,40.1515,6.9200,-5.3965,23669.9615,NA,NA,NA
valheim.exe,8100,0x147123C9510,DXGI,1,0,0,Hardware: Independent Flip,23679.9489,14.6099,14.3799,0.2300,29.4526,0.2898,0.2226,0.0672,37.0841,6.9623,3.0674,23679.9489,NA,35.0209,NA
valheim.exe,8100,0x147123C9510,DXGI,1,0,0,Hardware: Independent Flip,23694.5588,11.0613,10.9202,0.1411,15.1325,11.1243,11.0876,0.0367,29.4365,27.8211,7.6476,23694.5588,NA,26.9387,NA
valheim.exe,8100,0x147123C9510,DXGI,1,0,0,Hardware: Independent Flip,23705.6201,17.9476,17.7908,0.1568,16.7881,22.8165,22.7718,0.0447,46.1963,6.9439,-16.7598,23705.6201,NA,30.7985,NA
valheim.exe,8100,0x147123C9510,DXGI,1,0,0,Hardware: Independent Flip,23723.5677,8.0703,7.8805,0.1898,21.6570,12.8868,12.8806,0.0062,35.1926,6.9532,11.0037,23723.5677,NA,29.7854,NA
valheim.exe,8100,0x147123C9510,DXGI,1,0,0,Hardware: Independent Flip,23731.6380,12.2480,12.0615,0.1865,26.4735,0.7822,0.7390,0.0432,34.0755,13.8947,1.1171,23731.6380,NA,NA,NA
valheim.exe,8100,0x147123C9510,DXGI,1,0,0,Hardware: Independent Flip,23743.8860,22.8379,22.6011,0.2368,15.0919,17.3445,13.0689,4.2756,35.7222,20.8330,-1.6467,23743.8860,NA,14.6258,NA
valheim.exe,8100,0x147123C9510,DXGI,1,0,0,Hardware: Independent Flip,23766.7239,12.1777,12.0033,0.1744,9.6692,22.5105,22.5105,0.0000,33.7173,13.8881,2.0049,23766.7239,NA,26.4416,NA
valheim.exe,8100,0x147123C9510,DXGI,1,0,0,Hardware: Independent Flip,23778.9016,7.6446,7.4080,0.2366,20.0020,12.5280,12.5031,0.0249,35.4277,13.9673,-1.7104,23778.9016,NA,30.3470,NA
valheim.exe,8100,0x147123C9510,DXGI,1,0,0,Hardware: Independent Flip,23786.5462,10.9101,10.7551,0.1550,24.8854,13.0940,13.0940,0.0000,41.7504,6.9104,-6.3227,23786.5462,NA,NA,NA
valheim.exe,8100,0x147123C9510,DXGI,1,0,0,Hardware: Independent Flip,23797.4563,15.3581,15.1926,0.1655,27.1536,2.9474,2.8956,0.0518,37.7507,6.9166,3.9997,23797.4563,NA,34.2057,NA
valheim.exe,8100,0x147123C9510,DXGI,1,0,0,Hardware: Independent Flip,23812.8144,16.4625,16.2422,0.2203,15.4314,12.3270,12.2238,0.1032,29.3092,20.8886,8.4415,23812.8144,NA,14.1062,NA
valheim.exe,8100,0x147123C9510,DXGI,1,0,0,Hardware: Independent Flip,23829.2769,10.2921,10.1065,0.1856,11.3536,20.9172,20.8748,0.0424,33.7353,13.8795,-4.4261,23829.2769,NA,26.0302,NA
valheim.exe,8100,0x147123C9510,DXGI,1,0,0,Hardware: Independent Flip,23839.5690,8.1847,8.0370,0.1477,22.0362,12.5414,12.5414,0.0000,37.3227,13.9473,-3.5874,23839.5690,NA,30.9186,NA
valheim.exe,8100,0x147123C9510,DXGI,1,0,0,Hardware: Independent Flip,23847.7537,10.2639,10.1415,0.1224,26.3929,11.2653,11.2653,0.0000,43.0853,6.9757,-5.7626,23847.7537,NA,NA,NA
valheim.exe,8100,0x147123C9510,DXGI,1,0,0,Hardware: Independent Flip,23858.0176,16.4775,16.3216,0.1559,27.3943,2.3733,2.3268,0.0465,39.7971,6.8950,3.2882,23858.0176,NA,34.8022,NA
valheim.exe,8100,0x147123C9510,DXGI,1,0,0,Hardware: Independent Flip,23874.4951,12.7044,12.4876,0.2168,13.3364,12.2255,12.2255,0.0000,30.2146,20.8622,9.5825,23874.4951,NA,27.7465,NA
valheim.exe,8100,0x147123C9510,DXGI,1,0,0,Hardware: Independent Flip,23887.1995,17.0086,16.8682,0.1404,16.3103,20.5852,20.5654,0.0198,38.3724,13.9233,-8.1578,23887.1995,NA,22.6060,NA
valheim.exe,8100,0x147123C9510,DXGI,1,0,0,Hardware: Independent Flip,23904.2081,9.1752,9.0472,0.1280,19.9395,14.4878,14.4878,0.0000,35.2871,13.8672,3.0853,23904.2081,NA,27.5196,NA
valheim.exe,8100,0x147123C9510,DXGI,1,0,0,Hardware: Independent Flip,23913.3833,7.8006,7.6278,0.1728,25.3259,10.4422,10.3594,0.0828,39.9791,13.9750,-4.6920,23913.3833,NA,NA,NA
valheim.exe,8100,0x147123C9510,DXGI,1,0,0,Hardware: Independent Flip,23921.1839,19.0703,18.8275,0.2428,27.9675,14.0345,14.0174,0.0171,46.1535,6.8965,-6.1744,23921.1839,NA,30.3359,NA
valheim.exe,8100,0x147123C9510,DXGI,1,0,0,Hardware: Independent Flip,23940.2542,9.2315,9.0735,0.1580,22.9317,3.1681,3.0716,0.0965,33.9797,6.9488,12.1738,23940.2542,NA,34.2499,NA
valheim.exe,8100,0x147123C9510,DXGI,1,0,0,Hardware: Independent Flip,23949.4857,18.9253,18.7605,0.1648,17.9684,10.8034,10.5898,0.2136,31.6970,27.8884,2.2827,23949.4857,NA,14.1442,NA
valheim.exe,8100,0x147123C9510,DXGI,1,0,0,Hardware: Independent Flip,23968.4110,14.5855,14.4236,0.1619,9.8465,26.5191,25.2443,1.2748,40.6601,6.8595,-8.9631,23968.4110,NA,35.0045,NA
valheim.exe,8100,0x147123C9510,DXGI,1,0,0,Hardware: Independent Flip,23982.9965,8.9422,8.7568,0.1854,21.8158,2.8921,2.7942,0.0979,32.9341,6.9716,7.7260,23982.9965,NA,29.8948,NA
valheim.exe,8100,0x147123C9510,DXGI,1,0,0,Hardware: Independent Flip,23991.9387,14.9916,14.7372,0.2544,15.7657,13.5306,13.4749,0.0557,30.9635,20.8503,1.9706,23991.9387,NA,NA,NA
valheim.exe,8100,0x147123C9510,DXGI,1,0,0,Hardware: Independent Flip,24006.9303,16.1449,15.9493,0.1956,14.9925,20.6624,20.5826,0.0798,36.8222,13.8991,-5.8587,24006.9303,NA,37.6959,NA
valheim.exe,8100,0x147123C9510,DXGI,1,0,0,Hardware: Independent Flip,24023.0752,7.8618,7.6930,0.1688,19.5100,10.7877,10.7877,0.0000,34.5764,13.9164,2.2458,24023.0752,NA,NA,NA
valheim.exe,8100,0x147123C9510,DXGI,1,0,0,Hardware: Independent Flip,24030.9370,11.3488,11.1568,0.1920,22.4359,16.8218,16.8218,0.0000,40.6310,6.9244,-6.0546,24030.9370,NA,NA,NA
valheim.exe,8100,0x147123C9510,DXGI,1,0,0,Hardware: Independent Flip,24042.2858,17.5803,17.3611,0.2192,27.9089,2.1322,2.1322,0.0000,36.2066,6.9587,4.4244,24042.2858,NA,NA,NA
valheim.exe,8100,0x147123C9510,DXGI,1,0,0,Hardware: Independent Flip,24059.8661,8.9051,8.6988,0.2063,12.5514,10.9494,10.8919,0.0575,25.5850,20.8269,10.6216,24059.8661,NA,NA,NA
valheim.exe,8100,0x147123C9510,DXGI,1,0,0,Hardware: Independent Flip,24068.7712,25.4536,25.2823,0.1713,24.5952,12.1407,12.0167,0.1240,37.5068,20.8600,-11.9218,24068.7712,NA,37.2416,37.2416
valheim.exe,8100,0x147123C9510,DXGI,1,0,0,Hardware: Independent Flip,24094.2248,11.0473,10.8636,0.1837,11.3542,21.1017,21.0870,0.0147,32.9132,20.8740,4.5936,24094.2248,NA,NA,NA
valheim.exe,8100,0x147123C9510,DXGI,1,0,0,Hardware: Independent Flip,24105.2721,9.5037,9.3680,0.1357,21.4731,15.1007,15.1007,0.0000,42.7399,6.9451,-9.8267,24105.2721,NA,NA,NA
valheim.exe,8100,0x147123C9510,DXGI,1,0,0,Hardware: Independent Flip,24114.7758,7.6941,7.5488,0.1453,27.2321,10.5214,10.4872,0.0342,40.1813,6.9995,2.5586,24114.7758,NA,NA,NA
valheim.exe,8100,0x147123C9510,DXGI,1,0,0,Hardware: Independent Flip,24122.4699,20.0761,19.8522,0.2239,30.0594,2.5843,2.5034,0.0809,39.4867,27.7736,0.6946,24122.4699,NA,NA,NA
valheim.exe,8100,0x147123C9510,DXGI,1,0,0,Hardware: Independent Flip,24142.5460,21.5644,21.3441,0.2203,20.4906,23.2474,23.2271,0.0203,47.1842,13.9417,-7.6975,24142.5460,NA,48.6883,48.6883
valheim.exe,8100,0x147123C9510,DXGI,1,0,0,Hardware: Independent Flip,24164.1104,7.9541,7.7833,0.1708,22.1736,12.4947,12.4639,0.0308,39.5615,6.8832,7.6227,24164.1104,NA,NA,NA
valheim.exe,8100,0x147123C9510,DXGI,1,0,0,Hardware: Independent Flip,24172.0645,13.6051,13.4458,0.1593,26.7142,1.3267,1.2698,0.0569,38.4906,6.9606,1.0709,24172.0645,NA,NA,NA
valheim.exe,8100,0x147123C9510,DXGI,1,0,0,Hardware: Independent Flip,24185.6696,19.0755,18.8554,0.2201,14.4358,14.7497,13.2230,1.5267,31.8461,27.7893,6.6445,24185.6696,NA,NA,NA
valheim.exe,8100,0x147123C9510,DXGI,1,0,0,Hardware: Independent Flip,24204.7451,14.2238,14.0397,0.1841,10.1100,23.4938,22.3569,1.1369,40.5599,13.9698,-8.7138,24204.7451,NA,NA,NA
valheim.exe,8100,0x147123C9510,DXGI,1,0,0,Hardware: Independent Flip,24218.9689,7.7246,7.5567,0.1679,19.4389,16.0292,16.0292,0.0000,40.3059,6.8869,0.2540,24218.9689,NA,NA,NA
valheim.exe,8100,0x147123C9510,DXGI,1,0,0,Hardware: Independent Flip,24226.6935,10.4811,10.2920,0.1891,27.7435,0.7761,0.6636,0.1125,39.4682,7.0144,0.8377,24226.6935,NA,NA,NA
valheim.exe,8100,0x147123C9510,DXGI,1,0,0,Hardware: Independent Flip,24237.1746,22.3489,22.0253,0.3236,21.3761,12.7701,12.6478,0.1223,36.0015,13.8461,3.4667,24237.1746,NA,40.1724,NA
valheim.exe,8100,0x147123C9510,DXGI,1,0,0,Hardware: Independent Flip,24259.5235,12.7798,12.5657,0.2141,11.7973,12.9780,12.9065,0.0715,27.4987,20.8660,8.5028,24259.5235,NA,18.0396,NA
valheim.exe,8100,0x147123C9510,DXGI,1,0,0,Hardware: Independent Flip,24272.3033,10.7295,10.5153,0.2142,12.1025,20.6742,20.6742,0.0000,35.5849,13.9232,-8.0862,24272.3033,NA,27.8982,NA
valheim.exe,8100,0x147123C9510,DXGI,1,0,0,Hardware: Independent Flip,24283.0328,9.1924,9.0185,0.1739,22.0472,15.9147,15.9017,0.0130,38.7786,6.9219,-3.1937,24283.0328,NA,34.8161,NA
valheim.exe,8100,0x147123C9510,DXGI,1,0,0,Hardware: Independent Flip,24292.2252,10.9282,10.7363,0.1919,28.9173,0.5171,0.5171,0.0000,36.5081,13.9125,2.2705,24292.2252,NA,NA,NA
valheim.exe,8100,0x147123C9510,DXGI,1,0,0,Hardware: Independent Flip,24303.1534,22.6089,22.3717,0.2372,21.5062,13.3812,13.2844,0.0968,39.4924,20.8560,-2.9843,24303.1534,NA,18.6170,NA
valheim.exe,8100,0x147123C9510,DXGI,1,0,0,Hardware: Independent Flip,24325.7623,15.4917,15.3421,0.1496,14.3097,22.1511,22.0606,0.0905,37.7395,6.9789,1.7529,24325.7623,NA,25.4949,NA
valheim.exe,8100,0x147123C9510,DXGI,1,0,0,Hardware: Independent Flip,24341.2540,7.0613,6.9141,0.1472,21.0282,0.3737,0.3305,0.0432,29.2267,13.8390,8.5128,24341.2540,NA,23.5016,NA
valheim.exe,8100,0x147123C9510,DXGI,1,0,0,Hardware: Independent Flip,24348.3153,11.0843,10.9297,0.1546,14.3785,16.4105,16.3677,0.0428,36.0044,20.8934,-6.7777,24348.3153,NA,NA,NA
valheim.exe,8100,0x147123C9510,DXGI,1,0,0,Hardware: Independent Flip,24359.3996,19.5807,19.3735,0.2072,19.7047,22.3801,22.3801,0.0000,45.8135,6.9659,-9.8091,24359.3996,NA,30.2338,NA
valheim.exe,8100,0x147123C9510,DXGI,1,0,0,Hardware: Independent Flip,24378.9803,8.6498,8.4909,0.1589,22.5853,10.1716,10.1282,0.0434,33.1987,6.9302,12.6148,24378.9803,NA,26.1676,NA
valheim.exe,8100,0x147123C9510,DXGI,1,0,0,Hardware: Independent Flip,24387.6301,11.6325,11.3366,0.2959,24.1661,3.2433,3.1765,0.0668,31.4791,20.8449,1.7196,24387.6301,NA,NA,NA
valheim.exe,8100,0x147123C9510,DXGI,1,0,0,Hardware: Independent Flip,24399.2626,20.8393,20.6963,0.1430,19.9822,20.4976,20.4376,0.0600,40.6915,13.9173,-9.2124,24399.2626,NA,33.9251,NA
valheim.exe,8100,0x147123C9510,DXGI,1,0,0,Hardware: Independent Flip,24420.1019,7.4610,7.2765,0.1845,19.7016,11.1593,11.1015,0.0578,33.7695,13.9192,6.9220,24420.1019,NA,NA,NA
valheim.exe,8100,0x147123C9510,DXGI,1,0,0,Hardware: Independent Flip,24427.5629,11.0253,10.8645,0.1608,23.3999,13.6784,13.6568,0.0216,40.2277,6.9358,-6.4582,24427.5629,NA,NA,NA
valheim.exe,8100,0x147123C9510,DXGI,1,0,0,Hardware: Independent Flip,24438.5882,12.9605,12.7201,0.2404,26.0530,2.5140,2.3582,0.1558,36.1382,6.9365,4.0895,24438.5882,NA,48.8467,NA
valheim.exe,8100,0x147123C9510,DXGI,1,0,0,Hardware: Independent Flip,24451.5487,17.1462,16.9236,0.2226,15.6065,13.2009,13.1308,0.0701,30.1142,20.8855,6.0240,24451.5487,NA,25.2562,NA
valheim.exe,8100,0x147123C9510,DXGI,1,0,0,Hardware: Independent Flip,24468.6949,17.4822,17.2502,0.2320,16.0508,13.1133,12.9631,0.1502,33.8535,20.8008,-3.7393,24468.6949,NA,NA,NA
valheim.exe,8100,0x147123C9510,DXGI,1,0,0,Hardware: Independent Flip,24486.1771,14.0137,13.8180,0.1957,12.3841,20.4483,20.3565,0.0918,37.1721,13.9147,-3.3186,24486.1771,NA,35.5630,NA
valheim.exe,8100,0x147123C9510,DXGI,1,0,0,Hardware: Independent Flip,24500.1908,8.5876,8.3901,0.1975,18.8187,16.6891,16.6891,0.0000,37.0731,6.9626,0.0990,24500.1908,NA,NA,NA
valheim.exe,8100,0x147123C9510,DXGI,1,0,0,Hardware: Independent Flip,24508.7784,13.5541,13.3773,0.1768,26.9202,0.2659,0.2537,0.0122,35.4481,20.8771,1.6250,24508.7784,NA,NA,NA
valheim.exe,8100,0x147123C9510,DXGI,1,0,0,Hardware: Independent Flip,24522.3325,14.4417,14.2912,0.1505,13.6320,22.0780,22.0431,0.0349,42.7711,6.9028,-7.3230,24522.3325,NA,46.6059,NA
valheim.exe,8100,0x147123C9510,DXGI,1,0,0,Hardware: Independent Flip,24536.7742,8.6298,8.4978,0.1320,21.3548,13.1907,13.1680,0.0227,35.2322,6.9916,7.5389,24536.7742,NA,NA,NA
valheim.exe,8100,0x147123C9510,DXGI,1,0,0,Hardware: Independent Flip,24545.4040,9.8323,9.6928,0.1395,25.9157,0.6775,0.6306,0.0469,33.5940,20.8034,1.6382,24545.4040,NA,NA,NA
valheim.exe,8100,0x147123C9510,DXGI,1,0,0,Hardware: Independent Flip,24555.2363,20.8185,20.6332,0.1853,20.0424,20.2352,20.1951,0.0401,44.5651,13.9375,-10.9711,24555.2363,NA,50.6811,NA
valheim.exe,8100,0x147123C9510,DXGI,1,0,0,Hardware: Independent Flip,24576.0548,6.5577,6.4164,0.1413,19.6202,15.2020,15.1917,0.0103,37.6841,13.9795,6.8810,24576.0548,NA,33.3974,NA
valheim.exe,8100,0x147123C9510,DXGI,1,0,0,Hardware: Independent Flip,24582.6125,8.9187,8.7769,0.1418,28.2645,13.3385,13.3385,0.0000,45.1059,6.8585,-7.4218,24582.6125,NA,NA,NA
valheim.exe,8100,0x147123C9510,DXGI,1,0,0,Hardware: Independent Flip,24591.5312,21.1093,20.8602,0.2491,32.8263,3.5778,3.4255,0.1523,43.0457,6.9618,2.0602,24591.5312,NA,33.5902,NA
valheim.exe,8100,0x147123C9510,DXGI,1,0,0,Hardware: Independent Flip,24612.6405,17.1991,17.0477,0.1514,15.5980,12.4509,12.2858,0.1651,28.8982,27.7754,14.1475,24612.6405,NA,32.5621,NA
valheim.exe,8100,0x147123C9510,DXGI,1,0,0,Hardware: Independent Flip,24629.8396,11.6523,11.4726,0.1797,10.9136,26.7828,26.7828,0.0000,39.4745,13.9912,-10.5763,24629.8396,NA,NA,NA
valheim.exe,8100,0x147123C9510,DXGI,1,0,0,Hardware: Independent Flip,24641.4919,7.0139,6.8643,0.1496,26.0441,11.2170,11.1966,0.0204,41.8134,6.8716,-2.3389,24641.4919,NA,NA,NA
valheim.exe,8100,0x147123C9510,DXGI,1,0,0,Hardware: Independent Flip,24648.5058,12.3017,12.1180,0.1837,30.2472,3.7053,3.5848,0.1205,41.6711,20.8754,0.1423,24648.5058,NA,NA,NA
valheim.exe,8100,0x147123C9510,DXGI,1,0,0,Hardware: Independent Flip,24660.8075,24.1175,23.9718,0.1457,21.7122,27.1593,27.1593,0.0000,50.2448,13.9095,-8.5737,24660.8075,NA,NA,NA
valheim.exe,8100,0x147123C9510,DXGI,1,0,0,Hardware: Independent Flip,24684.9250,11.4103,11.1931,0.2172,24.7540,13.7404,13.7404,0.0000,40.0368,6.9490,10.2080,24684.9250,NA,NA,NA
valheim.exe,8100,0x147123C9510,DXGI,1,0,0,Hardware: Independent Flip,24696.3353,5.6110,5.4658,0.1452,27.1778,0.2240,0.1966,0.0274,35.5755,20.9377,4.4613,24696.3353,NA,NA,NA
valheim.exe,8100,0x147123C9510,DXGI,1,0,0,Hardware: Independent Flip,24701.9463,24.0201,23.8305,0.1896,22.3837,22.5527,22.4678,0.0849,50.9022,6.9218,-15.3267,24701.9463,NA,NA,NA
valheim.exe,8100,0x147123C9510,DXGI,1,0,0,Hardware: Independent Flip,24725.9664,9.5327,9.3910,0.1417,20.9163,0.8502,0.8502,0.0000,33.8039,6.9071,17.0983,24725.9664,NA,NA,NA
valheim.exe,8100,0x147123C9510,DXGI,1,0,0,Hardware: Independent Flip,24735.4991,6.7814,6.6368,0.1446,12.2338,11.4560,11.4005,0.0555,31.1783,13.8782,2.6256,24735.4991,NA,NA,NA
valheim.exe,8100,0x147123C9510,DXGI,1,0,0,Hardware: Independent Flip,24742.2805,25.6872,25.5201,0.1671,16.9084,20.0966,17.4080,2.6886,38.2751,20.8650,-7.0968,24742.2805,NA,NA,NA
valheim.exe,8100,0x147123C9510,DXGI,1,0,0,Hardware: Independent Flip,24767.9677,12.2836,12.0860,0.1976,11.4401,20.8733,20.8674,0.0059,33.4529,13.9028,4.8222,24767.9677,NA,NA,NA
valheim.exe,8100,0x147123C9510,DXGI,1,0,0,Hardware: Independent Flip,24780.2513,8.2129,8.0213,0.1916,20.0298,13.0228,12.9938,0.0290,35.0721,14.0219,-1.6192,24780.2513,NA,NA,NA
valheim.exe,8100,0x147123C9510,DXGI,1,0,0,Hardware: Independent Flip,24788.4642,12.6415,12.4105,0.2310,24.8397,12.0721,12.0351,0.0370,40.8811,6.8505,-5.8090,24788.4642,NA,NA,NA
valheim.exe,8100,0x147123C9510,DXGI,1,0,0,Hardware: Independent Flip,24801.1057,11.2487,11.0831,0.1656,24.2703,3.6444,3.5656,0.0788,35.0901,13.9290,5.7910,24801.1057,NA,NA,NA
valheim.exe,8100,0x147123C9510,DXGI,1,0,0,Hardware: Independent Flip,24812.3544,21.3449,21.1346,0.2103,19.7075,12.8238,12.6578,0.1660,37.7704,6.9287,-2.6803,24812.3544,NA,NA,NA
valheim.exe,8100,0x147123C9510,DXGI,1,0,0,Hardware: Independent Flip,24833.6993,14.0045,13.8260,0.1785,11.6106,10.7313,10.6270,0.1043,23.3542,27.7971,14.4162,24833.6993,NA,NA,NA
valheim.exe,8100,0x147123C9510,DXGI,1,0,0,Hardware: Independent Flip,24847.7038,11.5356,11.3453,0.1903,8.4089,23.8004,23.7355,0.0649,37.1468,13.9566,-13.7926,24847.7038,NA,NA,NA
valheim.exe,8100,0x147123C9510,DXGI,1,0,0,Hardware: Independent Flip,24859.2394,9.0826,8.9070,0.1756,20.6737,12.3011,12.2416,0.0595,39.5678,6.8623,-2.4210,24859.2394,NA,NA,NA
valheim.exe,8100,0x147123C9510,DXGI,1,0,0,Hardware: Independent Flip,24868.3220,12.9028,12.6910,0.2118,23.9904,3.3287,3.2736,0.0551,37.3475,27.8390,2.2203,24868.3220,NA,NA,NA
valheim.exe,8100,0x147123C9510,DXGI,1,0,0,Hardware: Independent Flip,24881.2248,18.3748,18.1086,0.2662,16.8149,33.5026,33.4407,0.0619,52.2837,6.9755,-14.9362,24881.2248,NA,NA,NA
valheim.exe,8100,0x147123C9510,DXGI,1,0,0,Hardware: Independent Flip,24899.5996,9.8331,9.6848,0.1483,32.0028,1.6840,1.6348,0.0492,40.8844,6.8967,11.3993,24899.5996,NA,NA,NA
valheim.exe,8100,0x147123C9510,DXGI,1,0,0,Hardware: Independent Flip,24909.4327,7.5075,7.3471,0.1604,24.1266,0.2564,0.2125,0.0439,37.9480,13.9153,2.9364,24909.4327,NA,NA,NA
valheim.exe,8100,0x147123C9510,DXGI,1,0,0,Hardware: Independent Flip,24916.9402,29.2667,29.1053,0.1614,28.4830,13.1759,13.0536,0.1223,44.3558,20.8491,-6.4078,24916.9402,NA,18.2507,NA
valheim.exe,8100,0x147123C9510,DXGI,1,0,0,Hardware: Independent Flip,24946.2069,11.0557,10.7841,0.2716,12.3922,21.4755,21.4755,0.0000,35.9382,13.8960,8.4176,24946.2069,NA,27.1220,NA
valheim.exe,8100,0x147123C9510,DXGI,1,0,0,Hardware: Independent Flip,24957.2626,11.0146,10.8272,0.1874,22.8120,13.3945,13.3296,0.0649,38.7785,6.9542,-2.8403,24957.2626,NA,39.0103,NA
valheim.exe,8100,0x147123C9510,DXGI,1,0,0,Hardware: Independent Flip,24968.2772,11.3315,11.1236,0.2079,25.2965,2.7050,2.6547,0.0503,34.7181,27.8198,4.0604,24968.2772,NA,NA,NA
valheim.exe,8100,0x147123C9510,DXGI,1,0,0,Hardware: Independent Flip,24979.6087,33.1292,32.9607,0.1685,32.3201,11.8227,11.6852,0.1375,51.2064,13.9001,-16.4883,24979.6087,NA,NA,NA
valheim.exe,8100,0x147123C9510,DXGI,1,0,0,Hardware: Independent Flip,25012.7379,18.1133,17.8998,0.2135,17.2584,12.9992,12.8013,0.1979,31.9773,20.8213,19.2291,25012.7379,NA,16.7236,NA
valheim.exe,8100,0x147123C9510,DXGI,1,0,0,Hardware: Independent Flip,25030.8512,12.5547,12.3926,0.1621,12.2218,21.0336,21.0336,0.0000,34.6853,13.9605,-2.7080,25030.8512,NA,24.5619,NA
valheim.exe,8100,0x147123C9510,DXGI,1,0,0,Hardware: Independent Flip,25043.4059,7.5662,7.4161,0.1501,20.7007,10.8519,10.8332,0.0187,36.0911,13.8608,-1.4058,25043.4059,NA,30.5210,NA
valheim.exe,8100,0x147123C9510,DXGI,1,0,0,Hardware: Independent Flip,25050.9721,10.7299,10.5902,0.1397,23.9864,17.3391,17.3391,0.0000,42.3857,14.0892,-6.2946,25050.9721,NA,NA,NA
valheim.exe,8100,0x147123C9510,DXGI,1,0,0,Hardware: Independent Flip,25061.7020,18.0077,17.6142,0.3935,30.7035,13.1294,13.0904,0.0390,45.7450,6.7970,-3.3593,25061.7020,NA,42.4587,NA
valheim.exe,8100,0x147123C9510,DXGI,1,0,0,Hardware: Independent Flip,25079.7097,10.9939,10.8278,0.1661,25.8252,0.8395,0.7385,0.1010,34.5343,13.8760,11.2107,25079.7097,NA,34.2220,NA
valheim.exe,8100,0x147123C9510,DXGI,1,0,0,Hardware: Independent Flip,25090.7036,19.4761,19.2342,0.2419,15.7239,16.8370,16.7691,0.0679,37.4164,20.9127,-2.8821,25090.7036,NA,20.1055,NA
valheim.exe,8100,0x147123C9510,DXGI,1,0,0,Hardware: Independent Flip,25110.1797,13.1097,12.7013,0.4084,13.0848,20.4256,20.4256,0.0000,38.8530,6.9296,-1.4366,25110.1797,NA,30.0288,NA
valheim.exe,8100,0x147123C9510,DXGI,1,0,0,Hardware: Independent Flip,25123.2894,10.9578,10.7804,0.1774,20.5398,2.8352,2.7100,0.1252,32.6729,6.9328,6.1801,25123.2894,NA,23.9328,NA
valheim.exe,8100,0x147123C9510,DXGI,1,0,0,Hardware: Independent Flip,25134.2472,12.7748,12.5455,0.2293,12.4336,12.7988,12.7153,0.0835,28.6479,13.8848,4.0250,25134.2472,NA,NA,NA
valheim.exe,8100,0x147123C9510,DXGI,1,0,0,Hardware: Independent Flip,25147.0220,18.1764,18.0018,0.1746,17.3096,12.1012,11.9844,0.1168,29.7579,20.8573,-1.1100,25147.0220,NA,13.7714,NA
valheim.exe,8100,0x147123C9510,DXGI,1,0,0,Hardware: Independent Flip,25165.1984,12.6083,12.4106,0.1977,11.2344,20.5057,20.4887,0.0170,32.4388,13.8882,-2.6809,25165.1984,NA,22.6464,NA
valheim.exe,8100,0x147123C9510,DXGI,1,0,0,Hardware: Independent Flip,25177.8067,7.0813,6.9027,0.1786,19.1855,13.0556,13.0556,0.0000,33.7187,13.8893,-1.2799,25177.8067,NA,27.5501,NA
valheim.exe,8100,0x147123C9510,DXGI,1,0,0,Hardware: Independent Flip,25184.8880,11.1893,10.9889,0.2004,25.1598,13.0864,13.0864,0.0000,40.5267,6.9684,-6.8080,25184.8880,NA,NA,NA
valheim.exe,8100,0x147123C9510,DXGI,1,0,0,Hardware: Independent Flip,25196.0773,14.2546,14.0941,0.1605,27.1304,4.2850,4.2185,0.0665,36.3058,13.9067,4.2209,25196.0773,NA,34.3892,NA
valheim.exe,8100,0x147123C9510,DXGI,1,0,0,Hardware: Independent Flip,25210.3319,14.9723,14.7970,0.1753,17.1608,12.7245,12.6225,0.1020,35.9579,20.8525,0.3479,25210.3319,NA,37.3218,NA
valheim.exe,8100,0x147123C9510,DXGI,1,0,0,Hardware: Independent Flip,25225.3042,14.5478,14.2798,0.2680,14.9886,20.7732,20.7464,0.0268,41.8381,6.9396,-5.8802,25225.3042,NA,38.1726,NA
valheim.exe,8100,0x147123C9510,DXGI,1,0,0,Hardware: Independent Flip,25239.8520,9.4969,9.3375,0.1594,21.2140,11.4071,11.4071,0.0000,34.2299,6.9689,7.6082,25239.8520,NA,28.0912,NA
valheim.exe,8100,0x147123C9510,DXGI,1,0,0,Hardware: Independent Flip,25249.3489,10.3236,10.1765,0.1471,23.1242,4.9802,4.9388,0.0414,31.7019,27.8090,2.5280,25249.3489,NA,NA,NA
valheim.exe,8100,0x147123C9510,DXGI,1,0,0,Hardware: Independent Flip,25259.6725,23.2178,23.0488,0.1690,22.4416,23.7939,23.7447,0.0492,49.1873,6.9558,-17.4854,25259.6725,NA,38.8673,NA
valheim.exe,8100,0x147123C9510,DXGI,1,0,0,Hardware: Independent Flip,25282.8903,8.8442,8.6921,0.1521,23.1072,1.8320,1.7886,0.0434,32.9253,6.9283,16.2620,25282.8903,NA,26.8316,26.8316
valheim.exe,8100,0x147123C9510,DXGI,1,0,0,Hardware: Independent Flip,25291.7345,14.0596,13.8782,0.1814,16.0950,11.4180,11.3043,0.1137,31.0094,13.9906,1.9159,25291.7345,NA,NA,NA
valheim.exe,8100,0x147123C9510,DXGI,1,0,0,Hardware: Independent Flip,25305.7941,17.4157,17.2143,0.2014,15.9094,11.1891,10.9967,0.1924,30.9404,13.8509,0.0690,25305.7941,NA,NA,NA
valheim.exe,8100,0x147123C9510,DXGI,1,0,0,Hardware: Independent Flip,25323.2098,12.5439,12.2963,0.2476,9.6828,13.5809,13.4441,0.1368,27.3756,13.9028,3.5648,25323.2098,NA,NA,NA
valheim.exe,8100,0x147123C9510,DXGI,1,0,0,Hardware: Independent Flip,25335.7537,13.6990,13.4948,0.2042,10.7198,13.2566,13.2064,0.0502,28.7345,20.8419,-1.3589,25335.7537,NA,NA,NA
valheim.exe,8100,0x147123C9510,DXGI,1,0,0,Hardware: Independent Flip,25349.4527,11.9082,11.7277,0.1805,10.2774,22.2463,22.1891,0.0572,35.8774,13.9397,-7.1429,25349.4527,NA,NA,NA
valheim.exe,8100,0x147123C9510,DXGI,1,0,0,Hardware: Independent Flip,25361.3609,7.9585,7.8096,0.1489,20.6155,12.4276,12.3069,0.1207,37.9089,6.8872,-2.0315,25361.3609,NA,NA,NA
valheim.exe,8100,0x147123C9510,DXGI,1,0,0,Hardware: Independent Flip,25369.3194,9.5788,9.4079,0.1709,25.0846,2.7733,2.7087,0.0646,36.8376,6.9568,1.0713,25369.3194,NA,NA,NA
valheim.exe,8100,0x147123C9510,DXGI,1,0,0,Hardware: Independent Flip,25378.8982,19.9439,19.7440,0.1999,18.3586,13.4552,13.2633,0.1919,34.2156,13.9379,2.6220,25378.8982,NA,38.1374,38.1374
valheim.exe,8100,0x147123C9510,DXGI,1,0,0,Hardware: Independent Flip,25398.8421,14.3106,14.1514,0.1592,12.8428,12.9766,12.8551,0.1215,28.2096,27.7948,6.0060,25398.8421,NA,NA,NA
valheim.exe,8100,0x147123C9510,DXGI,1,0,0,Hardware: Independent Flip,25413.1527,10.6832,10.4489,0.2343,11.6172,23.5117,23.4387,0.0730,41.6938,6.9586,-13.4842,25413.1527,NA,NA,NA
valheim.exe,8100,0x147123C9510,DXGI,1,0,0,Hardware: Independent Flip,25423.8359,10.5022,10.2181,0.2841,24.4457,11.3916,11.3916,0.0000,37.9692,6.9569,3.7246,25423.8359,NA,NA,NA
valheim.exe,8100,0x147123C9510,DXGI,1,0,0,Hardware: Independent Flip,25434.3381,16.7082,16.4607,0.2475,25.3351,0.8508,0.7543,0.0965,34.4239,20.8336,3.5453,25434.3381,NA,NA,NA
valheim.exe,8100,0x147123C9510,DXGI,1,0,0,Hardware: Independent Flip,25451.0463,19.1560,18.9749,0.1811,9.5402,24.2504,12.1514,12.0990,38.5493,20.8432,-4.1254,25451.0463,NA,53.6061,NA
valheim.exe,8100,0x147123C9510,DXGI,1,0,0,Hardware: Independent Flip,25470.2023,9.8153,9.6717,0.1436,14.6346,25.0021,24.9887,0.0134,40.2365,13.9006,-1.6872,25470.2023,NA,NA,NA
valheim.exe,8100,0x147123C9510,DXGI,1,0,0,Hardware: Independent Flip,25480.0176,8.9137,8.7449,0.1688,29.8214,11.4485,11.4485,0.0000,44.3218,13.9784,-4.0853,25480.0176,NA,NA,NA
valheim.exe,8100,0x147123C9510,DXGI,1,0,0,Hardware: Independent Flip,25488.9313,13.5680,13.4258,0.1422,32.3562,12.3440,12.3283,0.0157,49.3865,6.8765,-5.0647,25488.9313,NA,NA,NA
valheim.exe,8100,0x147123C9510,DXGI,1,0,0,Hardware: Independent Flip,25502.4993,18.6481,18.4813,0.1668,31.1322,4.1481,3.9975,0.1506,42.6950,13.8877,6.6915,25502.4993,NA,NA,NA
valheim.exe,8100,0x147123C9510,DXGI,1,0,0,Hardware: Independent Flip,25521.1474,17.6753,17.4145,0.2608,16.6322,20.4567,20.4467,0.0100,37.9346,13.9462,4.7604,25521.1474,NA,NA,NA
valheim.exe,8100,0x147123C9510,DXGI,1,0,0,Hardware: Independent Flip,25538.8227,9.7602,9.5992,0.1610,19.4136,10.9812,10.9812,0.0000,34.2055,6.9388,3.7291,25538.8227,NA,NA,NA
valheim.exe,8100,0x147123C9510,DXGI,1,0,0,Hardware: Independent Flip,25548.5829,7.7960,7.6310,0.1650,20.6346,4.4185,4.3088,0.1097,31.3841,27.7668,2.8214,25548.5829,NA,NA,NA
valheim.exe,8100,0x147123C9510,DXGI,1,0,0,Hardware: Independent Flip,25556.3789,35.3183,35.1073,0.2110,34.4552,13.0692,12.9535,0.1157,51.3549,13.9173,-19.9708,25556.3789,NA,61.7300,NA
valheim.exe,8100,0x147123C9510,DXGI,1,0,0,Hardware: Independent Flip,25591.6972,15.1568,14.9814,0.1754,14.4430,12.7328,12.6010,0.1318,29.9539,27.8398,21.4010,25591.6972,NA,16.6363,NA
valheim.exe,8100,0x147123C9510,DXGI,1,0,0,Hardware: Independent Flip,25606.8540,17.0091,16.8386,0.1705,16.1343,21.8638,21.8162,0.0476,42.6369,6.9363,-12.6830,25606.8540,NA,26.5290,NA
valheim.exe,8100,0x147123C9510,DXGI,1,0,0,Hardware: Independent Flip,25623.8631,9.1928,9.0381,0.1547,20.9890,0.9064,0.9064,0.0000,32.5641,6.9371,10.0728,25623.8631,NA,25.4490,NA
valheim.exe,8100,0x147123C9510,DXGI,1,0,0,Hardware: Independent Flip,25633.0559,10.1048,9.8537,0.2511,12.7026,15.9023,15.8126,0.0897,30.3084,27.8247,2.2557,25633.0559,NA,NA,NA
valheim.exe,8100,0x147123C9510,DXGI,1,0,0,Hardware: Independent Flip,25643.1607,21.9357,21.7551,0.1806,20.2373,25.5721,25.5248,0.0473,48.0283,13.9911,-17.7199,25643.1607,NA,29.2221,NA
valheim.exe,8100,0x147123C9510,DXGI,1,0,0,Hardware: Independent Flip,25665.0964,11.2330,11.0748,0.1582,23.8737,13.8174,13.8174,0.0000,40.0837,6.8738,7.9446,25665.0964,NA,32.2061,NA
valheim.exe,8100,0x147123C9510,DXGI,1,0,0,Hardware: Independent Flip,25676.3294,9.4241,9.2718,0.1523,26.4581,0.8088,0.6787,0.1301,35.7245,13.8623,4.3592,25676.3294,NA,NA,NA
valheim.exe,8100,0x147123C9510,DXGI,1,0,0,Hardware: Independent Flip,25685.7535,23.1944,22.9860,0.2084,17.8428,17.0505,16.0672,0.9833,40.1627,13.9451,-4.4382,25685.7535,NA,34.9222,NA
valheim.exe,8100,0x147123C9510,DXGI,1,0,0,Hardware: Independent Flip,25708.9479,13.6165,13.3855,0.2310,11.6989,12.3619,12.1937,0.1682,30.9134,13.8886,9.2493,25708.9479,NA,21.8900,NA
valheim.exe,8100,0x147123C9510,DXGI,1,0,0,Hardware: Independent Flip,25722.5644,11.2242,11.0313,0.1929,10.4443,17.4749,17.4176,0.0573,31.1855,27.7920,-0.2721,25722.5644,NA,23.7744,NA
valheim.exe,8100,0x147123C9510,DXGI,1,0,0,Hardware: Independent Flip,25733.7886,16.1331,15.8929,0.2402,16.6950,26.5974,26.5974,0.0000,47.7533,13.9277,-16.5678,25733.7886,NA,NA,NA
valheim.exe,8100,0x147123C9510,DXGI,1,0,0,Hardware: Independent Flip,25749.9217,13.5054,13.3352,0.1702,27.1593,15.9552,15.9316,0.0236,45.5479,6.9119,2.2054,25749.9217,NA,35.4978,NA
valheim.exe,8100,0x147123C9510,DXGI,1,0,0,Hardware: Independent Flip,25763.4271,9.6329,9.4861,0.1468,29.6259,0.1377,0.0877,0.0500,38.9544,6.9619,6.5935,25763.4271,NA,NA,NA
valheim.exe,8100,0x147123C9510,DXGI,1,0,0,Hardware: Independent Flip,25773.0600,24.0418,23.8565,0.1853,22.3541,12.9996,12.7680,0.2316,36.2834,27.8168,2.6710,25773.0600,NA,28.3289,NA
valheim.exe,8100,0x147123C9510,DXGI,1,0,0,Hardware: Independent Flip,25797.1018,13.4443,13.2227,0.2216,11.4063,26.7487,26.7191,0.0296,40.0584,13.8743,-3.7750,25797.1018,NA,30.1871,NA
valheim.exe,8100,0x147123C9510,DXGI,1,0,0,Hardware: Independent Flip,25810.5461,10.7935,10.6339,0.1596,24.7107,15.6072,15.6072,0.0000,40.4884,6.9796,-0.4300,25810.5461,NA,32.0374,NA
valheim.exe,8100,0x147123C9510,DXGI,1,0,0,Hardware: Independent Flip,25821.3396,10.7813,10.6222,0.1591,29.5244,3.7916,3.7335,0.0581,36.6745,20.8546,3.8139,25821.3396,NA,NA,NA
valheim.exe,8100,0x147123C9510,DXGI,1,0,0,Hardware: Independent Flip,25832.1209,29.3107,29.1399,0.1708,28.4380,13.2390,13.1146,0.1244,46.7478,20.8432,-10.0733,25832.1209,NA,20.9059,NA
valheim.exe,8100,0x147123C9510,DXGI,1,0,0,Hardware: Independent Flip,25861.4316,11.2761,11.0010,0.2751,12.3663,23.1523,23.1156,0.0367,38.2803,13.8989,8.4675,25861.4316,NA,29.7182,NA
valheim.exe,8100,0x147123C9510,DXGI,1,0,0,Hardware: Independent Flip,25872.7077,11.9864,11.8333,0.1531,24.2425,14.5141,14.5141,0.0000,40.9031,6.9665,-2.6228,25872.7077,NA,30.6272,NA
valheim.exe,8100,0x147123C9510,DXGI,1,0,0,Hardware: Independent Flip,25884.6941,14.2402,14.0735,0.1667,26.7702,3.4831,3.3689,0.1142,35.8832,13.9065,5.0199,25884.6941,NA,NA,NA
valheim.exe,8100,0x147123C9510,DXGI,1,0,0,Hardware: Independent Flip,25898.9343,16.1485,15.8787,0.2698,16.0131,14.7669,14.6713,0.0956,35.5495,13.8771,0.3337,25898.9343,NA,31.4609,NA
valheim.exe,8100,0x147123C9510,DXGI,1,0,0,Hardware: Independent Flip,25915.0828,17.7897,17.5854,0.2043,16.2465,10.7443,10.6243,0.1200,33.2781,13.9137,2.2714,25915.0828,NA,NA,NA
valheim.exe,8100,0x147123C9510,DXGI,1,0,0,Hardware: Independent Flip,25932.8725,15.0434,14.8604,0.1830,9.3217,15.5772,13.7927,1.7845,29.4021,20.8547,3.8760,25932.8725,NA,NA,NA
valheim.exe,8100,0x147123C9510,DXGI,1,0,0,Hardware: Independent Flip,25947.9159,13.6822,13.4159,0.2663,9.9403,23.5507,23.3260,0.2247,35.2134,14.0090,-5.8113,25947.9159,NA,NA,NA
valheim.exe,8100,0x147123C9510,DXGI,1,0,0,Hardware: Independent Flip,25961.5981,8.2522,8.0572,0.1950,19.8088,12.3954,12.3638,0.0316,35.5402,6.8513,-0.3268,25961.5981,NA,31.1039,NA
valheim.exe,8100,0x147123C9510,DXGI,1,0,0,Hardware: Independent Flip,25969.8503,14.7266,14.5139,0.2127,23.9520,2.2931,2.1718,0.1213,34.1393,20.8680,1.4009,25969.8503,NA,NA,NA
valheim.exe,8100,0x147123C9510,DXGI,1,0,0,Hardware: Independent Flip,25984.5769,16.9347,16.6249,0.3098,15.4124,23.3763,23.2937,0.0826,40.2807,6.9445,-6.1414,25984.5769,NA,NA,NA
valheim.exe,8100,0x147123C9510,DXGI,1,0,0,Hardware: Independent Flip,26001.5116,9.5692,9.3848,0.1844,21.8540,2.3719,2.2560,0.1159,30.2905,6.9164,9.9902,26001.5116,NA,NA,NA
valheim.exe,8100,0x147123C9510,DXGI,1,0,0,Hardware: Independent Flip,26011.0808,12.9713,12.7372,0.2341,14.6567,11.6168,11.5714,0.0454,27.6377,20.8611,2.6528,26011.0808,NA,NA,NA
valheim.exe,8100,0x147123C9510,DXGI,1,0,0,Hardware: Independent Flip,26024.0521,17.9936,17.7833,0.2103,16.4168,12.6448,12.5293,0.1155,35.5275,6.9770,-7.8898,26024.0521,NA,NA,NA
valheim.exe,8100,0x147123C9510,DXGI,1,0,0,Hardware: Independent Flip,26042.0457,11.9036,11.7052,0.1984,11.0680,11.5981,11.3980,0.2001,24.5109,27.7923,11.0166,26042.0457,NA,NA,NA
valheim.exe,8100,0x147123C9510,DXGI,1,0,0,Hardware: Independent Flip,26053.9493,11.8118,11.6329,0.1789,10.8585,24.8138,24.8138,0.0000,40.3996,13.9446,-15.8887,26053.9493,NA,NA,NA
valheim.exe,8100,0x147123C9510,DXGI,1,0,0,Hardware: Independent Flip,26065.7611,12.7301,12.5086,0.2215,23.8605,13.0609,13.0609,0.0000,42.5324,6.9181,-2.1328,26065.7611,NA,36.2660,NA
valheim.exe,8100,0x147123C9510,DXGI,1,0,0,Hardware: Independent Flip,26078.4912,11.8778,11.6910,0.1868,24.1913,0.5735,0.4641,0.1094,36.7204,13.9109,5.8120,26078.4912,NA,NA,NA
valheim.exe,8100,0x147123C9510,DXGI,1,0,0,Hardware: Independent Flip,26090.3690,19.5921,19.4004,0.1917,18.7275,13.1312,13.0051,0.1261,38.7535,13.8882,-2.0331,26090.3690,NA,NA,NA
valheim.exe,8100,0x147123C9510,DXGI,1,0,0,Hardware: Independent Flip,26109.9611,16.8438,16.5903,0.2535,15.3155,10.7911,10.6940,0.0971,33.0496,6.9231,5.7039,26109.9611,NA,NA,NA
valheim.exe,8100,0x147123C9510,DXGI,1,0,0,Hardware: Independent Flip,26126.8049,13.8733,13.6836,0.1897,9.3767,13.6866,13.4628,0.2238,23.1289,13.9508,9.9207,26126.8049,NA,NA,NA
valheim.exe,8100,0x147123C9510,DXGI,1,0,0,Hardware: Independent Flip,26140.6782,10.0448,9.8433,0.2015,9.1900,12.2049,12.1515,0.0534,23.2064,27.7904,-0.0775,26140.6782,NA,NA,NA
valheim.exe,8100,0x147123C9510,DXGI,1,0,0,Hardware: Independent Flip,26150.7230,17.3251,17.1113,0.2138,11.4291,25.2464,23.5576,1.6888,40.9520,13.9163,-17.7456,26150.7230,NA,NA,NA
valheim.exe,8100,0x147123C9510,DXGI,1,0,0,Hardware: Independent Flip,26168.0481,6.5794,6.4020,0.1774,19.3504,12.9179,12.9179,0.0000,37.5432,6.9154,3.4088,26168.0481,NA,NA,NA
valheim.exe,8100,0x147123C9510,DXGI,1,0,0,Hardware: Independent Flip,26174.6275,13.9234,13.6866,0.2368,25.6889,2.0516,2.0175,0.0341,37.8792,6.9600,-0.3360,26174.6275,NA,NA,NA
valheim.exe,8100,0x147123C9510,DXGI,1,0,0,Hardware: Independent Flip,26188.5509,19.3304,19.1694,0.1610,17.6567,13.0103,12.8892,0.1211,30.9158,27.7715,6.9634,26188.5509,NA,NA,NA
valheim.exe,8100,0x147123C9510,DXGI,1,0,0,Hardware: Independent Flip,26207.8813,11.9822,11.7961,0.1861,11.3366,23.2421,23.1947,0.0474,39.3569,13.9636,-8.4411,26207.8813,NA,NA,NA
valheim.exe,8100,0x147123C9510,DXGI,1,0,0,Hardware: Independent Flip,26219.8635,8.8788,8.7150,0.1638,22.5965,12.4947,12.4885,0.0062,41.3383,6.9059,-1.9814,26219.8635,NA,NA,NA
valheim.exe,8100,0x147123C9510,DXGI,1,0,0,Hardware: Independent Flip,26228.7423,10.6872,10.5389,0.1483,26.2124,0.8944,0.8395,0.0549,39.3654,6.9785,1.9729,26228.7423,NA,NA,NA
valheim.exe,8100,0x147123C9510,DXGI,1,0,0,Hardware: Independent Flip,26239.4295,22.9340,22.7532,0.1808,21.0598,11.4729,11.3601,0.1128,35.6567,20.8347,3.7087,26239.4295,NA,NA,NA
valheim.exe,8100,0x147123C9510,DXGI,1,0,0,Hardware: Independent Flip,26262.3635,11.5619,11.3961,0.1658,9.6606,22.9177,22.9067,0.0110,33.5574,13.8735,2.0993,26262.3635,NA,NA,NA
valheim.exe,8100,0x147123C9510,DXGI,1,0,0,Hardware: Independent Flip,26273.9254,9.6302,9.5032,0.1270,21.0665,14.1826,14.1826,0.0000,35.8690,7.0036,-2.3116,26273.9254,NA,NA,NA
valheim.exe,8100,0x147123C9510,DXGI,1,0,0,Hardware: Independent Flip,26283.5556,7.8393,7.6889,0.1504,25.6900,0.5962,0.5212,0.0750,33.2424,13.8917,2.6266,26283.5556,NA,NA,NA
valheim.exe,8100,0x147123C9510,DXGI,1,0,0,Hardware: Independent Flip,26291.3949,20.7376,20.5896,0.1480,18.8745,14.4445,14.3961,0.0484,39.2948,13.9021,-6.0524,26291.3949,NA,19.7190,NA
valheim.exe,8100,0x147123C9510,DXGI,1,0,0,Hardware: Independent Flip,26312.1325,14.4949,14.3128,0.1821,12.6716,14.5357,14.4377,0.0980,32.4593,20.8277,6.8355,26312.1325,NA,22.5601,NA
valheim.exe,8100,0x147123C9510,DXGI,1,0,0,Hardware: Independent Flip,26326.6274,11.6309,11.3692,0.2617,12.7124,24.3089,24.2814,0.0275,38.7921,14.0220,-6.3328,26326.6274,NA,NA,NA
valheim.exe,8100,0x147123C9510,DXGI,1,0,0,Hardware: Independent Flip,26338.2583,9.5858,9.4190,0.1668,25.3904,12.7832,12.7498,0.0334,41.1832,6.8463,-2.3911,26338.2583,NA,34.4605,NA
valheim.exe,8100,0x147123C9510,DXGI,1,0,0,Hardware: Independent Flip,26347.8441,10.5334,10.3911,0.1423,28.6824,2.1489,2.0938,0.0551,38.4437,20.8799,2.7395,26347.8441,NA,NA,NA
valheim.exe,8100,0x147123C9510,DXGI,1,0,0,Hardware: Independent Flip,26358.3775,23.5081,23.3263,0.1818,20.3432,27.6987,27.6987,0.0000,48.7902,20.8345,-10.3465,26358.3775,NA,28.1732,NA
valheim.exe,8100,0x147123C9510,DXGI,1,0,0,Hardware: Independent Flip,26381.8856,12.3983,12.2492,0.1491,24.5338,15.8376,15.8376,0.0000,46.1166,13.9242,2.6736,26381.8856,NA,35.9676,NA
valheim.exe,8100,0x147123C9510,DXGI,1,0,0,Hardware: Independent Flip,26394.2839,17.1587,16.9796,0.1791,27.9731,16.6709,16.6709,0.0000,47.6425,6.9164,-1.5259,26394.2839,NA,32.9668,NA
valheim.exe,8100,0x147123C9510,DXGI,1,0,0,Hardware: Independent Flip,26411.4426,13.0119,12.8406,0.1713,27.5815,0.6004,0.5092,0.0912,37.4002,13.8958,10.2423,26411.4426,NA,NA,NA
valheim.exe,8100,0x147123C9510,DXGI,1,0,0,Hardware: Independent Flip,26424.4545,20.3658,20.2251,0.1407,18.9061,14.5015,14.3018,0.1997,38.2841,27.8232,-0.8839,26424.4545,NA,33.7699,NA
valheim.exe,8100,0x147123C9510,DXGI,1,0,0,Hardware: Independent Flip,26444.8203,18.3099,18.0661,0.2438,16.3801,27.2402,27.2264,0.0138,45.7415,13.9562,-7.4574,26444.8203,NA,30.5941,NA
valheim.exe,8100,0x147123C9510,DXGI,1,0,0,Hardware: Independent Flip,26463.1302,10.3655,10.1980,0.1675,25.3104,11.9389,11.9073,0.0316,41.3878,6.9119,4.3537,26463.1302,NA,NA,NA
valheim.exe,8100,0x147123C9510,DXGI,1,0,0,Hardware: Independent Flip,26473.4957,8.8568,8.7071,0.1497,26.8838,3.7598,3.7598,0.0000,37.9342,13.9086,3.4536,26473.4957,NA,NA,NA
valheim.exe,8100,0x147123C9510,DXGI,1,0,0,Hardware: Independent Flip,26482.3525,25.7201,25.4805,0.2396,21.8253,14.9836,14.9197,0.0639,42.9860,20.8331,-5.0518,26482.3525,NA,20.3556,NA
valheim.exe,8100,0x147123C9510,DXGI,1,0,0,Hardware: Independent Flip,26508.0726,14.4360,14.2217,0.2143,11.0888,25.5992,25.5770,0.0222,38.0990,20.8817,4.8870,26508.0726,NA,31.1802,NA
valheim.exe,8100,0x147123C9510,DXGI,1,0,0,Hardware: Independent Flip,26522.5086,7.7517,7.6041,0.1476,22.2520,16.3944,16.3621,0.0323,44.5447,6.9356,-6.4457,26522.5086,NA,40.0715,NA
valheim.exe,8100,0x147123C9510,DXGI,1,0,0,Hardware: Independent Flip,26530.2603,10.1915,10.0417,0.1498,31.0730,0.9813,0.9551,0.0262,43.7286,6.9330,0.8161,26530.2603,NA,NA,NA
valheim.exe,8100,0x147123C9510,DXGI,1,0,0,Hardware: Independent Flip,26540.4518,25.2196,25.0549,0.1647,23.6880,14.7582,14.5976,0.1606,40.4701,27.8170,3.2585,26540.4518,NA,39.9356,NA
valheim.exe,8100,0x147123C9510,DXGI,1,0,0,Hardware: Independent Flip,26565.6714,16.2560,16.1058,0.1502,14.6465,24.9491,24.8959,0.0532,43.0675,6.9246,-2.5974,26565.6714,NA,29.7464,NA
valheim.exe,8100,0x147123C9510,DXGI,1,0,0,Hardware: Independent Flip,26581.9274,8.8901,8.7463,0.1438,23.3396,0.1957,0.1849,0.0108,33.7361,6.9955,9.3314,26581.9274,NA,NA,NA
valheim.exe,8100,0x147123C9510,DXGI,1,0,0,Hardware: Independent Flip,26590.8175,9.2460,9.0721,0.1739,14.6622,16.3504,16.2997,0.0507,31.8415,27.7717,1.8946,26590.8175,NA,NA,NA
valheim.exe,8100,0x147123C9510,DXGI,1,0,0,Hardware: Independent Flip,26600.0635,24.7423,24.5302,0.2121,22.4769,24.5504,24.4908,0.0596,50.3672,13.9353,-18.5257,26600.0635,NA,NA,NA
valheim.exe,8100,0x147123C9510,DXGI,1,0,0,Hardware: Independent Flip,26624.8058,6.3899,6.2462,0.1437,22.2850,13.2583,13.1988,0.0595,39.5602,6.9615,10.8070,26624.8058,NA,NA,NA
valheim.exe,8100,0x147123C9510,DXGI,1,0,0,Hardware: Independent Flip,26631.1957,10.4772,10.3236,0.1536,29.1534,3.2301,3.1107,0.1194,40.1318,6.9188,-0.5716,26631.1957,NA,NA,NA
valheim.exe,8100,0x147123C9510,DXGI,1,0,0,Hardware: Independent Flip,26641.6729,24.5897,24.3747,0.2150,22.7173,12.1491,12.0433,0.1058,36.5734,27.7960,3.5584,26641.6729,NA,NA,NA
valheim.exe,8100,0x147123C9510,DXGI,1,0,0,Hardware: Independent Flip,26666.2626,14.8081,14.5758,0.2323,10.2767,24.8523,24.0470,0.8053,39.7797,13.9283,-3.2063,26666.2626,NA,NA,NA
valheim.exe,8100,0x147123C9510,DXGI,1,0,0,Hardware: Independent Flip,26681.0707,7.9725,7.7999,0.1726,20.3209,12.2171,12.1837,0.0334,38.8999,6.9220,0.8798,26681.0707,NA,NA,NA
valheim.exe,8100,0x147123C9510,DXGI,1,0,0,Hardware: Independent Flip,26689.0432,11.4698,11.3165,0.1533,24.6764,3.0924,3.0546,0.0378,37.8494,20.8695,1.0505,26689.0432,NA,NA,NA
valheim.exe,8100,0x147123C9510,DXGI,1,0,0,Hardware: Independent Flip,26700.5130,20.0471,19.8792,0.1679,18.8843,24.0973,24.0753,0.0220,47.2491,13.9580,-9.3997,26700.5130,NA,NA,NA
valheim.exe,8100,0x147123C9510,DXGI,1,0,0,Hardware: Independent Flip,26720.5601,9.4885,9.3221,0.1664,23.0070,13.3264,13.3264,0.0000,41.1600,6.9185,6.0891,26720.5601,NA,NA,NA
valheim.exe,8100,0x147123C9510,DXGI,1,0,0,Hardware: Independent Flip,26730.0486,9.8742,9.7126,0.1616,26.8449,0.5325,0.4491,0.0834,38.5900,20.8755,2.5700,26730.0486,NA,NA,NA
valheim.exe,8100,0x147123C9510,DXGI,1,0,0,Hardware: Independent Flip,26739.9228,24.0246,23.8600,0.1646,23.2061,21.5727,21.5022,0.0705,49.5913,6.8747,-11.0013,26739.9228,NA,NA,NA
valheim.exe,8100,0x147123C9510,DXGI,1,0,0,Hardware: Independent Flip,26763.9474,9.6117,9.4341,0.1776,20.7542,0.3926,0.3357,0.0569,32.4414,7.0130,17.1499,26763.9474,NA,NA,NA
valheim.exe,8100,0x147123C9510,DXGI,1,0,0,Hardware: Independent Flip,26773.5591,11.9490,11.7640,0.1850,11.6305,16.3836,16.3048,0.0788,29.8427,27.7415,2.5987,26773.5591,NA,NA,NA
valheim.exe,8100,0x147123C9510,DXGI,1,0,0,Hardware: Independent Flip,26785.5081,17.6956,17.5407,0.1549,16.1823,23.5782,23.5306,0.0476,45.6352,6.9652,-15.7925,26785.5081,NA,31.1516,NA
valheim.exe,8100,0x147123C9510,DXGI,1,0,0,Hardware: Independent Flip,26803.2037,7.5807,7.4072,0.1735,22.0649,12.6074,12.5910,0.0164,34.9048,6.9684,10.7304,26803.2037,NA,29.1498,NA
valheim.exe,8100,0x147123C9510,DXGI,1,0,0,Hardware: Independent Flip,26810.7844,9.6250,9.4907,0.1343,27.0916,0.5783,0.4487,0.1296,34.2925,27.8050,0.6123,26810.7844,NA,NA,NA
valheim.exe,8100,0x147123C9510,DXGI,1,0,0,Hardware: Independent Flip,26820.4094,26.8132,26.6233,0.1899,25.9855,21.8468,21.8264,0.0204,52.4725,13.9258,-18.1800,26820.4094,NA,28.9104,NA
valheim.exe,8100,0x147123C9510,DXGI,1,0,0,Hardware: Independent Flip,26847.2226,9.3071,9.1149,0.1922,21.0191,13.9440,13.9054,0.0386,39.5851,6.9138,12.8874,26847.2226,NA,34.8211,NA
valheim.exe,8100,0x147123C9510,DXGI,1,0,0,Hardware: Independent Flip,26856.5297,9.8494,9.6803,0.1691,25.6560,4.1492,4.0904,0.0588,37.1918,20.8493,2.3933,26856.5297,NA,NA,NA
valheim.exe,8100,0x147123C9510,DXGI,1,0,0,Hardware: Independent Flip,26866.3791,23.3128,23.1632,0.1496,22.4153,22.8554,22.8255,0.0299,48.1917,13.9498,-10.9999,26866.3791,NA,40.5849,NA
valheim.exe,8100,0x147123C9510,DXGI,1,0,0,Hardware: Independent Flip,26889.6919,8.4938,8.3552,0.1386,22.0186,10.3497,10.3320,0.0177,38.8287,6.9180,9.3630,26889.6919,NA,32.5012,NA
valheim.exe,8100,0x147123C9510,DXGI,1,0,0,Hardware: Independent Flip,26898.1857,8.3606,8.2153,0.1453,23.9951,2.9758,2.9758,0.0000,37.2529,6.9345,1.5758,26898.1857,NA,NA,NA
valheim.exe,8100,0x147123C9510,DXGI,1,0,0,Hardware: Independent Flip,26906.5463,22.4713,22.1946,0.2767,20.9443,13.2425,13.1582,0.0843,35.8268,27.8453,1.4261,26906.5463,NA,22.3355,NA
valheim.exe,8100,0x147123C9510,DXGI,1,0,0,Hardware: Independent Flip,26929.0176,15.4457,15.2296,0.2161,14.0336,26.1060,26.0537,0.0523,41.2008,6.9550,-5.3740,26929.0176,NA,29.2487,NA
valheim.exe,8100,0x147123C9510,DXGI,1,0,0,Hardware: Independent Flip,26944.4633,8.9583,8.7741,0.1842,24.7841,3.1689,3.1055,0.0634,32.7101,13.8625,8.4907,26944.4633,NA,30.1838,NA
valheim.exe,8100,0x147123C9510,DXGI,1,0,0,Hardware: Independent Flip,26953.4216,12.7097,12.5377,0.1720,19.0888,14.9421,14.9093,0.0328,37.6143,27.7858,-4.9042,26953.4216,NA,NA,NA
valheim.exe,8100,0x147123C9510,DXGI,1,0,0,Hardware: Independent Flip,26966.1313,20.5508,20.3089,0.2419,21.3212,27.6317,27.4912,0.1405,52.6904,13.9085,-15.0761,26966.1313,NA,37.8162,NA
valheim.exe,8100,0x147123C9510,DXGI,1,0,0,Hardware: Independent Flip,26986.6821,11.5815,11.3702,0.2113,28.4021,17.2734,17.2734,0.0000,46.0481,20.8710,6.6423,26986.6821,NA,36.7174,NA
valheim.exe,8100,0x147123C9510,DXGI,1,0,0,Hardware: Independent Flip,26998.2636,11.4408,11.2753,0.1655,34.1495,16.5541,16.4494,0.1047,55.3376,20.9105,-9.2895,26998.2636,NA,NA,NA
valheim.exe,8100,0x147123C9510,DXGI,1,0,0,Hardware: Independent Flip,27009.7044,24.1748,23.9131,0.2617,39.4186,18.9672,18.8682,0.0990,64.8073,6.8975,-9.4697,27009.7044,NA,41.5367,NA
valheim.exe,8100,0x147123C9510,DXGI,1,0,0,Hardware: Independent Flip,27033.8792,17.0437,16.8444,0.1993,34.2110,3.6850,3.5641,0.1209,47.5300,13.9405,17.2773,27033.8792,NA,NA,NA
valheim.exe,8100,0x147123C9510,DXGI,1,0,0,Hardware: Independent Flip,27050.9229,20.8572,20.6512,0.2060,20.8523,16.5124,16.4669,0.0455,44.4268,27.7851,3.1032,27050.9229,NA,41.3794,NA
valheim.exe,8100,0x147123C9510,DXGI,1,0,0,Hardware: Independent Flip,27071.7801,20.6144,20.3267,0.2877,16.7535,34.3257,34.1871,0.1386,51.3547,34.7679,-6.9279,27071.7801,NA,35.1502,NA
valheim.exe,8100,0x147123C9510,DXGI,1,0,0,Hardware: Independent Flip,27092.3945,11.0267,10.8488,0.1779,30.4648,33.0965,33.0965,0.0000,65.5082,6.9560,-14.1535,27092.3945,NA,56.9358,NA
valheim.exe,8100,0x147123C9510,DXGI,1,0,0,Hardware: Independent Flip,27103.4212,9.2116,9.0551,0.1565,52.5346,1.7692,1.6939,0.0753,61.4375,6.9449,4.0707,27103.4212,NA,NA,NA
valheim.exe,8100,0x147123C9510,DXGI,1,0,0,Hardware: Independent Flip,27112.6328,29.0252,28.8041,0.2211,45.3271,3.2592,3.2205,0.0387,59.1708,27.7715,2.2667,27112.6328,NA,47.8264,NA
valheim.exe,8100,0x147123C9510,DXGI,1,0,0,Hardware: Independent Flip,27141.6580,36.6213,36.4484,0.1729,35.8178,15.2634,15.0779,0.1855,57.9171,20.8941,1.2537,27141.6580,NA,23.5843,NA
valheim.exe,8100,0x147123C9510,DXGI,1,0,0,Hardware: Independent Flip,27178.2793,15.9572,15.7381,0.2191,14.4599,25.8599,25.8599,0.0000,42.1899,20.8346,15.7272,27178.2793,NA,30.4795,NA
valheim.exe,8100,0x147123C9510,DXGI,1,0,0,Hardware: Independent Flip,27194.2365,11.3673,11.1951,0.1722,24.3626,15.7643,15.7179,0.0464,47.0673,13.9605,-4.8774,27194.2365,NA,39.3307,NA
valheim.exe,8100,0x147123C9510,DXGI,1,0,0,Hardware: Independent Flip,27205.6038,11.6779,11.5073,0.1706,28.7596,15.0120,14.9847,0.0273,49.6605,6.9047,-2.5932,27205.6038,NA,NA,NA
valheim.exe,8100,0x147123C9510,DXGI,1,0,0,Hardware: Independent Flip,27217.2817,16.2240,16.0092,0.2148,32.0937,3.2458,3.1596,0.0862,44.8873,27.8125,4.7732,27217.2817,NA,42.2120,NA
valheim.exe,8100,0x147123C9510,DXGI,1,0,0,Hardware: Independent Flip,27233.5057,25.0181,24.8104,0.2077,24.1361,28.5981,28.4769,0.1212,56.4758,13.9106,-11.5885,27233.5057,NA,35.0088,NA
valheim.exe,8100,0x147123C9510,DXGI,1,0,0,Hardware: Independent Flip,27258.5238,11.7383,11.5743,0.1640,27.7161,13.3932,13.3777,0.0155,45.3683,6.8795,11.1075,27258.5238,NA,35.9250,NA
valheim.exe,8100,0x147123C9510,DXGI,1,0,0,Hardware: Independent Flip,27270.2621,14.0007,13.6948,0.3059,29.3710,5.0908,5.0080,0.0828,40.5095,27.8588,4.8588,27270.2621,NA,NA,NA
valheim.exe,8100,0x147123C9510,DXGI,1,0,0,Hardware: Independent Flip,27284.2628,23.1460,22.9709,0.1751,21.3415,29.5523,29.4936,0.0587,54.3676,6.9042,-13.8581,27284.2628,NA,33.6631,NA
valheim.exe,8100,0x147123C9510,DXGI,1,0,0,Hardware: Independent Flip,27307.4088,12.1953,12.0403,0.1550,27.8042,2.5409,2.5041,0.0368,38.1258,6.9766,16.2418,27307.4088,NA,27.5682,NA
valheim.exe,8100,0x147123C9510,DXGI,1,0,0,Hardware: Independent Flip,27319.6041,8.4973,8.3567,0.1406,18.1498,13.7149,13.6180,0.0969,32.9071,27.7955,5.2187,27319.6041,NA,NA,NA
valheim.exe,8100,0x147123C9510,DXGI,1,0,0,Hardware: Independent Flip,27328.1014,25.3748,25.1813,0.1935,23.3674,28.6673,28.6458,0.0215,52.2053,20.8901,-19.2982,27328.1014,NA,30.3173,NA
valheim.exe,8100,0x147123C9510,DXGI,1,0,0,Hardware: Independent Flip,27353.4762,9.3500,9.2129,0.1371,26.7169,17.4849,17.4849,0.0000,47.7206,6.9101,4.4847,27353.4762,NA,42.2370,NA
valheim.exe,8100,0x147123C9510,DXGI,1,0,0,Hardware: Independent Flip,27362.8262,7.0505,6.9181,0.1324,34.8518,2.7876,2.7876,0.0000,45.2807,20.8550,2.4399,27362.8262,NA,NA,NA
valheim.exe,8100,0x147123C9510,DXGI,1,0,0,Hardware: Independent Flip,27369.8767,22.4401,22.2732,0.1669,30.6214,27.9877,27.9028,0.0849,59.0852,20.8604,-13.8045,27369.8767,NA,48.9656,NA
valheim.exe,8100,0x147123C9510,DXGI,1,0,0,Hardware: Independent Flip,27392.3168,20.1331,19.9886,0.1445,36.2287,14.8178,14.8178,0.0000,57.5055,13.9664,1.5797,27392.3168,NA,39.8475,NA
valheim.exe,8100,0x147123C9510,DXGI,1,0,0,Hardware: Independent Flip,27412.4499,9.9530,9.7927,0.1603,31.0136,13.7396,13.6956,0.0440,51.3388,6.8705,6.1667,27412.4499,NA,NA,NA
valheim.exe,8100,0x147123C9510,DXGI,1,0,0,Hardware: Independent Flip,27422.4029,18.7650,18.5104,0.2546,34.9072,3.0904,3.0419,0.0485,48.2563,20.8401,3.0825,27422.4029,NA,41.7053,NA
valheim.exe,8100,0x147123C9510,DXGI,1,0,0,Hardware: Independent Flip,27441.1679,24.6094,24.4328,0.1766,19.2326,31.0431,29.8690,1.1741,50.3314,20.8844,-2.0751,27441.1679,NA,27.4817,NA
valheim.exe,8100,0x147123C9510,DXGI,1,0,0,Hardware: Independent Flip,27465.7773,11.2202,11.0482,0.1720,25.6663,17.1299,17.1299,0.0000,46.6064,13.8937,3.7250,27465.7773,NA,38.4159,NA
valheim.exe,8100,0x147123C9510,DXGI,1,0,0,Hardware: Independent Flip,27476.9975,6.8499,6.7036,0.1463,31.6407,16.1571,16.1571,0.0000,49.2799,6.9961,-2.6735,27476.9975,NA,NA,NA
valheim.exe,8100,0x147123C9510,DXGI,1,0,0,Hardware: Independent Flip,27483.8474,20.0186,19.8257,0.1929,40.9479,3.9060,3.8031,0.1029,49.4261,27.7675,-0.1462,27483.8474,NA,47.2785,NA
valheim.exe,8100,0x147123C9510,DXGI,1,0,0,Hardware: Independent Flip,27503.8660,23.9541,23.3910,0.5631,24.8353,26.8124,26.7281,0.0843,57.1750,13.9330,-7.7489,27503.8660,NA,36.0582,NA
valheim.exe,8100,0x147123C9510,DXGI,1,0,0,Hardware: Independent Flip,27527.8201,13.0293,12.8344,0.1949,27.6936,18.1805,18.1606,0.0199,47.1539,6.9322,10.0211,27527.8201,NA,38.0040,NA
valheim.exe,8100,0x147123C9510,DXGI,1,0,0,Hardware: Independent Flip,27540.8494,8.7120,8.5562,0.1558,32.8448,3.9537,3.8363,0.1174,41.0568,27.7985,6.0971,27540.8494,NA,NA,NA
valheim.exe,8100,0x147123C9510,DXGI,1,0,0,Hardware: Independent Flip,27549.5614,28.3119,28.1118,0.2001,28.0865,29.0989,29.0258,0.0731,60.1433,13.8967,-19.0865,27549.5614,NA,39.6887,NA
valheim.exe,8100,0x147123C9510,DXGI,1,0,0,Hardware: Independent Flip,27577.8733,13.1331,12.9392,0.1939,28.9478,14.7873,14.7873,0.0000,45.7281,6.9718,14.4152,27577.8733,NA,35.5786,NA
valheim.exe,8100,0x147123C9510,DXGI,1,0,0,Hardware: Independent Flip,27591.0064,12.2152,12.0149,0.2003,30.6020,5.4208,5.2721,0.1487,39.5668,13.8748,6.1613,27591.0064,NA,NA,NA
valheim.exe,8100,0x147123C9510,DXGI,1,0,0,Hardware: Independent Flip,27603.2216,23.2532,23.0688,0.1844,23.8076,16.0339,15.9601,0.0738,41.2264,34.7555,-1.6596,27603.2216,NA,28.4183,NA
valheim.exe,8100,0x147123C9510,DXGI,1,0,0,Hardware: Independent Flip,27626.4748,18.4781,18.1978,0.2803,16.7342,33.4636,33.2929,0.1707,52.7287,13.9450,-11.5023,27626.4748,NA,45.2043,NA
valheim.exe,8100,0x147123C9510,DXGI,1,0,0,Hardware: Independent Flip,27644.9529,11.4029,11.2237,0.1792,31.8237,14.8951,14.8647,0.0304,48.1956,6.9204,4.5331,27644.9529,NA,NA,NA
valheim.exe,8100,0x147123C9510,DXGI,1,0,0,Hardware: Independent Flip,27656.3558,13.6084,13.4372,0.1712,35.3159,2.5969,2.5718,0.0251,43.7131,34.7422,4.4825,27656.3558,NA,NA,NA
valheim.exe,8100,0x147123C9510,DXGI,1,0,0,Hardware: Independent Flip,27669.9642,30.6014,30.4039,0.1975,24.4334,36.0417,34.7120,1.3297,64.8469,13.8939,-21.1338,27669.9642,NA,39.8040,NA
valheim.exe,8100,0x147123C9510,DXGI,1,0,0,Hardware: Independent Flip,27700.5656,10.5183,10.3513,0.1670,29.8737,13.8749,13.8522,0.0227,48.1394,20.8787,16.7075,27700.5656,NA,40.7169,NA
valheim.exe,8100,0x147123C9510,DXGI,1,0,0,Hardware: Independent Flip,27711.0839,11.0413,10.9197,0.1216,33.2303,22.4519,22.4519,0.0000,58.4998,6.9397,-10.3604,27711.0839,NA,NA,NA
valheim.exe,8100,0x147123C9510,DXGI,1,0,0,Hardware: Independent Flip,27722.1252,29.2981,29.1606,0.1375,44.6409,2.8835,2.8087,0.0748,54.3982,13.9161,4.1016,27722.1252,NA,26.5246,NA
valheim.exe,8100,0x147123C9510,DXGI,1,0,0,Hardware: Independent Flip,27751.4233,19.3524,19.1126,0.2398,18.2263,16.5251,16.3672,0.1579,39.0162,20.8423,15.3820,27751.4233,NA,20.4772,NA
valheim.exe,8100,0x147123C9510,DXGI,1,0,0,Hardware: Independent Flip,27770.7757,19.8717,19.6806,0.1911,15.3990,20.0868,18.9842,1.1026,40.5061,27.7827,-1.4899,27770.7757,NA,24.2862,NA
valheim.exe,8100,0x147123C9510,DXGI,1,0,0,Hardware: Independent Flip,27790.6474,15.8448,15.4794,0.3654,15.6141,30.3582,30.2988,0.0594,48.4171,13.9025,-7.9110,27790.6474,NA,NA,NA
valheim.exe,8100,0x147123C9510,DXGI,1,0,0,Hardware: Independent Flip,27806.4922,6.0263,5.8694,0.1569,30.1959,16.0061,15.9805,0.0256,46.4748,20.8844,1.9423,27806.4922,NA,41.9789,NA
valheim.exe,8100,0x147123C9510,DXGI,1,0,0,Hardware: Independent Flip,27812.5185,14.5255,14.3941,0.1314,40.1757,17.5677,17.5677,0.0000,61.3329,13.8954,-14.8581,27812.5185,NA,NA,NA
valheim.exe,8100,0x147123C9510,DXGI,1,0,0,Hardware: Independent Flip,27827.0440,23.3974,23.2036,0.1938,43.2179,14.9859,14.9665,0.0194,60.7028,13.9142,0.6301,27827.0440,NA,48.7381,NA
valheim.exe,8100,0x147123C9510,DXGI,1,0,0,Hardware: Independent Flip,27850.4414,13.7081,13.5616,0.1465,34.8064,14.9363,14.9363,0.0000,51.2196,20.8537,9.4832,27850.4414,NA,NA,NA
valheim.exe,8100,0x147123C9510,DXGI,1,0,0,Hardware: Independent Flip,27864.1495,21.8004,21.6296,0.1708,36.0346,20.4119,20.4119,0.0000,58.3652,13.9069,-7.1456,27864.1495,NA,NA,NA
valheim.exe,8100,0x147123C9510,DXGI,1,0,0,Hardware: Independent Flip,27885.9499,17.2720,17.0080,0.2640,34.7182,14.6116,14.6116,0.0000,50.4717,6.9359,7.8935,27885.9499,NA,35.4026,NA
valheim.exe,8100,0x147123C9510,DXGI,1,0,0,Hardware: Independent Flip,27903.2219,9.3914,9.1919,0.1995,32.1395,3.5275,3.4508,0.0767,40.1356,27.8009,10.3361,27903.2219,NA,NA,NA
valheim.exe,8100,0x147123C9510,DXGI,1,0,0,Hardware: Independent Flip,27912.6133,29.1232,28.9333,0.1899,27.4417,29.2280,29.0838,0.1442,58.5451,20.8566,-18.4095,27912.6133,NA,33.1880,NA
valheim.exe,8100,0x147123C9510,DXGI,1,0,0,Hardware: Independent Flip,27941.7365,9.5527,9.3616,0.1911,27.5465,18.8513,18.8513,0.0000,50.2785,13.9078,8.2666,27941.7365,NA,43.9661,NA
valheim.exe,8100,0x147123C9510,DXGI,1,0,0,Hardware: Independent Flip,27951.2892,12.6979,12.5238,0.1741,36.8451,16.6984,16.6984,0.0000,54.6336,6.9600,-4.3551,27951.2892,NA,NA,NA
valheim.exe,8100,0x147123C9510,DXGI,1,0,0,Hardware: Independent Flip,27963.9871,23.2629,23.0236,0.2393,40.9494,4.3836,4.2530,0.1306,48.8957,27.7912,5.7379,27963.9871,NA,41.8685,NA
valheim.exe,8100,0x147123C9510,DXGI,1,0,0,Hardware: Independent Flip,27987.2500,20.4705,20.0590,0.4115,22.0701,30.3493,30.3107,0.0386,53.4240,20.8598,-4.5283,27987.2500,NA,33.6911,NA
valheim.exe,8100,0x147123C9510,DXGI,1,0,0,Hardware: Independent Flip,28007.7205,15.5770,15.3470,0.2300,31.9489,15.3148,15.3148,0.0000,53.8133,20.8477,-0.3893,28007.7205,NA,39.5268,NA
valheim.exe,8100,0x147123C9510,DXGI,1,0,0,Hardware: Independent Flip,28023.2975,8.5972,8.4317,0.1655,31.6867,22.0362,21.9712,0.0650,59.0840,13.9850,-5.2707,28023.2975,NA,59.4244,NA
valheim.exe,8100,0x147123C9510,DXGI,1,0,0,Hardware: Independent Flip,28031.8947,21.7776,21.5797,0.1979,45.1257,15.2965,15.2965,0.0000,64.4718,6.9033,-5.3878,28031.8947,NA,55.4124,NA
valheim.exe,8100,0x147123C9510,DXGI,1,0,0,Hardware: Independent Flip,28053.6723,21.6465,21.4390,0.2075,38.6446,2.2512,2.1558,0.0954,49.5975,27.7670,14.8743,28053.6723,NA,41.2818,NA
valheim.exe,8100,0x147123C9510,DXGI,1,0,0,Hardware: Independent Flip,28075.3188,23.6056,23.4571,0.1485,22.3703,31.5646,31.4111,0.1535,55.7180,13.9280,-6.1205,28075.3188,NA,34.0684,NA
valheim.exe,8100,0x147123C9510,DXGI,1,0,0,Hardware: Independent Flip,28098.9244,8.0786,7.9010,0.1776,30.4003,15.0079,14.9917,0.0162,46.0404,20.8482,9.6776,28098.9244,NA,40.9500,NA
valheim.exe,8100,0x147123C9510,DXGI,1,0,0,Hardware: Independent Flip,28107.0030,9.5226,9.2502,0.2724,37.4054,19.4673,19.4673,0.0000,58.8100,20.8909,-12.7696,28107.0030,NA,NA,NA
valheim.exe,8100,0x147123C9510,DXGI,1,0,0,Hardware: Independent Flip,28116.5256,31.8978,31.7013,0.1965,47.3501,16.3316,16.2992,0.0324,70.1783,6.8983,-11.3683,28116.5256,NA,47.7331,NA
valheim.exe,8100,0x147123C9510,DXGI,1,0,0,Hardware: Independent Flip,28148.4234,14.2216,13.9989,0.2227,31.8815,3.6998,3.6541,0.0457,45.1788,6.9485,24.9995,28148.4234,NA,NA,NA
valheim.exe,8100,0x147123C9510,DXGI,1,0,0,Hardware: Independent Flip,28162.6450,19.8905,19.6480,0.2425,21.4355,14.5935,14.3773,0.2162,37.9057,34.7648,7.2731,28162.6450,NA,40.5168,NA
valheim.exe,8100,0x147123C9510,DXGI,1,0,0,Hardware: Independent Flip,28182.5355,20.4587,20.2818,0.1769,16.1385,32.8448,31.4862,1.3586,52.7800,13.9202,-14.8743,28182.5355,NA,37.3334,NA
valheim.exe,8100,0x147123C9510,DXGI,1,0,0,Hardware: Independent Flip,28202.9942,8.4364,8.2241,0.2123,28.5246,15.2198,15.1171,0.1027,46.2415,6.9138,6.5385,28202.9942,NA,44.2236,NA
valheim.exe,8100,0x147123C9510,DXGI,1,0,0,Hardware: Independent Flip,28211.4306,10.6619,10.4612,0.2007,35.3080,6.9585,6.9158,0.0427,44.7189,41.8643,1.5226,28211.4306,NA,NA,NA
valheim.exe,8100,0x147123C9510,DXGI,1,0,0,Hardware: Independent Flip,28222.0925,42.4824,42.2924,0.1900,41.5031,32.5784,32.4207,0.1577,75.9213,6.8009,-31.2024,28222.0925,NA,37.9928,NA
valheim.exe,8100,0x147123C9510,DXGI,1,0,0,Hardware: Independent Flip,28264.5749,13.2762,13.0970,0.1792,31.5991,0.6119,0.4978,0.1141,40.2398,27.8288,35.6815,28264.5749,NA,NA,NA
valheim.exe,8100,0x147123C9510,DXGI,1,0,0,Hardware: Independent Flip,28277.8511,25.3919,25.2010,0.1909,18.9897,35.1510,32.3157,2.8353,54.7924,20.8366,-14.5526,28277.8511,NA,NA,NA
valheim.exe,8100,0x147123C9510,DXGI,1,0,0,Hardware: Independent Flip,28303.2430,11.9591,11.7853,0.1738,28.7488,19.3227,19.2031,0.1196,50.2371,20.9111,4.5553,28303.2430,NA,NA,NA
valheim.exe,8100,0x147123C9510,DXGI,1,0,0,Hardware: Independent Flip,28315.2021,12.8157,12.6237,0.1920,36.1124,16.9535,16.9334,0.0201,59.1891,6.9015,-8.9520,28315.2021,NA,NA,NA
valheim.exe,8100,0x147123C9510,DXGI,1,0,0,Hardware: Independent Flip,28328.0178,19.0020,18.7903,0.2117,40.2502,3.3471,3.2655,0.0816,53.2749,20.8226,5.9142,28328.0178,NA,52.2642,NA
valheim.exe,8100,0x147123C9510,DXGI,1,0,0,Hardware: Independent Flip,28347.0198,25.4380,25.2669,0.1711,24.5953,30.3764,30.2408,0.1356,55.0955,34.8207,-1.8206,28347.0198,NA,49.0959,NA
valheim.exe,8100,0x147123C9510,DXGI,1,0,0,Hardware: Independent Flip,28372.4578,14.8590,14.6329,0.2261,29.5337,33.5830,33.5830,0.0000,64.4782,6.9510,-9.3827,28372.4578,NA,NA,NA
valheim.exe,8100,0x147123C9510,DXGI,1,0,0,Hardware: Independent Flip,28387.3168,11.0112,10.8313,0.1799,48.2577,2.3400,2.3400,0.0000,56.5702,6.9172,7.9080,28387.3168,NA,NA,NA
valheim.exe,8100,0x147123C9510,DXGI,1,0,0,Hardware: Independent Flip,28398.3280,18.5715,18.3829,0.1886,39.7101,3.0234,3.0234,0.0000,52.4762,34.7723,4.0940,28398.3280,NA,NA,NA
valheim.exe,8100,0x147123C9510,DXGI,1,0,0,Hardware: Independent Flip,28416.8995,37.3872,37.1856,0.2016,36.4373,32.0641,31.9848,0.0793,68.6770,6.9644,-16.2008,28416.8995,NA,NA,NA
valheim.exe,8100,0x147123C9510,DXGI,1,0,0,Hardware: Independent Flip,28454.2867,11.2426,11.0530,0.1896,31.1780,0.3360,0.2979,0.0381,38.2542,13.8670,30.4228,28454.2867,NA,NA,NA
valheim.exe,8100,0x147123C9510,DXGI,1,0,0,Hardware: Independent Flip,28465.5293,11.1041,10.8015,0.3026,20.3397,17.2257,17.2257,0.0000,40.8786,20.8191,-2.6244,28465.5293,NA,NA,NA
valheim.exe,8100,0x147123C9510,DXGI,1,0,0,Hardware: Independent Flip,28476.6334,25.0313,24.7769,0.2544,26.5657,20.2425,20.2425,0.0000,50.5936,34.7982,-9.7150,28476.6334,NA,NA,NA
valheim.exe,8100,0x147123C9510,DXGI,1,0,0,Hardware: Independent Flip,28501.6647,7.6369,7.4396,0.1973,21.7769,32.5180,32.4204,0.0976,60.3605,13.9354,-9.7669,28501.6647,NA,NA,NA
valheim.exe,8100,0x147123C9510,DXGI,1,0,0,Hardware: Independent Flip,28509.3016,13.4127,13.1877,0.2250,46.6580,17.5999,17.5999,0.0000,66.6590,6.9308,-6.2985,28509.3016,NA,NA,NA
valheim.exe,8100,0x147123C9510,DXGI,1,0,0,Hardware: Independent Flip,28522.7143,18.7940,18.6233,0.1707,50.9249,0.8087,0.7045,0.1042,60.1771,34.7502,6.4819,28522.7143,NA,NA,NA
valheim.exe,8100,0x147123C9510,DXGI,1,0,0,Hardware: Independent Flip,28541.5083,40.7307,40.5256,0.2051,32.9799,36.3774,31.7221,4.6553,76.1333,13.8754,-15.9562,28541.5083,NA,NA,NA
valheim.exe,8100,0x147123C9510,DXGI,1,0,0,Hardware: Independent Flip,28582.2390,8.2020,8.0097,0.1923,28.6917,19.8873,19.8539,0.0334,49.2780,6.9485,26.8553,28582.2390,NA,NA,NA
valheim.exe,8100,0x147123C9510,DXGI,1,0,0,Hardware: Independent Flip,28590.4410,10.6113,10.4302,0.1811,40.3770,4.2903,4.0921,0.1982,48.0245,27.8343,1.2535,28590.4410,NA,NA,NA
valheim.exe,8100,0x147123C9510,DXGI,1,0,0,Hardware: Independent Flip,28601.0523,34.7829,34.5812,0.2017,34.0560,30.7615,30.7182,0.0433,65.2475,20.8202,-17.2230,28601.0523,NA,NA,NA
valheim.exe,8100,0x147123C9510,DXGI,1,0,0,Hardware: Independent Flip,28635.8352,10.4598,10.1861,0.2737,30.0346,15.0655,15.0409,0.0246,51.2848,13.9589,13.9627,28635.8352,NA,NA,NA
valheim.exe,8100,0x147123C9510,DXGI,1,0,0,Hardware: Independent Flip,28646.2950,10.6700,10.4936,0.1764,34.7398,18.1745,18.1745,0.0000,54.7839,6.9029,-3.4991,28646.2950,NA,NA,NA
valheim.exe,8100,0x147123C9510,DXGI,1,0,0,Hardware: Independent Flip,28656.9650,26.6341,26.4373,0.1968,42.2443,0.2820,0.2518,0.0302,51.0168,27.8231,3.7671,28656.9650,NA,NA,NA
valheim.exe,8100,0x147123C9510,DXGI,1,0,0,Hardware: Independent Flip,28683.5991,18.3660,18.0222,0.3438,15.9110,35.0926,35.0046,0.0880,52.2058,20.8357,-1.1890,28683.5991,NA,NA,NA
valheim.exe,8100,0x147123C9510,DXGI,1,0,0,Hardware: Independent Flip,28701.9651,11.7631,11.5861,0.1770,32.6376,18.5940,18.5940,0.0000,54.6755,13.9182,-2.4697,28701.9651,NA,NA,NA
valheim.exe,8100,0x147123C9510,DXGI,1,0,0,Hardware: Independent Flip,28713.7282,10.5174,10.3740,0.1434,39.4685,17.1526,17.1526,0.0000,56.8306,6.9536,-2.1551,28713.7282,NA,NA,NA
valheim.exe,8100,0x147123C9510,DXGI,1,0,0,Hardware: Independent Flip,28724.2456,27.1224,26.5356,0.5868,46.1820,3.9889,3.9428,0.0461,53.2668,27.8127,3.5638,28724.2456,NA,NA,NA
valheim.exe,8100,0x147123C9510,DXGI,1,0,0,Hardware: Independent Flip,28751.3680,22.0954,21.8193,0.2761,23.0485,30.0875,30.0023,0.0852,53.9571,20.8719,-0.6903,28751.3680,NA,NA,NA
valheim.exe,8100,0x147123C9510,DXGI,1,0,0,Hardware: Independent Flip,28773.4634,13.4032,13.2156,0.1876,31.1231,19.5291,19.5291,0.0000,52.7336,6.9028,1.2235,28773.4634,NA,NA,NA
valheim.exe,8100,0x147123C9510,DXGI,1,0,0,Hardware: Independent Flip,28786.8666,10.7904,10.6178,0.1726,37.3331,4.5320,4.4639,0.0681,46.2332,27.8249,6.5004,28786.8666,NA,NA,NA
valheim.exe,8100,0x147123C9510,DXGI,1,0,0,Hardware: Independent Flip,28797.6570,31.6912,31.5314,0.1598,31.2009,30.9316,30.8219,0.1097,63.2677,20.8467,-17.0345,28797.6570,NA,NA,NA
valheim.exe,8100,0x147123C9510,DXGI,1,0,0,Hardware: Independent Flip,28829.3482,9.5092,9.3278,0.1814,30.4413,15.5435,15.4939,0.0496,52.4232,13.9079,10.8445,28829.3482,NA,NA,NA
valheim.exe,8100,0x147123C9510,DXGI,1,0,0,Hardware: Independent Flip,28838.8574,8.3367,8.1149,0.2218,36.4756,15.3867,15.3867,0.0000,56.8219,20.8407,-4.3987,28838.8574,NA,NA,NA
valheim.exe,8100,0x147123C9510,DXGI,1,0,0,Hardware: Independent Flip,28847.1941,28.7320,28.5036,0.2284,43.5256,21.1047,21.1047,0.0000,69.3259,13.9692,-12.5040,28847.1941,NA,NA,NA
valheim.exe,8100,0x147123C9510,DXGI,1,0,0,Hardware: Independent Flip,28875.9261,19.7291,19.5493,0.1798,35.8983,16.9359,16.8404,0.0955,54.5631,6.9040,14.7628,28875.9261,NA,NA,NA
valheim.exe,8100,0x147123C9510,DXGI,1,0,0,Hardware: Independent Flip,28895.6552,12.0559,11.9095,0.1464,33.1051,0.7017,0.5835,0.1182,41.7380,27.7888,12.8251,28895.6552,NA,NA,NA
valheim.exe,8100,0x147123C9510,DXGI,1,0,0,Hardware: Independent Flip,28907.7111,24.2925,24.0850,0.2075,21.8009,33.0369,32.9064,0.1305,57.4709,20.8671,-15.7329,28907.7111,NA,NA,NA
valheim.exe,8100,0x147123C9510,DXGI,1,0,0,Hardware: Independent Flip,28932.0036,14.5283,14.3589,0.1694,30.5453,18.7235,18.6655,0.0580,54.0455,13.9072,3.4254,28932.0036,NA,NA,NA
valheim.exe,8100,0x147123C9510,DXGI,1,0,0,Hardware: Independent Flip,28946.5319,9.7638,9.5891,0.1747,34.7405,17.5764,17.5535,0.0229,53.4244,6.9210,0.6211,28946.5319,NA,NA,NA
valheim.exe,8100,0x147123C9510,DXGI,1,0,0,Hardware: Independent Flip,28956.2957,25.1590,24.8958,0.2632,42.5531,3.5588,3.4765,0.0823,50.5816,20.8729,2.8428,28956.2957,NA,NA,NA
valheim.exe,8100,0x147123C9510,DXGI,1,0,0,Hardware: Independent Flip,28981.4547,29.9922,29.8355,0.1567,29.1361,14.9023,14.7640,0.1383,46.2955,27.8158,4.2861,28981.4547,NA,47.7408,NA
valheim.exe,8100,0x147123C9510,DXGI,1,0,0,Hardware: Independent Flip,29011.4469,23.1136,22.9545,0.1591,14.1113,24.0155,17.7762,6.2393,44.1191,20.8274,2.1764,29011.4469,NA,NA,NA
valheim.exe,8100,0x147123C9510,DXGI,1,0,0,Hardware: Independent Flip,29034.5605,19.5997,19.3878,0.2119,18.2862,16.6531,16.4909,0.1622,41.8329,13.9338,2.2862,29034.5605,NA,NA,NA
valheim.exe,8100,0x147123C9510,DXGI,1,0,0,Hardware: Independent Flip,29054.1602,18.8884,18.7158,0.1726,18.0695,16.9097,16.8029,0.1068,36.1670,20.8334,5.6659,29054.1602,NA,NA,NA
valheim.exe,8100,0x147123C9510,DXGI,1,0,0,Hardware: Independent Flip,29073.0486,16.9105,16.7125,0.1980,16.0908,16.0634,15.9182,0.1452,38.1120,20.8607,-1.9450,29073.0486,NA,31.1733,NA
valheim.exe,8100,0x147123C9510,DXGI,1,0,0,Hardware: Independent Flip,29089.9591,24.7459,24.5537,0.1922,23.9277,15.9163,15.6999,0.2164,42.0622,20.8606,-3.9502,29089.9591,NA,25.9404,NA
valheim.exe,8100,0x147123C9510,DXGI,1,0,0,Hardware: Independent Flip,29114.7050,19.4528,19.2918,0.1610,18.2200,15.3473,15.1898,0.1575,38.1769,13.9183,3.8853,29114.7050,NA,NA,NA
valheim.exe,8100,0x147123C9510,DXGI,1,0,0,Hardware: Independent Flip,29134.1578,17.4429,17.2217,0.2212,14.1145,17.1800,16.9549,0.2251,32.6424,20.8629,5.5345,29134.1578,NA,NA,NA
valheim.exe,8100,0x147123C9510,DXGI,1,0,0,Hardware: Independent Flip,29151.6007,17.2873,17.0984,0.1889,13.8516,17.0524,16.9207,0.1317,36.0624,20.7991,-3.4200,29151.6007,NA,20.6668,NA
valheim.exe,8100,0x147123C9510,DXGI,1,0,0,Hardware: Independent Flip,29168.8880,20.4991,20.2301,0.2690,13.6167,21.6375,18.0546,3.5829,39.5742,13.9193,-3.5118,29168.8880,NA,22.4458,NA
valheim.exe,8100,0x147123C9510,DXGI,1,0,0,Hardware: Independent Flip,29189.3871,15.0342,14.8945,0.1397,14.7551,17.0612,17.0375,0.0237,32.9944,20.8643,6.5798,29189.3871,NA,20.4040,NA
valheim.exe,8100,0x147123C9510,DXGI,1,0,0,Hardware: Independent Flip,29204.4213,15.9664,15.7998,0.1666,16.7821,20.9112,20.9112,0.0000,38.8245,34.7301,-5.8301,29204.4213,NA,NA,NA
valheim.exe,8100,0x147123C9510,DXGI,1,0,0,Hardware: Independent Flip,29220.3877,9.1212,8.9711,0.1501,21.7269,32.0789,32.0033,0.0756,57.5882,20.9273,-18.7637,29220.3877,NA,56.9988,NA
valheim.exe,8100,0x147123C9510,DXGI,1,0,0,Hardware: Independent Flip,29229.5089,17.6818,17.5090,0.1728,44.7462,17.6273,17.6139,0.0134,69.3943,6.9069,-11.8061,29229.5089,NA,NA,NA
valheim.exe,8100,0x147123C9510,DXGI,1,0,0,Hardware: Independent Flip,29247.1907,13.2340,13.1064,0.1276,44.6917,0.2533,0.2172,0.0361,58.6194,6.9347,10.7749,29247.1907,NA,NA,NA
valheim.exe,8100,0x147123C9510,DXGI,1,0,0,Hardware: Independent Flip,29260.4247,37.8323,37.6550,0.1773,31.7620,19.5726,17.6146,1.9580,52.3201,41.7152,6.2993,29260.4247,NA,35.7422,NA
valheim.exe,8100,0x147123C9510,DXGI,1,0,0,Hardware: Independent Flip,29298.2570,21.2369,21.0363,0.2006,13.5815,36.4924,31.7671,4.7253,56.2030,13.8738,-3.8829,29298.2570,NA,37.4997,NA
valheim.exe,8100,0x147123C9510,DXGI,1,0,0,Hardware: Independent Flip,29319.4939,12.4717,12.3256,0.1461,28.8370,19.5031,19.5031,0.0000,48.8399,6.9625,7.3631,29319.4939,NA,40.3821,NA
valheim.exe,8100,0x147123C9510,DXGI,1,0,0,Hardware: Independent Flip,29331.9656,11.0314,10.9032,0.1282,35.8684,3.7293,3.5663,0.1630,43.3307,20.8605,5.5092,29331.9656,NA,NA,NA
valheim.exe,8100,0x147123C9510,DXGI,1,0,0,Hardware: Independent Flip,29342.9970,33.6191,33.4071,0.2120,32.5199,17.9677,17.8807,0.0870,53.1598,20.8750,-9.8291,29342.9970,NA,26.1537,NA
valheim.exe,8100,0x147123C9510,DXGI,1,0,0,Hardware: Independent Flip,29376.6161,23.5004,23.2843,0.2161,22.0757,15.0712,14.8769,0.1943,40.4157,20.8353,12.7441,29376.6161,NA,39.0193,NA
valheim.exe,8100,0x147123C9510,DXGI,1,0,0,Hardware: Independent Flip,29400.1165,19.1622,18.9479,0.2143,13.7827,19.2250,17.2782,1.9468,37.7506,20.8445,2.6651,29400.1165,NA,22.8591,NA
valheim.exe,8100,0x147123C9510,DXGI,1,0,0,Hardware: Independent Flip,29419.2787,20.0801,19.8939,0.1862,13.8455,20.5284,17.6612,2.8672,39.4329,41.7257,-1.6823,29419.2787,NA,20.7098,NA
valheim.exe,8100,0x147123C9510,DXGI,1,0,0,Hardware: Independent Flip,29439.3588,24.7965,24.6231,0.1734,14.2938,40.0680,32.6065,7.4615,61.0785,13.9309,-21.6456,29439.3588,NA,37.4653,NA
valheim.exe,8100,0x147123C9510,DXGI,1,0,0,Hardware: Independent Flip,29464.1553,12.3254,12.1770,0.1484,29.6490,19.0065,19.0065,0.0000,50.2129,6.9274,10.8656,29464.1553,NA,40.3829,NA
valheim.exe,8100,0x147123C9510,DXGI,1,0,0,Hardware: Independent Flip,29476.4807,14.2915,14.1358,0.1557,36.4025,3.5434,3.4540,0.0894,44.8149,34.7447,5.3980,29476.4807,NA,NA,NA
valheim.exe,8100,0x147123C9510,DXGI,1,0,0,Hardware: Independent Flip,29490.7722,29.8674,29.6959,0.1715,28.6241,33.1514,33.0661,0.0853,65.2681,6.9482,-20.4532,29490.7722,NA,38.0771,NA
valheim.exe,8100,0x147123C9510,DXGI,1,0,0,Hardware: Independent Flip,29520.6396,13.2338,13.0592,0.1746,31.9081,0.6729,0.6467,0.0262,42.3489,13.9009,22.9192,29520.6396,NA,31.0215,NA
valheim.exe,8100,0x147123C9510,DXGI,1,0,0,Hardware: Independent Flip,29533.8734,13.0954,12.9468,0.1486,19.3472,19.1613,19.1160,0.0453,43.0160,34.7408,-0.6671,29533.8734,NA,NA,NA
valheim.exe,8100,0x147123C9510,DXGI,1,0,0,Hardware: Independent Flip,29546.9688,29.9621,29.7438,0.2183,28.6583,33.1983,33.0777,0.1206,64.6614,20.9157,-21.6454,29546.9688,NA,40.6370,NA
valheim.exe,8100,0x147123C9510,DXGI,1,0,0,Hardware: Independent Flip,29576.9309,10.3990,10.2077,0.1913,31.8945,18.1032,18.0353,0.0679,55.6150,6.9012,9.0464,29576.9309,NA,47.5356,NA
valheim.exe,8100,0x147123C9510,DXGI,1,0,0,Hardware: Independent Flip,29587.3299,14.2624,14.1237,0.1387,39.5987,4.1855,4.0110,0.1745,52.1172,13.9227,3.4978,29587.3299,NA,NA,NA
valheim.exe,8100,0x147123C9510,DXGI,1,0,0,Hardware: Independent Flip,29601.5923,29.4700,29.2631,0.2069,29.5218,15.2188,15.0922,0.1266,51.7775,13.8866,0.3397,29601.5923,NA,42.3609,NA
valheim.exe,8100,0x147123C9510,DXGI,1,0,0,Hardware: Independent Flip,29631.0623,20.7694,20.5461,0.2233,15.4416,19.2576,18.0030,1.2546,36.1941,34.7486,15.5834,29631.0623,NA,20.2828,NA
valheim.exe,8100,0x147123C9510,DXGI,1,0,0,Hardware: Independent Flip,29651.8317,16.8202,16.6032,0.2170,13.9298,32.2623,32.2044,0.0579,50.1733,13.9383,-13.9792,29651.8317,NA,39.0446,NA
valheim.exe,8100,0x147123C9510,DXGI,1,0,0,Hardware: Independent Flip,29668.6519,14.7368,14.5276,0.2092,29.4629,15.7185,15.7185,0.0000,47.2914,6.9259,2.8819,29668.6519,NA,40.9430,NA
valheim.exe,8100,0x147123C9510,DXGI,1,0,0,Hardware: Independent Flip,29683.3887,12.3706,12.1813,0.1893,30.4446,7.9662,7.8690,0.0972,39.4805,27.8004,7.8109,29683.3887,NA,NA,NA
valheim.exe,8100,0x147123C9510,DXGI,1,0,0,Hardware: Independent Flip,29695.7593,34.9957,34.7393,0.2564,34.0300,17.8417,17.6476,0.1941,54.9103,13.9124,-15.4298,29695.7593,NA,22.6703,NA
valheim.exe,8100,0x147123C9510,DXGI,1,0,0,Hardware: Independent Flip,29730.7550,16.2515,16.0473,0.2042,16.8760,15.1509,15.0032,0.1477,33.8270,34.7808,21.0833,29730.7550,NA,21.6123,NA
valheim.exe,8100,0x147123C9510,DXGI,1,0,0,Hardware: Independent Flip,29747.0065,18.3828,18.1474,0.2354,15.8457,32.7064,32.6224,0.0840,52.3563,20.8732,-18.5293,29747.0065,NA,37.3871,NA
valheim.exe,8100,0x147123C9510,DXGI,1,0,0,Hardware: Independent Flip,29765.3893,13.9305,13.7503,0.1802,30.1693,18.4384,18.3918,0.0466,54.8467,6.8816,-2.4904,29765.3893,NA,45.2817,NA
valheim.exe,8100,0x147123C9510,DXGI,1,0,0,Hardware: Independent Flip,29779.3198,13.1528,12.9579,0.1949,34.6772,3.9960,3.9503,0.0457,47.7978,13.9335,7.0489,29779.3198,NA,NA,NA
valheim.exe,8100,0x147123C9510,DXGI,1,0,0,Hardware: Independent Flip,29792.4726,29.6861,29.5044,0.1817,27.7983,17.4936,17.3477,0.1459,48.5785,13.9076,-0.7807,29792.4726,NA,20.0807,NA
valheim.exe,8100,0x147123C9510,DXGI,1,0,0,Hardware: Independent Flip,29822.1587,17.7537,17.5629,0.1908,15.8025,15.8782,15.7557,0.1225,32.8000,27.7879,15.7785,29822.1587,NA,22.9723,NA
valheim.exe,8100,0x147123C9510,DXGI,1,0,0,Hardware: Independent Flip,29839.9124,25.6889,25.4817,0.2072,13.9270,24.9783,16.1913,8.7870,42.8342,34.7489,-10.0342,29839.9124,NA,22.7755,NA
valheim.exe,8100,0x147123C9510,DXGI,1,0,0,Hardware: Independent Flip,29865.6013,15.6049,15.4013,0.2036,13.2745,31.9461,31.8499,0.0962,51.8942,13.9537,-9.0600,29865.6013,NA,40.5260,NA
valheim.exe,8100,0x147123C9510,DXGI,1,0,0,Hardware: Independent Flip,29881.2062,13.0754,12.9375,0.1379,29.6829,18.7210,18.6525,0.0685,50.2430,6.9222,1.6512,29881.2062,NA,38.4914,NA
valheim.exe,8100,0x147123C9510,DXGI,1,0,0,Hardware: Independent Flip,29894.2816,12.6554,12.5087,0.1467,35.3285,4.0885,3.9636,0.1249,44.0898,13.8672,6.1532,29894.2816,NA,NA,NA
valheim.exe,8100,0x147123C9510,DXGI,1,0,0,Hardware: Independent Flip,29906.9370,29.2597,29.0676,0.1921,27.8986,17.1148,17.0104,0.1044,45.3016,34.7881,-1.2118,29906.9370,NA,25.2244,NA
valheim.exe,8100,0x147123C9510,DXGI,1,0,0,Hardware: Independent Flip,29936.1967,15.6995,15.4950,0.2045,15.7537,29.7922,29.6980,0.0942,50.8300,13.9230,-5.5284,29936.1967,NA,NA,NA
valheim.exe,8100,0x147123C9510,DXGI,1,0,0,Hardware: Independent Flip,29951.8962,14.5376,14.3400,0.1976,29.8464,18.9334,18.8996,0.0338,49.0535,6.9416,1.7765,29951.8962,NA,NA,NA
valheim.exe,8100,0x147123C9510,DXGI,1,0,0,Hardware: Independent Flip,29966.4338,17.8930,17.6081,0.2849,34.2422,4.1925,4.0283,0.1642,41.4575,34.7214,7.5960,29966.4338,NA,NA,NA
valheim.exe,8100,0x147123C9510,DXGI,1,0,0,Hardware: Independent Flip,29984.3268,21.4057,21.2044,0.2013,20.5417,31.1939,31.0849,0.1090,58.2859,13.9833,-16.8284,29984.3268,NA,NA,NA
valheim.exe,8100,0x147123C9510,DXGI,1,0,0,Hardware: Independent Flip,30005.7325,13.3644,13.1871,0.1773,30.3299,15.3397,15.3397,0.0000,50.8635,6.9033,7.4224,30005.7325,NA,NA,NA
valheim.exe,8100,0x147123C9510,DXGI,1,0,0,Hardware: Independent Flip,30019.0969,14.4492,14.2766,0.1726,32.3834,4.7497,4.6284,0.1213,44.4024,34.7321,6.4611,30019.0969,NA,NA,NA
valheim.exe,8100,0x147123C9510,DXGI,1,0,0,Hardware: Independent Flip,30033.5461,30.8649,30.6053,0.2596,29.6751,32.2432,32.1107,0.1325,64.6853,20.9157,-20.2829,30033.5461,NA,NA,NA
valheim.exe,8100,0x147123C9510,DXGI,1,0,0,Hardware: Independent Flip,30064.4110,12.1163,11.9086,0.2077,31.0534,16.6240,16.5977,0.0263,54.7361,6.8629,9.9492,30064.4110,NA,55.8112,NA
valheim.exe,8100,0x147123C9510,DXGI,1,0,0,Hardware: Independent Flip,30076.5273,15.2660,15.0641,0.2019,35.6416,3.6945,3.5755,0.1190,49.4827,13.9411,5.2534,30076.5273,NA,NA,NA
valheim.exe,8100,0x147123C9510,DXGI,1,0,0,Hardware: Independent Flip,30091.7933,29.5384,29.3712,0.1672,27.8714,17.1843,17.0977,0.0866,48.1578,20.8147,1.3249,30091.7933,NA,45.1781,NA
valheim.exe,8100,0x147123C9510,DXGI,1,0,0,Hardware: Independent Flip,30121.3317,15.8927,15.6470,0.2457,15.6108,17.0701,16.9636,0.1065,39.4341,27.8257,8.7237,30121.3317,NA,35.0870,NA
valheim.exe,8100,0x147123C9510,DXGI,1,0,0,Hardware: Independent Flip,30137.2244,16.3055,16.0636,0.2419,16.7882,32.3569,32.2922,0.0647,51.3671,20.8733,-11.9330,30137.2244,NA,NA,NA
valheim.exe,8100,0x147123C9510,DXGI,1,0,0,Hardware: Independent Flip,30153.5299,10.9989,10.8491,0.1498,32.8396,16.3401,16.3334,0.0067,55.9349,6.9292,-4.5678,30153.5299,NA,52.4453,NA
valheim.exe,8100,0x147123C9510,DXGI,1,0,0,Hardware: Independent Flip,30164.5288,14.4858,14.3348,0.1510,38.1808,4.1838,4.0904,0.0934,51.8652,13.9089,4.0697,30164.5288,NA,NA,NA
valheim.exe,8100,0x147123C9510,DXGI,1,0,0,Hardware: Independent Flip,30179.0146,31.0359,30.7532,0.2827,29.5081,15.6249,15.4318,0.1931,51.2883,13.9564,0.5769,30179.0146,NA,42.4241,NA
valheim.exe,8100,0x147123C9510,DXGI,1,0,0,Hardware: Independent Flip,30210.0505,16.1791,15.9935,0.1856,14.1950,17.9943,17.8537,0.1406,34.2088,34.6976,17.0795,30210.0505,NA,25.1473,NA
valheim.exe,8100,0x147123C9510,DXGI,1,0,0,Hardware: Independent Flip,30226.2296,16.7329,16.5594,0.1735,16.0102,33.1283,33.1283,0.0000,52.7273,13.8823,-18.5185,30226.2296,NA,NA,NA
valheim.exe,8100,0x147123C9510,DXGI,1,0,0,Hardware: Independent Flip,30242.9625,11.7817,11.6084,0.1733,32.5243,17.2453,17.2375,0.0078,49.8767,7.0004,2.8506,30242.9625,NA,42.8364,NA
valheim.exe,8100,0x147123C9510,DXGI,1,0,0,Hardware: Independent Flip,30254.7442,13.1412,12.9827,0.1585,37.9879,3.5355,3.4372,0.0983,45.0954,20.8454,4.7813,30254.7442,NA,NA,NA
valheim.exe,8100,0x147123C9510,DXGI,1,0,0,Hardware: Independent Flip,30267.8854,32.4307,32.2085,0.2222,30.8790,14.9231,14.7704,0.1527,52.7996,13.9060,-7.7042,30267.8854,NA,NA,NA
valheim.exe,8100,0x147123C9510,DXGI,1,0,0,Hardware: Independent Flip,30300.3161,18.0469,17.8626,0.1843,13.4764,18.4133,17.8824,0.5309,34.2749,20.8588,18.5247,30300.3161,NA,38.5542,NA
valheim.exe,8100,0x147123C9510,DXGI,1,0,0,Hardware: Independent Flip,30318.3630,18.6693,18.4702,0.1991,13.8428,18.9426,17.8693,1.0733,37.0868,27.7549,-2.8119,30318.3630,NA,27.9463,NA
valheim.exe,8100,0x147123C9510,DXGI,1,0,0,Hardware: Independent Flip,30337.0323,16.1848,15.9590,0.2258,14.1161,31.7842,31.7137,0.0705,46.1724,20.8822,-9.0856,30337.0323,NA,NA,NA
valheim.exe,8100,0x147123C9510,DXGI,1,0,0,Hardware: Independent Flip,30353.2171,13.0613,12.9140,0.1473,29.7155,18.6520,18.6520,0.0000,50.8698,20.8505,-4.6974,30353.2171,NA,46.4977,NA
valheim.exe,8100,0x147123C9510,DXGI,1,0,0,Hardware: Independent Flip,30366.2784,12.5351,12.4042,0.1309,35.3062,16.8846,16.8791,0.0055,58.6590,13.9640,-7.7892,30366.2784,NA,NA,NA
valheim.exe,8100,0x147123C9510,DXGI,1,0,0,Hardware: Independent Flip,30378.8135,20.4047,20.2600,0.1447,39.6557,17.5068,17.5068,0.0000,60.0879,6.9235,-1.4289,30378.8135,NA,NA,NA
valheim.exe,8100,0x147123C9510,DXGI,1,0,0,Hardware: Independent Flip,30399.2182,21.0663,20.8343,0.2320,36.7578,0.8039,0.6653,0.1386,46.6067,13.8724,13.4812,30399.2182,NA,57.8204,NA
valheim.exe,8100,0x147123C9510,DXGI,1,0,0,Hardware: Independent Flip,30420.2845,24.0511,23.8722,0.1789,16.5593,21.9939,16.8945,5.0994,39.4128,34.7878,7.1939,30420.2845,NA,40.3805,NA
valheim.exe,8100,0x147123C9510,DXGI,1,0,0,Hardware: Independent Flip,30444.3356,15.3249,15.1550,0.1699,14.5021,33.5688,33.5688,0.0000,50.1495,20.8421,-10.7367,30444.3356,NA,43.8991,NA
valheim.exe,8100,0x147123C9510,DXGI,1,0,0,Hardware: Independent Flip,30459.6605,13.0293,12.8228,0.2065,32.8180,16.6415,16.6415,0.0000,55.6667,6.9331,-5.5172,30459.6605,NA,NA,NA
valheim.exe,8100,0x147123C9510,DXGI,1,0,0,Hardware: Independent Flip,30472.6898,16.2081,16.0558,0.1523,36.5453,4.1839,4.1270,0.0569,49.5705,13.9100,6.0962,30472.6898,NA,NA,NA
valheim.exe,8100,0x147123C9510,DXGI,1,0,0,Hardware: Independent Flip,30488.8979,27.4362,27.2619,0.1743,25.8067,16.9530,16.8043,0.1487,47.2724,34.7655,2.2981,30488.8979,NA,54.9562,NA
valheim.exe,8100,0x147123C9510,DXGI,1,0,0,Hardware: Independent Flip,30516.3341,19.3440,19.1380,0.2060,18.0745,31.6404,31.5408,0.0996,54.6017,6.9320,-7.3293,30516.3341,NA,44.0804,NA
valheim.exe,8100,0x147123C9510,DXGI,1,0,0,Hardware: Independent Flip,30535.6781,13.3190,13.1289,0.1901,30.4554,2.3299,2.3152,0.0147,42.1897,6.9414,12.4120,30535.6781,NA,NA,NA
valheim.exe,8100,0x147123C9510,DXGI,1,0,0,Hardware: Independent Flip,30548.9971,11.4145,11.2736,0.1409,19.4663,16.1764,16.1458,0.0306,35.8121,27.7965,6.3776,30548.9971,NA,NA,NA
valheim.exe,8100,0x147123C9510,DXGI,1,0,0,Hardware: Independent Flip,30560.4116,34.8787,34.7030,0.1757,33.5115,16.7649,16.5576,0.2073,52.1941,13.9137,-16.3820,30560.4116,NA,23.7755,NA
valheim.exe,8100,0x147123C9510,DXGI,1,0,0,Hardware: Independent Flip,30595.2903,17.6530,17.3619,0.2911,15.8569,15.0640,14.9068,0.1572,31.2291,27.8103,20.9650,30595.2903,NA,NA,NA
valheim.exe,8100,0x147123C9510,DXGI,1,0,0,Hardware: Independent Flip,30612.9433,22.1077,21.9435,0.1642,13.2679,22.8554,16.6859,6.1695,41.3864,27.8161,-10.1573,30612.9433,NA,34.2239,NA
valheim.exe,8100,0x147123C9510,DXGI,1,0,0,Hardware: Independent Flip,30635.0510,16.2238,16.0517,0.1721,14.0156,26.8490,26.8219,0.0271,47.0948,27.7638,-5.7084,30635.0510,NA,NA,NA
valheim.exe,8100,0x147123C9510,DXGI,1,0,0,Hardware: Independent Flip,30651.2748,14.3726,14.1674,0.2052,24.7637,27.4594,27.4594,0.0000,58.6348,7.0057,-11.5400,30651.2748,NA,57.9567,NA
valheim.exe,8100,0x147123C9510,DXGI,1,0,0,Hardware: Independent Flip,30665.6474,14.1385,13.9481,0.1904,37.9319,12.9398,12.9000,0.0398,51.2679,13.8911,7.3669,30665.6474,NA,NA,NA
valheim.exe,8100,0x147123C9510,DXGI,1,0,0,Hardware: Independent Flip,30679.7859,23.6519,23.4649,0.1870,36.7332,7.8587,7.7817,0.0770,51.0205,20.8343,0.2474,30679.7859,NA,NA,NA
valheim.exe,8100,0x147123C9510,DXGI,1,0,0,Hardware: Independent Flip,30703.4378,26.3927,26.1854,0.2073,24.4633,17.0674,16.9009,0.1665,48.2029,34.7369,2.8176,30703.4378,NA,37.7235,NA
valheim.exe,8100,0x147123C9510,DXGI,1,0,0,Hardware: Independent Flip,30729.8305,18.4768,18.2762,0.2006,15.2626,35.5462,35.4646,0.0816,56.5471,6.9819,-8.3442,30729.8305,NA,NA,NA
valheim.exe,8100,0x147123C9510,DXGI,1,0,0,Hardware: Independent Flip,30748.3073,11.8928,11.7141,0.1787,32.3320,12.3156,12.2959,0.0197,45.0522,13.9044,11.4949,30748.3073,NA,48.4717,NA
valheim.exe,8100,0x147123C9510,DXGI,1,0,0,Hardware: Independent Flip,30760.2001,16.1739,15.9746,0.1993,32.7548,7.9948,7.9316,0.0632,47.0638,20.8473,-2.0116,30760.2001,NA,NA,NA
valheim.exe,8100,0x147123C9510,DXGI,1,0,0,Hardware: Independent Flip,30776.3740,30.4614,30.2405,0.2209,29.5084,17.0189,16.8601,0.1588,51.7372,27.7673,-4.6734,30776.3740,NA,36.6133,NA
valheim.exe,8100,0x147123C9510,DXGI,1,0,0,Hardware: Independent Flip,30806.8354,14.5111,14.2411,0.2700,16.0659,29.5088,29.4445,0.0643,49.0431,20.8747,2.6941,30806.8354,NA,NA,NA
valheim.exe,8100,0x147123C9510,DXGI,1,0,0,Hardware: Independent Flip,30821.3465,11.4049,11.2197,0.1852,31.0636,19.6173,19.6173,0.0000,55.4067,13.9723,-6.3636,30821.3465,NA,53.5417,NA
valheim.exe,8100,0x147123C9510,DXGI,1,0,0,Hardware: Independent Flip,30832.7514,13.3167,13.1679,0.1488,39.2760,16.9395,16.9395,0.0000,57.9741,6.8869,-2.5674,30832.7514,NA,NA,NA
valheim.exe,8100,0x147123C9510,DXGI,1,0,0,Hardware: Independent Flip,30846.0681,21.8170,21.6432,0.1738,42.8988,4.1557,4.0962,0.0595,51.5443,27.8103,6.4298,30846.0681,NA,44.0644,NA
valheim.exe,8100,0x147123C9510,DXGI,1,0,0,Hardware: Independent Flip,30867.8851,27.2595,27.1115,0.1480,25.9196,29.4791,29.3988,0.0803,57.5376,20.8302,-5.9933,30867.8851,NA,40.8009,NA
valheim.exe,8100,0x147123C9510,DXGI,1,0,0,Hardware: Independent Flip,30895.1446,10.0465,9.8335,0.2130,28.1392,18.8335,18.8335,0.0000,51.1083,13.9211,6.4293,30895.1446,NA,NA,NA
valheim.exe,8100,0x147123C9510,DXGI,1,0,0,Hardware: Independent Flip,30905.1911,10.4176,10.2736,0.1440,36.9262,17.4629,17.4481,0.0148,54.9829,6.9383,-3.8746,30905.1911,NA,NA,NA
valheim.exe,8100,0x147123C9510,DXGI,1,0,0,Hardware: Independent Flip,30915.6087,27.3284,27.1130,0.2154,43.9715,3.9879,3.8917,0.0962,51.5036,27.8497,3.4793,30915.6087,NA,50.1152,NA
valheim.exe,8100,0x147123C9510,DXGI,1,0,0,Hardware: Independent Flip,30942.9371,23.3347,23.1546,0.1801,20.6310,30.1506,30.0417,0.1089,52.0249,20.7999,-0.5213,30942.9371,NA,49.9991,NA
valheim.exe,8100,0x147123C9510,DXGI,1,0,0,Hardware: Independent Flip,30966.2718,10.1496,9.9829,0.1667,27.4469,19.8337,19.6321,0.2016,49.4901,20.8915,2.5348,30966.2718,NA,50.7777,NA
valheim.exe,8100,0x147123C9510,DXGI,1,0,0,Hardware: Independent Flip,30976.4214,14.7417,14.5669,0.1748,37.1310,18.4244,18.3466,0.0778,60.2320,13.9718,-10.7419,30976.4214,NA,NA,NA
valheim.exe,8100,0x147123C9510,DXGI,1,0,0,Hardware: Independent Flip,30991.1631,23.7112,23.4896,0.2216,40.8137,17.3629,17.3094,0.0535,59.4621,6.8570,0.7699,30991.1631,NA,58.6221,NA
valheim.exe,8100,0x147123C9510,DXGI,1,0,0,Hardware: Independent Flip,31014.8743,17.4635,17.1449,0.3186,34.4654,0.7550,0.6384,0.1166,42.6079,34.7425,16.8542,31014.8743,NA,45.4443,NA
valheim.exe,8100,0x147123C9510,DXGI,1,0,0,Hardware: Independent Flip,31032.3378,24.7024,24.4645,0.2379,17.7819,36.1753,33.1973,2.9780,59.8869,13.9148,-17.2790,31032.3378,NA,39.2582,NA
valheim.exe,8100,0x147123C9510,DXGI,1,0,0,Hardware: Independent Flip,31057.0402,13.2930,13.0920,0.2010,29.2548,19.3552,19.3552,0.0000,49.0993,6.9848,10.7876,31057.0402,NA,40.1367,NA
valheim.exe,8100,0x147123C9510,DXGI,1,0,0,Hardware: Independent Flip,31070.3332,10.9791,10.8499,0.1292,35.4349,3.9405,3.7933,0.1472,42.7911,13.8762,6.3082,31070.3332,NA,NA,NA
valheim.exe,8100,0x147123C9510,DXGI,1,0,0,Hardware: Independent Flip,31081.3123,30.7048,30.5283,0.1765,29.1803,15.9762,15.8587,0.1175,45.6882,34.7284,-2.8971,31081.3123,NA,17.0262,NA
valheim.exe,8100,0x147123C9510,DXGI,1,0,0,Hardware: Independent Flip,31112.0171,13.8427,13.6391,0.2036,14.5397,28.9217,28.7995,0.1222,49.7118,13.9294,-4.0236,31112.0171,NA,38.7657,NA
valheim.exe,8100,0x147123C9510,DXGI,1,0,0,Hardware: Independent Flip,31125.8598,12.1946,11.9773,0.2173,29.6187,14.5142,14.5142,0.0000,49.7985,6.9828,-0.0867,31125.8598,NA,39.6579,NA
valheim.exe,8100,0x147123C9510,DXGI,1,0,0,Hardware: Independent Flip,31138.0544,14.4432,14.2722,0.1710,31.9383,7.2916,7.1224,0.1692,44.5867,13.8636,5.2118,31138.0544,NA,NA,NA
valheim.exe,8100,0x147123C9510,DXGI,1,0,0,Hardware: Independent Flip,31152.4976,28.0661,27.8776,0.1885,27.1790,16.1658,15.9389,0.2269,44.0071,34.7807,0.5796,31152.4976,NA,18.5480,NA
valheim.exe,8100,0x147123C9510,DXGI,1,0,0,Hardware: Independent Flip,31180.5637,19.0380,18.7629,0.2751,16.5147,27.8264,27.7043,0.1221,50.7217,13.9464,-6.7146,31180.5637,NA,36.3187,NA
valheim.exe,8100,0x147123C9510,DXGI,1,0,0,Hardware: Independent Flip,31199.6017,10.3504,10.1624,0.1880,25.3031,16.9439,16.9439,0.0000,45.6301,6.9054,5.0916,31199.6017,NA,37.2687,NA
valheim.exe,8100,0x147123C9510,DXGI,1,0,0,Hardware: Independent Flip,31209.9521,13.5090,13.3455,0.1635,31.8966,3.2562,3.0954,0.1608,42.1851,20.8561,3.4450,31209.9521,NA,NA,NA
valheim.exe,8100,0x147123C9510,DXGI,1,0,0,Hardware: Independent Flip,31223.4611,28.7211,28.5212,0.1999,27.5692,15.4979,15.3615,0.1364,49.5322,13.8875,-7.3471,31223.4611,NA,23.0255,NA
valheim.exe,8100,0x147123C9510,DXGI,1,0,0,Hardware: Independent Flip,31252.1822,19.2313,18.9519,0.2794,17.5220,13.2036,13.0867,0.1169,34.6986,20.9264,14.8336,31252.1822,NA,16.9122,NA
valheim.exe,8100,0x147123C9510,DXGI,1,0,0,Hardware: Independent Flip,31271.4135,20.5416,20.3576,0.1840,11.4943,21.4652,14.7005,6.7647,36.3937,20.7822,-1.6951,31271.4135,NA,16.8236,NA
valheim.exe,8100,0x147123C9510,DXGI,1,0,0,Hardware: Independent Flip,31291.9551,13.7413,13.5430,0.1983,12.4179,17.2078,17.1230,0.0848,36.6343,27.8777,-0.2406,31291.9551,NA,25.6384,NA
valheim.exe,8100,0x147123C9510,DXGI,1,0,0,Hardware: Independent Flip,31305.6964,19.3241,19.0907,0.2334,16.9368,27.4389,27.4068,0.0321,50.7707,6.8613,-14.1364,31305.6964,NA,35.5121,NA
valheim.exe,8100,0x147123C9510,DXGI,1,0,0,Hardware: Independent Flip,31325.0205,9.9261,9.6782,0.2479,25.1406,3.1950,3.1218,0.0732,38.3079,6.9663,12.4628,31325.0205,NA,31.3720,NA
valheim.exe,8100,0x147123C9510,DXGI,1,0,0,Hardware: Independent Flip,31334.9466,15.2390,14.9693,0.2697,18.4095,13.6031,13.5289,0.0742,35.3481,27.8259,2.9598,31334.9466,NA,NA,NA
valheim.exe,8100,0x147123C9510,DXGI,1,0,0,Hardware: Independent Flip,31350.1856,29.3240,29.1569,0.1671,16.7736,24.2840,14.8189,9.4651,47.9350,13.8958,-12.5869,31350.1856,NA,39.1244,NA
valheim.exe,8100,0x147123C9510,DXGI,1,0,0,Hardware: Independent Flip,31379.5096,14.4226,14.2306,0.1920,11.8134,15.8623,15.8001,0.0622,32.5068,13.8820,15.4282,31379.5096,NA,NA,NA
valheim.exe,8100,0x147123C9510,DXGI,1,0,0,Hardware: Independent Flip,31393.9322,17.2660,17.0565,0.2095,13.3686,15.3273,14.7438,0.5835,31.9662,27.8445,0.5406,31393.9322,NA,NA,NA
valheim.exe,8100,0x147123C9510,DXGI,1,0,0,Hardware: Independent Flip,31411.1982,12.5714,12.3625,0.2089,11.5065,27.6413,27.6413,0.0000,42.5447,6.9280,-10.5785,31411.1982,NA,32.7768,NA
valheim.exe,8100,0x147123C9510,DXGI,1,0,0,Hardware: Independent Flip,31423.7696,9.7412,9.5509,0.1903,26.5764,3.5531,3.4537,0.0994,36.9013,13.8980,5.6434,31423.7696,NA,28.6587,NA
valheim.exe,8100,0x147123C9510,DXGI,1,0,0,Hardware: Independent Flip,31433.5108,19.1334,18.9219,0.2115,20.3883,15.1426,14.9859,0.1567,41.0581,13.8843,-4.1568,31433.5108,NA,NA,NA
valheim.exe,8100,0x147123C9510,DXGI,1,0,0,Hardware: Independent Flip,31452.6442,19.9903,19.7828,0.2075,18.9370,12.0433,11.9484,0.0949,35.8090,27.7995,5.2491,31452.6442,NA,22.4526,NA
valheim.exe,8100,0x147123C9510,DXGI,1,0,0,Hardware: Independent Flip,31472.6345,16.0063,15.6858,0.3205,10.9900,26.8288,24.9678,1.8610,43.6182,13.9617,-7.8092,31472.6345,NA,NA,NA
valheim.exe,8100,0x147123C9510,DXGI,1,0,0,Hardware: Independent Flip,31488.6408,9.8947,9.7456,0.1491,21.8125,15.7647,15.7313,0.0334,41.5736,6.9310,2.0446,31488.6408,NA,NA,NA
valheim.exe,8100,0x147123C9510,DXGI,1,0,0,Hardware: Independent Flip,31498.5355,7.1204,6.9717,0.1487,27.6825,2.9142,2.8325,0.0817,38.6099,13.9111,2.9637,31498.5355,NA,NA,NA
valheim.exe,8100,0x147123C9510,DXGI,1,0,0,Hardware: Independent Flip,31505.6559,29.0015,28.8266,0.1749,28.0330,13.9063,13.7533,0.1530,45.4006,20.8223,-6.7907,31505.6559,NA,42.0612,NA
valheim.exe,8100,0x147123C9510,DXGI,1,0,0,Hardware: Independent Flip,31534.6574,11.6976,11.4164,0.2812,12.9378,22.9390,22.9390,0.0000,37.2214,13.8810,8.1792,31534.6574,NA,NA,NA
valheim.exe,8100,0x147123C9510,DXGI,1,0,0,Hardware: Independent Flip,31546.3550,9.8531,9.7038,0.1493,24.1792,15.1078,15.1078,0.0000,39.4048,13.9350,-2.1834,31546.3550,NA,NA,NA
valheim.exe,8100,0x147123C9510,DXGI,1,0,0,Hardware: Independent Flip,31556.2081,8.0686,7.9247,0.1439,29.4925,13.2024,13.1603,0.0421,43.4867,13.8979,-4.0819,31556.2081,NA,NA,NA
valheim.exe,8100,0x147123C9510,DXGI,1,0,0,Hardware: Independent Flip,31564.2767,20.6888,20.4818,0.2070,34.6263,12.8883,12.8538,0.0345,49.3160,13.9142,-5.8293,31564.2767,NA,NA,NA
valheim.exe,8100,0x147123C9510,DXGI,1,0,0,Hardware: Independent Flip,31584.9655,14.6111,14.3985,0.2126,26.9043,13.5470,13.5289,0.0181,42.5414,6.9454,6.7746,31584.9655,NA,NA,NA
valheim.exe,8100,0x147123C9510,DXGI,1,0,0,Hardware: Independent Flip,31599.5766,13.6117,13.4064,0.2053,25.8402,0.6483,0.6045,0.0438,34.8757,6.9153,7.6657,31599.5766,NA,NA,NA
valheim.exe,8100,0x147123C9510,DXGI,1,0,0,Hardware: Independent Flip,31613.1883,13.5785,13.3784,0.2001,12.9161,13.3368,13.3368,0.0000,28.1793,20.8671,6.6964,31613.1883,NA,NA,NA
valheim.exe,8100,0x147123C9510,DXGI,1,0,0,Hardware: Independent Flip,31626.7668,14.2408,14.0912,0.1496,13.0229,22.2107,22.1249,0.0858,35.4679,20.8617,-7.2886,31626.7668,NA,NA,NA
valheim.exe,8100,0x147123C9510,DXGI,1,0,0,Hardware: Independent Flip,31641.0076,7.7179,7.5406,0.1773,21.0651,15.6670,15.6670,0.0000,42.0888,6.9579,-6.6209,31641.0076,NA,NA,NA
valheim.exe,8100,0x147123C9510,DXGI,1,0,0,Hardware: Independent Flip,31648.7255,9.1807,9.0434,0.1373,29.0142,11.2968,11.2688,0.0280,41.3288,6.9891,0.7600,31648.7255,NA,NA,NA
valheim.exe,8100,0x147123C9510,DXGI,1,0,0,Hardware: Independent Flip,31657.9062,15.9103,15.7382,0.1721,31.1303,2.8411,2.7403,0.1008,39.1372,27.7661,2.1916,31657.9062,NA,NA,NA
valheim.exe,8100,0x147123C9510,DXGI,1,0,0,Hardware: Independent Flip,31673.8165,22.1087,21.9276,0.1811,21.2929,24.2925,24.2735,0.0190,50.9930,6.9564,-11.8558,31673.8165,NA,NA,NA
valheim.exe,8100,0x147123C9510,DXGI,1,0,0,Hardware: Independent Flip,31695.9252,8.0247,7.8546,0.1701,23.4767,11.5125,11.4305,0.0820,35.8407,6.9500,15.1523,31695.9252,NA,NA,NA
valheim.exe,8100,0x147123C9510,DXGI,1,0,0,Hardware: Independent Flip,31703.9499,9.6874,9.5465,0.1409,26.9645,2.8456,2.8456,0.0000,34.7660,27.8065,1.0747,31703.9499,NA,NA,NA
valheim.exe,8100,0x147123C9510,DXGI,1,0,0,Hardware: Independent Flip,31713.6373,24.9532,24.7858,0.1674,20.1946,26.9311,25.2743,1.6568,52.8851,6.9534,-18.1191,31713.6373,NA,NA,NA
valheim.exe,8100,0x147123C9510,DXGI,1,0,0,Hardware: Independent Flip,31738.5905,6.7029,6.5609,0.1420,22.1725,11.4312,11.3407,0.0905,34.8853,6.9212,17.9998,31738.5905,NA,NA,NA
valheim.exe,8100,0x147123C9510,DXGI,1,0,0,Hardware: Independent Flip,31745.2934,9.3412,9.2083,0.1329,26.9008,5.2873,5.2365,0.0508,35.1036,13.9367,-0.2183,31745.2934,NA,NA,NA
valheim.exe,8100,0x147123C9510,DXGI,1,0,0,Hardware: Independent Flip,31754.6346,26.4618,26.2691,0.1927,25.5895,13.3452,13.2219,0.1233,39.6991,13.8741,-4.5955,31754.6346,NA,NA,NA
valheim.exe,8100,0x147123C9510,DXGI,1,0,0,Hardware: Independent Flip,31781.0964,12.4234,12.2406,0.1828,12.4729,13.6181,13.5073,0.1108,27.1114,13.9056,12.5877,31781.0964,NA,NA,NA
valheim.exe,8100,0x147123C9510,DXGI,1,0,0,Hardware: Independent Flip,31793.5198,13.7875,13.5465,0.2410,13.6676,11.5408,11.5010,0.0398,28.5936,13.9000,-1.4822,31793.5198,NA,NA,NA
valheim.exe,8100,0x147123C9510,DXGI,1,0,0,Hardware: Independent Flip,31807.3073,14.4142,14.2190,0.1952,11.5352,12.9714,12.9277,0.0437,28.7061,20.8555,-0.1125,31807.3073,NA,NA,NA
valheim.exe,8100,0x147123C9510,DXGI,1,0,0,Hardware: Independent Flip,31821.7215,17.9993,17.8248,0.1745,10.0924,21.1259,15.4231,5.7028,35.1474,13.9190,-6.4413,31821.7215,NA,NA,NA
valheim.exe,8100,0x147123C9510,DXGI,1,0,0,Hardware: Independent Flip,31839.7208,12.9905,12.8206,0.1699,13.2190,13.5781,13.4928,0.0853,31.0671,13.9186,4.0803,31839.7208,NA,NA,NA
valheim.exe,8100,0x147123C9510,DXGI,1,0,0,Hardware: Independent Flip,31852.7113,14.2694,14.0301,0.2393,13.8066,13.5455,13.4129,0.1326,31.9952,20.8440,-0.9281,31852.7113,NA,NA,NA
valheim.exe,8100,0x147123C9510,DXGI,1,0,0,Hardware: Independent Flip,31866.9807,11.6862,11.3939,0.2923,13.0827,22.8013,22.8013,0.0000,38.5698,13.9494,-6.5746,31866.9807,NA,NA,NA
valheim.exe,8100,0x147123C9510,DXGI,1,0,0,Hardware: Independent Flip,31878.6669,10.3953,10.2158,0.1795,24.1978,12.4497,12.3860,0.0637,40.8330,6.8921,-2.2632,31878.6669,NA,NA,NA
valheim.exe,8100,0x147123C9510,DXGI,1,0,0,Hardware: Independent Flip,31889.0622,12.3744,12.2141,0.1603,26.2522,1.0034,0.9450,0.0584,37.3298,20.8697,3.5032,31889.0622,NA,NA,NA
valheim.exe,8100,0x147123C9510,DXGI,1,0,0,Hardware: Independent Flip,31901.4366,20.1247,19.9575,0.1672,14.9201,25.5889,24.2601,1.3288,45.8251,13.9571,-8.4953,31901.4366,NA,NA,NA
valheim.exe,8100,0x147123C9510,DXGI,1,0,0,Hardware: Independent Flip,31921.5613,9.2750,9.0203,0.2547,20.3843,15.1140,15.1140,0.0000,39.6575,6.9081,6.1676,31921.5613,NA,NA,NA
valheim.exe,8100,0x147123C9510,DXGI,1,0,0,Hardware: Independent Flip,31930.8363,13.6088,13.4108,0.1980,26.2233,0.6176,0.5170,0.1006,37.2906,6.8979,2.3669,31930.8363,NA,NA,NA
valheim.exe,8100,0x147123C9510,DXGI,1,0,0,Hardware: Independent Flip,31944.4451,16.9790,16.7911,0.1879,15.7789,13.3013,13.1693,0.1320,30.5797,13.9122,6.7109,31944.4451,NA,NA,NA
valheim.exe,8100,0x147123C9510,DXGI,1,0,0,Hardware: Independent Flip,31961.4241,13.8421,13.6236,0.2185,12.2188,13.2959,13.2237,0.0722,27.5129,13.9259,3.0668,31961.4241,NA,22.8946,NA
valheim.exe,8100,0x147123C9510,DXGI,1,0,0,Hardware: Independent Flip,31975.2662,13.9528,13.7376,0.2152,12.7125,13.4712,13.3218,0.1494,27.5967,20.8533,-0.0838,31975.2662,NA,22.8489,NA
valheim.exe,8100,0x147123C9510,DXGI,1,0,0,Hardware: Independent Flip,31989.2190,12.6562,12.4873,0.1689,12.2309,21.5124,21.4886,0.0238,34.4972,6.9288,-6.9005,31989.2190,NA,NA,NA
valheim.exe,8100,0x147123C9510,DXGI,1,0,0,Hardware: Independent Flip,32001.8752,8.4183,8.2403,0.1780,21.1485,0.3061,0.2570,0.0491,28.7698,20.8600,5.7274,32001.8752,NA,NA,NA
valheim.exe,8100,0x147123C9510,DXGI,1,0,0,Hardware: Independent Flip,32010.2935,9.4159,9.2810,0.1349,13.0866,25.0468,25.0468,0.0000,41.2115,13.9435,-12.4417,32010.2935,NA,NA,NA
valheim.exe,8100,0x147123C9510,DXGI,1,0,0,Hardware: Independent Flip,32019.7094,17.3218,16.9491,0.3727,28.7175,13.4702,13.4702,0.0000,45.7391,6.8913,-4.5276,32019.7094,NA,36.4765,NA
valheim.exe,8100,0x147123C9510,DXGI,1,0,0,Hardware: Independent Flip,32037.0312,8.2673,8.1026,0.1647,24.8659,0.5700,0.4936,0.0764,35.3086,6.9533,10.4305,32037.0312,NA,NA,NA
valheim.exe,8100,0x147123C9510,DXGI,1,0,0,Hardware: Independent Flip,32045.2985,18.8797,18.7108,0.1689,17.8525,13.1297,12.9856,0.1441,33.9946,20.8608,1.3140,32045.2985,NA,35.3025,NA
valheim.exe,8100,0x147123C9510,DXGI,1,0,0,Hardware: Independent Flip,32064.1782,13.6373,13.4647,0.1726,12.3067,23.0008,22.9496,0.0512,35.9757,13.9171,-1.9811,32064.1782,NA,27.1691,NA
valheim.exe,8100,0x147123C9510,DXGI,1,0,0,Hardware: Independent Flip,32077.8155,7.9637,7.8061,0.1576,21.6702,11.7017,11.6528,0.0489,36.2555,13.9461,-0.2798,32077.8155,NA,37.0769,NA
valheim.exe,8100,0x147123C9510,DXGI,1,0,0,Hardware: Independent Flip,32085.7792,10.6274,10.4691,0.1583,25.4082,10.8042,10.8042,0.0000,42.2379,6.9681,-5.9824,32085.7792,NA,NA,NA
valheim.exe,8100,0x147123C9510,DXGI,1,0,0,Hardware: Independent Flip,32096.4066,15.3759,15.1986,0.1773,25.6647,4.7147,4.6191,0.0956,38.5786,6.8742,3.6593,32096.4066,NA,46.9904,NA
valheim.exe,8100,0x147123C9510,DXGI,1,0,0,Hardware: Independent Flip,32111.7825,17.9414,17.7511,0.1903,16.5732,12.9880,12.9099,0.0781,30.0769,27.8227,8.5017,32111.7825,NA,24.8785,NA
valheim.exe,8100,0x147123C9510,DXGI,1,0,0,Hardware: Independent Flip,32129.7239,13.5550,13.3649,0.1901,11.8633,23.6326,23.5327,0.0999,39.9582,13.9680,-9.8813,32129.7239,NA,38.7211,NA
valheim.exe,8100,0x147123C9510,DXGI,1,0,0,Hardware: Independent Flip,32143.2789,10.0520,9.8811,0.1709,21.9409,11.6101,11.5110,0.0991,40.3712,6.9307,-0.4130,32143.2789,NA,34.6923,NA
valheim.exe,8100,0x147123C9510,DXGI,1,0,0,Hardware: Independent Flip,32153.3309,12.5041,12.3092,0.1949,23.4990,5.6710,5.5602,0.1108,37.2499,13.8642,3.1213,32153.3309,NA,NA,NA
valheim.exe,8100,0x147123C9510,DXGI,1,0,0,Hardware: Independent Flip,32165.8350,20.6431,20.4646,0.1785,19.7771,12.1392,11.9939,0.1453,38.6100,20.8375,-1.3601,32165.8350,NA,22.4207,NA
valheim.exe,8100,0x147123C9510,DXGI,1,0,0,Hardware: Independent Flip,32186.4781,12.5244,12.3052,0.2192,11.3977,24.2908,24.2908,0.0000,38.8044,13.9553,-0.1944,32186.4781,NA,30.2999,NA
valheim.exe,8100,0x147123C9510,DXGI,1,0,0,Hardware: Independent Flip,32199.0025,8.6404,8.3964,0.2440,23.1641,10.7624,10.7624,0.0000,40.2353,6.9188,-1.4309,32199.0025,NA,33.2150,NA
valheim.exe,8100,0x147123C9510,DXGI,1,0,0,Hardware: Independent Flip,32207.6429,11.3932,11.2011,0.1921,25.3592,1.0648,0.9260,0.1388,38.5137,6.9567,1.7216,32207.6429,NA,NA,NA
valheim.exe,8100,0x147123C9510,DXGI,1,0,0,Hardware: Independent Flip,32219.0361,21.3479,21.1789,0.1690,15.0308,16.6207,12.8498,3.7709,34.0772,13.8923,4.4365,32219.0361,NA,13.1623,NA
valheim.exe,8100,0x147123C9510,DXGI,1,0,0,Hardware: Independent Flip,32240.3840,10.7667,10.5300,0.2367,10.3036,13.0112,12.8507,0.1605,26.6216,13.8824,7.4556,32240.3840,NA,19.0456,NA
valheim.exe,8100,0x147123C9510,DXGI,1,0,0,Hardware: Independent Flip,32251.1507,12.6481,12.3501,0.2980,12.5481,15.9064,15.8873,0.0191,29.7373,27.8052,-3.1157,32251.1507,NA,18.9296,NA
valheim.exe,8100,0x147123C9510,DXGI,1,0,0,Hardware: Independent Flip,32263.7988,7.9570,7.8115,0.1455,15.8064,22.5446,22.5446,0.0000,44.8944,6.9410,-15.1571,32263.7988,NA,37.7382,NA
valheim.exe,8100,0x147123C9510,DXGI,1,0,0,Hardware: Independent Flip,32271.7558,11.7364,11.5965,0.1399,30.3940,13.0323,13.0323,0.0000,43.8784,6.9677,1.0160,32271.7558,NA,33.6405,NA
valheim.exe,8100,0x147123C9510,DXGI,1,0,0,Hardware: Independent Flip,32283.4922,8.0153,7.8781,0.1372,31.7391,0.5847,0.5019,0.0828,39.1097,27.8330,4.7687,32283.4922,NA,NA,NA
valheim.exe,8100,0x147123C9510,DXGI,1,0,0,Hardware: Independent Flip,32291.5075,32.4801,32.3273,0.1528,31.6491,26.1472,26.0791,0.0681,58.9274,13.8829,-19.8177,32291.5075,NA,27.4871,NA
valheim.exe,8100,0x147123C9510,DXGI,1,0,0,Hardware: Independent Flip,32323.9876,10.1995,10.0623,0.1372,25.3162,12.1839,12.1675,0.0164,40.3302,13.9107,18.5972,32323.9876,NA,31.3429,NA
valheim.exe,8100,0x147123C9510,DXGI,1,0,0,Hardware: Independent Flip,32334.1871,8.9819,8.8493,0.1326,27.3764,15.9097,15.8532,0.0565,44.0414,20.8787,-3.7112,32334.1871,NA,NA,NA
valheim.exe,8100,0x147123C9510,DXGI,1,0,0,Hardware: Independent Flip,32343.1690,19.2698,19.1268,0.1430,34.3042,14.8558,14.8503,0.0055,55.9382,6.9247,-11.8968,32343.1690,NA,NA,NA
valheim.exe,8100,0x147123C9510,DXGI,1,0,0,Hardware: Independent Flip,32362.4388,16.2205,15.9870,0.2335,29.8902,3.1876,3.1548,0.0328,43.5931,6.9738,12.3451,32362.4388,NA,41.0625,NA
valheim.exe,8100,0x147123C9510,DXGI,1,0,0,Hardware: Independent Flip,32378.6593,11.2172,11.0152,0.2020,16.8573,13.0842,12.9668,0.1174,34.3464,13.8584,9.2467,32378.6593,NA,34.0436,NA
valheim.exe,8100,0x147123C9510,DXGI,1,0,0,Hardware: Independent Flip,32389.8765,23.8684,23.6037,0.2647,18.8049,15.9745,14.0241,1.9504,36.9876,27.8348,-2.6412,32389.8765,NA,14.8959,NA
valheim.exe,8100,0x147123C9510,DXGI,1,0,0,Hardware: Independent Flip,32413.7449,13.0396,12.8322,0.2074,11.0005,25.7106,25.6928,0.0178,40.9540,13.9299,-3.9664,32413.7449,NA,30.7501,NA
valheim.exe,8100,0x147123C9510,DXGI,1,0,0,Hardware: Independent Flip,32426.7845,12.6974,12.5274,0.1700,23.6715,15.7595,15.7166,0.0429,41.8443,6.9024,-0.8903,32426.7845,NA,31.6758,NA
valheim.exe,8100,0x147123C9510,DXGI,1,0,0,Hardware: Independent Flip,32439.4819,9.6294,9.4111,0.2183,26.7336,3.2987,3.1784,0.1203,36.0493,13.9060,5.7950,32439.4819,NA,NA,NA
valheim.exe,8100,0x147123C9510,DXGI,1,0,0,Hardware: Independent Flip,32449.1113,24.1674,23.9759,0.1915,23.6285,13.5535,13.4243,0.1292,40.3259,20.8481,-4.2766,32449.1113,NA,19.4472,NA
valheim.exe,8100,0x147123C9510,DXGI,1,0,0,Hardware: Independent Flip,32473.2787,11.6046,11.4402,0.1644,13.0827,23.6509,23.6322,0.0187,37.0066,20.8731,3.3193,32473.2787,NA,27.3188,NA
valheim.exe,8100,0x147123C9510,DXGI,1,0,0,Hardware: Independent Flip,32484.8833,11.6185,11.4590,0.1595,25.1290,16.2764,16.2056,0.0708,46.2751,6.9271,-9.2685,32484.8833,NA,37.2174,NA
valheim.exe,8100,0x147123C9510,DXGI,1,0,0,Hardware: Independent Flip,32496.5018,8.1644,7.9993,0.1651,29.7869,11.5142,11.5142,0.0000,41.5837,6.9593,4.6914,32496.5018,NA,NA,NA
valheim.exe,8100,0x147123C9510,DXGI,1,0,0,Hardware: Independent Flip,32504.6662,21.0866,20.9086,0.1780,33.1367,3.0574,2.9701,0.0873,40.3786,20.8447,1.2051,32504.6662,NA,35.0903,NA
valheim.exe,8100,0x147123C9510,DXGI,1,0,0,Hardware: Independent Flip,32525.7528,21.9745,21.7915,0.1830,21.0203,13.7091,13.5489,0.1602,40.1367,13.9460,0.2419,32525.7528,NA,39.8583,NA
valheim.exe,8100,0x147123C9510,DXGI,1,0,0,Hardware: Independent Flip,32547.7273,17.3121,17.1348,0.1773,15.6771,11.6165,11.5184,0.0981,32.1082,27.7764,8.0285,32547.7273,NA,NA,NA
valheim.exe,8100,0x147123C9510,DXGI,1,0,0,Hardware: Independent Flip,32565.0394,16.9104,16.7179,0.1925,9.9815,29.0564,25.1315,3.9249,42.5725,13.9054,-10.4643,32565.0394,NA,NA,NA
valheim.exe,8100,0x147123C9510,DXGI,1,0,0,Hardware: Independent Flip,32581.9498,8.6420,8.4636,0.1784,22.1275,15.9845,15.9845,0.0000,39.5675,6.9313,3.0050,32581.9498,NA,NA,NA
valheim.exe,8100,0x147123C9510,DXGI,1,0,0,Hardware: Independent Flip,32590.5918,11.9894,11.8346,0.1548,29.4700,3.7088,3.6091,0.0997,37.8568,20.8840,1.7107,32590.5918,NA,NA,NA
valheim.exe,8100,0x147123C9510,DXGI,1,0,0,Hardware: Independent Flip,32602.5812,19.9866,19.7066,0.2800,21.1894,24.2550,24.2550,0.0000,46.7514,13.8575,-8.8946,32602.5812,NA,NA,NA
valheim.exe,8100,0x147123C9510,DXGI,1,0,0,Hardware: Independent Flip,32622.5678,10.1739,10.0212,0.1527,25.4578,12.4091,12.3612,0.0479,40.6223,13.9917,6.1291,32622.5678,NA,NA,NA
valheim.exe,8100,0x147123C9510,DXGI,1,0,0,Hardware: Independent Flip,32632.7417,9.3849,9.2364,0.1485,27.7809,13.6946,13.6946,0.0000,44.4401,6.9138,-3.8178,32632.7417,NA,NA,NA
valheim.exe,8100,0x147123C9510,DXGI,1,0,0,Hardware: Independent Flip,32642.1266,20.4197,20.1996,0.2201,32.0906,0.4426,0.4095,0.0331,41.9690,6.9494,2.4711,32642.1266,NA,NA,NA
valheim.exe,8100,0x147123C9510,DXGI,1,0,0,Hardware: Independent Flip,32662.5463,14.3530,14.1667,0.1863,12.1525,13.4596,13.3331,0.1265,28.4987,27.8035,13.4703,32662.5463,NA,NA,NA
valheim.exe,8100,0x147123C9510,DXGI,1,0,0,Hardware: Independent Flip,32676.8993,12.6904,12.4892,0.2012,11.2591,27.1604,27.1604,0.0000,41.9492,6.9042,-13.4505,32676.8993,NA,NA,NA
valheim.exe,8100,0x147123C9510,DXGI,1,0,0,Hardware: Independent Flip,32689.5897,10.5079,10.3362,0.1717,25.7291,2.7232,2.6816,0.0416,36.1630,6.9558,5.7862,32689.5897,NA,NA,NA
valheim.exe,8100,0x147123C9510,DXGI,1,0,0,Hardware: Independent Flip,32700.0976,9.8147,9.6433,0.1714,17.9741,11.9359,11.8795,0.0564,32.6109,13.9156,3.5521,32700.0976,NA,NA,NA
valheim.exe,8100,0x147123C9510,DXGI,1,0,0,Hardware: Independent Flip,32709.9123,22.6209,22.4100,0.2109,21.3211,13.3834,13.2855,0.0979,36.7118,13.9064,-4.1009,32709.9123,NA,NA,NA
valheim.exe,8100,0x147123C9510,DXGI,1,0,0,Hardware: Independent Flip,32732.5332,13.4860,13.2866,0.1994,12.1804,14.1314,13.9685,0.1629,27.9973,27.8043,8.7145,32732.5332,NA,NA,NA
valheim.exe,8100,0x147123C9510,DXGI,1,0,0,Hardware: Independent Flip,32746.0192,13.6760,13.4765,0.1995,12.8258,23.1921,23.1921,0.0000,42.3156,6.9585,-14.3183,32746.0192,NA,NA,NA
valheim.exe,8100,0x147123C9510,DXGI,1,0,0,Hardware: Independent Flip,32759.6952,6.7079,6.5546,0.1533,22.3419,11.4988,11.4730,0.0258,35.5981,6.9480,6.7175,32759.6952,NA,NA,NA
valheim.exe,8100,0x147123C9510,DXGI,1,0,0,Hardware: Independent Flip,32766.4031,9.1326,9.0095,0.1231,27.2119,5.2564,5.1851,0.0713,35.8382,27.8158,-0.2401,32766.4031,NA,NA,NA
valheim.exe,8100,0x147123C9510,DXGI,1,0,0,Hardware: Independent Flip,32775.5357,30.8585,30.6530,0.2055,30.0637,24.1401,24.0612,0.0789,54.5214,13.8528,-18.6832,32775.5357,NA,NA,NA
valheim.exe,8100,0x147123C9510,DXGI,1,0,0,Hardware: Independent Flip,32806.3942,9.1594,9.0139,0.1455,23.3453,14.0735,14.0735,0.0000,37.5157,13.9095,17.0057,32806.3942,NA,NA,NA
valheim.exe,8100,0x147123C9510,DXGI,1,0,0,Hardware: Independent Flip,32815.5536,7.3951,7.2525,0.1426,28.3631,13.8547,13.8547,0.0000,42.2658,13.9060,-4.7501,32815.5536,NA,NA,NA
valheim.exe,8100,0x147123C9510,DXGI,1,0,0,Hardware: Independent Flip,32822.9487,20.1973,20.0040,0.1933,34.8227,12.6137,12.6137,0.0000,48.7767,13.9281,-6.5109,32822.9487,NA,41.7465,NA
valheim.exe,8100,0x147123C9510,DXGI,1,0,0,Hardware: Independent Flip,32843.1460,14.1281,13.9538,0.1743,27.2391,14.9003,14.9003,0.0000,42.5075,13.8766,6.2692,32843.1460,NA,41.6968,NA
valheim.exe,8100,0x147123C9510,DXGI,1,0,0,Hardware: Independent Flip,32857.2741,11.4915,11.3106,0.1809,28.0113,13.9578,13.9578,0.0000,42.2560,13.9374,0.2515,32857.2741,NA,41.5329,NA
valheim.exe,8100,0x147123C9510,DXGI,1,0,0,Hardware: Independent Flip,32868.7656,16.8696,16.7000,0.1696,30.4776,13.7045,13.6376,0.0669,44.7019,13.8560,-2.4459,32868.7656,NA,41.5124,NA
valheim.exe,8100,0x147123C9510,DXGI,1,0,0,Hardware: Independent Flip,32885.6352,14.7153,14.5137,0.2016,27.3125,13.8700,13.8700,0.0000,41.6883,13.9465,3.0136,32885.6352,NA,29.2734,NA
valheim.exe,8100,0x147123C9510,DXGI,1,0,0,Hardware: Independent Flip,32900.3505,10.3277,10.1823,0.1454,26.5462,12.3632,12.3632,0.0000,40.9195,13.8902,0.7688,32900.3505,NA,NA,NA
valheim.exe,8100,0x147123C9510,DXGI,1,0,0,Hardware: Independent Flip,32910.6782,16.2871,16.0430,0.2441,28.5817,12.2497,12.2497,0.0000,44.4820,13.9017,-3.5625,32910.6782,NA,41.2209,NA
valheim.exe,8100,0x147123C9510,DXGI,1,0,0,Hardware: Independent Flip,32926.9653,12.8460,12.7083,0.1377,24.5443,11.9876,11.9646,0.0230,42.0966,6.9483,2.3854,32926.9653,NA,42.0791,NA
valheim.exe,8100,0x147123C9510,DXGI,1,0,0,Hardware: Independent Flip,32939.8113,10.5231,10.3976,0.1255,23.6859,9.2709,9.1620,0.1089,36.1989,13.8898,5.8977,32939.8113,NA,35.0506,NA
valheim.exe,8100,0x147123C9510,DXGI,1,0,0,Hardware: Independent Flip,32950.3344,21.2919,21.1309,0.1610,22.4337,12.9366,12.8842,0.0524,39.5656,20.8574,-3.3667,32950.3344,NA,19.8476,NA
valheim.exe,8100,0x147123C9510,DXGI,1,0,0,Hardware: Independent Flip,32971.6263,22.5208,22.3531,0.1677,14.0784,19.7958,14.0471,5.7487,39.1311,27.8234,0.4345,32971.6263,NA,17.7876,NA
valheim.exe,8100,0x147123C9510,DXGI,1,0,0,Hardware: Independent Flip,32994.1471,14.2444,14.0673,0.1771,11.3534,26.0851,26.0851,0.0000,44.4337,13.9619,-5.3026,32994.1471,NA,33.6342,NA
valheim.exe,8100,0x147123C9510,DXGI,1,0,0,Hardware: Independent Flip,33008.3915,10.6254,10.4849,0.1405,23.1941,15.6599,15.6293,0.0306,44.1512,6.8943,0.2825,33008.3915,NA,35.5990,NA
valheim.exe,8100,0x147123C9510,DXGI,1,0,0,Hardware: Independent Flip,33019.0169,7.9624,7.7978,0.1646,28.3620,0.9694,0.9379,0.0315,40.4201,13.8872,3.7311,33019.0169,NA,NA,NA
valheim.exe,8100,0x147123C9510,DXGI,1,0,0,Hardware: Independent Flip,33026.9793,26.6507,26.4340,0.2167,25.6010,14.4569,14.3878,0.0691,46.3449,20.8692,-5.9248,33026.9793,NA,28.3358,NA
valheim.exe,8100,0x147123C9510,DXGI,1,0,0,Hardware: Independent Flip,33053.6300,12.9709,12.7761,0.1948,13.4072,24.4853,24.4853,0.0000,40.5634,13.9173,5.7815,33053.6300,NA,NA,NA
valheim.exe,8100,0x147123C9510,DXGI,1,0,0,Hardware: Independent Flip,33066.6009,12.5257,12.3842,0.1415,25.0401,12.2420,12.2420,0.0000,41.5098,6.9099,-0.9464,33066.6009,NA,NA,NA
valheim.exe,8100,0x147123C9510,DXGI,1,0,0,Hardware: Independent Flip,33079.1266,9.6197,9.4884,0.1313,24.7564,5.3476,5.2781,0.0695,35.8940,34.7567,5.6158,33079.1266,NA,NA,NA
valheim.exe,8100,0x147123C9510,DXGI,1,0,0,Hardware: Independent Flip,33088.7463,30.4685,30.2808,0.1877,29.6811,24.5067,24.4643,0.0424,61.0310,13.9653,-25.1370,33088.7463,NA,NA,NA
valheim.exe,8100,0x147123C9510,DXGI,1,0,0,Hardware: Independent Flip,33119.2148,10.6642,10.5150,0.1492,23.7961,14.0423,14.0423,0.0000,44.5278,6.9128,16.5032,33119.2148,NA,NA,NA
valheim.exe,8100,0x147123C9510,DXGI,1,0,0,Hardware: Independent Flip,33129.8790,10.3443,10.2035,0.1408,27.2661,4.2187,4.1611,0.0576,40.7764,6.9487,3.7514,33129.8790,NA,NA,NA
valheim.exe,8100,0x147123C9510,DXGI,1,0,0,Hardware: Independent Flip,33140.2233,23.0826,22.9279,0.1547,22.3339,13.7095,13.6313,0.0782,37.3808,27.8014,3.3956,33140.2233,NA,NA,NA
valheim.exe,8100,0x147123C9510,DXGI,1,0,0,Hardware: Independent Flip,33163.3059,12.3134,12.1404,0.1730,13.0319,25.7343,25.7343,0.0000,42.0996,13.9210,-4.7188,33163.3059,NA,NA,NA
valheim.exe,8100,0x147123C9510,DXGI,1,0,0,Hardware: Independent Flip,33175.6193,7.8144,7.6412,0.1732,26.4528,13.5637,13.5637,0.0000,43.7072,6.9430,-1.6076,33175.6193,NA,NA,NA
valheim.exe,8100,0x147123C9510,DXGI,1,0,0,Hardware: Independent Flip,33183.4337,7.3935,7.2514,0.1421,32.2021,0.7596,0.7032,0.0564,42.8358,55.6084,0.8714,33183.4337,NA,NA,NA
valheim.exe,8100,0x147123C9510,DXGI,1,0,0,Hardware: Independent Flip,33190.8272,72.9166,72.7185,0.1981,72.1074,12.6758,12.5047,0.1711,91.0507,20.8474,-48.2149,33190.8272,NA,30.8789,30.8789
valheim.exe,8100,0x147123C9510,DXGI,1,0,0,Hardware: Independent Flip,33263.7438,21.5768,21.4235,0.1533,11.9589,20.9096,14.1068,6.8028,38.9815,27.8128,52.0692,33263.7438,NA,NA,NA
valheim.exe,8100,0x147123C9510,DXGI,1,0,0,Hardware: Independent Flip,33285.3206,15.6244,15.4301,0.1943,11.4066,28.5525,28.4126,0.1399,45.2175,14.0688,-6.2360,33285.3206,NA,NA,NA
valheim.exe,8100,0x147123C9510,DXGI,1,0,0,Hardware: Independent Flip,33300.9450,10.3161,10.1574,0.1587,24.3347,16.7737,16.7737,0.0000,43.6619,6.7789,1.5556,33300.9450,NA,NA,NA
valheim.exe,8100,0x147123C9510,DXGI,1,0,0,Hardware: Independent Flip,33311.2611,14.2572,14.0649,0.1923,30.7923,3.2107,3.1235,0.0872,40.1247,13.9201,3.5372,33311.2611,NA,NA,NA
valheim.exe,8100,0x147123C9510,DXGI,1,0,0,Hardware: Independent Flip,33325.5183,21.8032,21.6293,0.1739,20.2304,15.7847,15.6409,0.1438,39.7876,27.7564,0.3371,33325.5183,NA,NA,NA
valheim.exe,8100,0x147123C9510,DXGI,1,0,0,Hardware: Independent Flip,33347.3215,15.9549,15.7127,0.2422,14.4036,25.0342,24.9734,0.0608,45.7408,14.0631,-5.9532,33347.3215,NA,NA,NA
valheim.exe,8100,0x147123C9510,DXGI,1,0,0,Hardware: Independent Flip,33363.2764,10.0625,9.8923,0.1702,23.4829,17.0765,17.0765,0.0000,43.8490,6.8151,1.8918,33363.2764,NA,NA,NA
valheim.exe,8100,0x147123C9510,DXGI,1,0,0,Hardware: Independent Flip,33373.3389,13.1103,12.8877,0.2226,30.5803,2.2227,2.1939,0.0288,40.6016,13.9256,3.2474,33373.3389,NA,NA,NA
valheim.exe,8100,0x147123C9510,DXGI,1,0,0,Hardware: Independent Flip,33386.4492,25.1196,24.9434,0.1762,23.5375,14.5533,14.4437,0.1096,41.4169,13.8759,-0.8153,33386.4492,NA,NA,NA
valheim.exe,8100,0x147123C9510,DXGI,1,0,0,Hardware: Independent Flip,33411.5688,13.3225,13.1078,0.2147,13.0664,14.7720,14.7213,0.0507,30.1732,27.8318,11.2437,33411.5688,NA,19.7767,NA
valheim.exe,8100,0x147123C9510,DXGI,1,0,0,Hardware: Independent Flip,33424.8913,14.7394,14.5415,0.1979,14.5159,25.0969,25.0969,0.0000,44.6825,13.9081,-14.5093,33424.8913,NA,34.6268,NA
valheim.exe,8100,0x147123C9510,DXGI,1,0,0,Hardware: Independent Flip,33439.6307,11.0624,10.8658,0.1966,25.1293,15.9121,15.8455,0.0666,43.8512,6.9175,0.8313,33439.6307,NA,33.5369,NA
valheim.exe,8100,0x147123C9510,DXGI,1,0,0,Hardware: Independent Flip,33450.6931,17.3298,16.9700,0.3598,29.9790,2.8862,2.7537,0.1325,39.7063,13.9457,4.1449,33450.6931,NA,NA,NA
valheim.exe,8100,0x147123C9510,DXGI,1,0,0,Hardware: Independent Flip,33468.0229,21.5950,21.4178,0.1772,20.2939,14.8021,14.7157,0.0864,36.3222,27.7644,3.3841,33468.0229,NA,18.3807,NA
valheim.exe,8100,0x147123C9510,DXGI,1,0,0,Hardware: Independent Flip,33489.6179,14.6750,14.4558,0.2192,13.5010,25.8318,25.8318,0.0000,42.4916,14.0686,-6.1694,33489.6179,NA,32.1270,NA
valheim.exe,8100,0x147123C9510,DXGI,1,0,0,Hardware: Independent Flip,33504.2929,10.1980,10.0089,0.1891,24.6578,12.4837,12.4653,0.0184,41.8852,6.8016,0.6064,33504.2929,NA,33.2003,NA
valheim.exe,8100,0x147123C9510,DXGI,1,0,0,Hardware: Independent Flip,33514.4909,12.8408,12.6211,0.2197,27.0256,2.4425,2.4169,0.0256,38.4888,20.8362,3.3964,33514.4909,NA,NA,NA
valheim.exe,8100,0x147123C9510,DXGI,1,0,0,Hardware: Independent Flip,33527.3317,20.1218,19.8798,0.2420,16.6730,27.7447,27.7447,0.0000,46.4842,13.8946,-7.9954,33527.3317,NA,43.8390,NA
valheim.exe,8100,0x147123C9510,DXGI,1,0,0,Hardware: Independent Flip,33547.4535,11.3421,11.1916,0.1505,24.2959,15.7321,15.7321,0.0000,40.2570,13.9108,6.2272,33547.4535,NA,NA,NA
valheim.exe,8100,0x147123C9510,DXGI,1,0,0,Hardware: Independent Flip,33558.7956,8.4490,8.2390,0.2100,28.6859,12.8044,12.8044,0.0000,42.8257,13.9035,-2.5687,33558.7956,NA,NA,NA
valheim.exe,8100,0x147123C9510,DXGI,1,0,0,Hardware: Independent Flip,33567.2446,19.7467,19.5083,0.2384,33.0413,14.0276,14.0001,0.0275,48.2802,13.9074,-5.4545,33567.2446,NA,NA,NA
valheim.exe,8100,0x147123C9510,DXGI,1,0,0,Hardware: Independent Flip,33586.9913,12.6034,12.4554,0.1480,27.3222,13.7567,13.7078,0.0489,42.4409,13.8813,5.8393,33586.9913,NA,NA,NA
valheim.exe,8100,0x147123C9510,DXGI,1,0,0,Hardware: Independent Flip,33599.5947,12.1963,12.0505,0.1458,28.5527,14.3260,14.3260,0.0000,43.7188,13.9732,-1.2779,33599.5947,NA,NA,NA
valheim.exe,8100,0x147123C9510,DXGI,1,0,0,Hardware: Independent Flip,33611.7910,16.4528,16.2330,0.2198,30.7692,13.1889,13.1889,0.0000,45.4957,6.8856,-1.7769,33611.7910,NA,NA,NA
valheim.exe,8100,0x147123C9510,DXGI,1,0,0,Hardware: Independent Flip,33628.2438,15.2731,14.9412,0.3319,27.5053,6.0789,5.9636,0.1153,35.9285,20.8748,9.5672,33628.2438,NA,NA,NA
valheim.exe,8100,0x147123C9510,DXGI,1,0,0,Hardware: Independent Flip,33643.5169,17.7114,17.4867,0.2247,18.3111,22.0316,22.0006,0.0310,41.5302,20.8520,-5.6017,33643.5169,NA,NA,NA
valheim.exe,8100,0x147123C9510,DXGI,1,0,0,Hardware: Independent Flip,33661.2283,10.2946,10.1277,0.1669,22.6313,21.3402,21.3402,0.0000,44.6708,13.8846,-3.1406,33661.2283,NA,NA,NA
valheim.exe,8100,0x147123C9510,DXGI,1,0,0,Hardware: Independent Flip,33671.5229,10.7148,10.5550,0.1598,33.8024,13.8051,13.8051,0.0000,48.2608,6.9466,-3.5900,33671.5229,NA,NA,NA
valheim.exe,8100,0x147123C9510,DXGI,1,0,0,Hardware: Independent Flip,33682.2377,17.1388,16.9461,0.1927,36.8927,0.7144,0.6307,0.0837,44.4926,27.8320,3.7682,33682.2377,NA,NA,NA
valheim.exe,8100,0x147123C9510,DXGI,1,0,0,Hardware: Independent Flip,33699.3765,21.7063,21.5640,0.1423,20.5254,30.6692,30.6237,0.0455,55.1858,13.9426,-10.6932,33699.3765,NA,NA,NA
valheim.exe,8100,0x147123C9510,DXGI,1,0,0,Hardware: Independent Flip,33721.0828,10.1481,9.9993,0.1488,29.6720,16.6130,16.6130,0.0000,47.4221,6.8742,7.7637,33721.0828,NA,NA,NA
valheim.exe,8100,0x147123C9510,DXGI,1,0,0,Hardware: Independent Flip,33731.2309,11.7836,11.6495,0.1341,36.1369,2.8806,2.8080,0.0726,44.1482,27.8740,3.2739,33731.2309,NA,NA,NA
valheim.exe,8100,0x147123C9510,DXGI,1,0,0,Hardware: Independent Flip,33743.0145,33.8997,33.7275,0.1722,32.1430,26.9098,26.8027,0.1071,60.2386,6.9147,-16.0904,33743.0145,NA,50.2621,NA
valheim.exe,8100,0x147123C9510,DXGI,1,0,0,Hardware: Independent Flip,33776.9142,8.4047,8.2312,0.1735,25.1531,0.3979,0.3580,0.0399,33.2536,27.8147,26.9850,33776.9142,NA,NA,NA
valheim.exe,8100,0x147123C9510,DXGI,1,0,0,Hardware: Independent Flip,33785.3189,11.9262,11.6973,0.2289,17.1857,29.8094,29.7545,0.0549,52.6636,13.9614,-19.4100,33785.3189,NA,NA,NA
valheim.exe,8100,0x147123C9510,DXGI,1,0,0,Hardware: Independent Flip,33797.2451,21.4981,21.3415,0.1566,35.2008,15.3089,15.2794,0.0295,54.6988,6.8883,-2.0352,33797.2451,NA,NA,NA
valheim.exe,8100,0x147123C9510,DXGI,1,0,0,Hardware: Independent Flip,33818.7432,9.3813,9.1989,0.1824,29.0116,1.5048,1.4720,0.0328,40.0890,13.9268,14.6098,33818.7432,NA,NA,NA
valheim.exe,8100,0x147123C9510,DXGI,1,0,0,Hardware: Independent Flip,33828.1245,28.0943,27.8794,0.2149,21.1351,18.6702,14.5406,4.1296,44.6345,13.8645,-4.5455,33828.1245,NA,41.7362,NA
valheim.exe,8100,0x147123C9510,DXGI,1,0,0,Hardware: Independent Flip,33856.2188,14.7866,14.5742,0.2124,11.7110,14.8414,14.6570,0.1844,30.4047,13.9267,14.2298,33856.2188,NA,NA,NA
valheim.exe,8100,0x147123C9510,DXGI,1,0,0,Hardware: Independent Flip,33871.0054,12.2744,12.1005,0.1739,11.7658,16.4100,16.4100,0.0000,29.5448,27.8127,0.8599,33871.0054,NA,NA,NA
valheim.exe,8100,0x147123C9510,DXGI,1,0,0,Hardware: Independent Flip,33883.2798,9.2057,9.0346,0.1711,15.9014,26.2167,26.2167,0.0000,45.0831,6.9587,-15.5383,33883.2798,NA,NA,NA
valheim.exe,8100,0x147123C9510,DXGI,1,0,0,Hardware: Independent Flip,33892.4855,13.9461,13.6438,0.3023,32.9844,2.5295,2.5036,0.0259,42.8361,6.9467,2.2470,33892.4855,NA,NA,NA
valheim.exe,8100,0x147123C9510,DXGI,1,0,0,Hardware: Independent Flip,33906.4316,13.3505,13.1530,0.1975,21.5678,13.4948,13.4007,0.0941,35.8367,20.8144,6.9994,33906.4316,NA,NA,NA
valheim.exe,8100,0x147123C9510,DXGI,1,0,0,Hardware: Independent Flip,33919.7821,25.0556,24.8677,0.1879,21.7121,14.7136,14.5880,0.1256,43.3006,27.8103,-7.4639,33919.7821,NA,NA,NA
valheim.exe,8100,0x147123C9510,DXGI,1,0,0,Hardware: Independent Flip,33944.8377,12.6178,12.3966,0.2212,11.3701,27.9849,27.9849,0.0000,46.0553,6.9635,-2.7547,33944.8377,NA,NA,NA
valheim.exe,8100,0x147123C9510,DXGI,1,0,0,Hardware: Independent Flip,33957.4555,8.0656,7.9289,0.1367,26.7372,12.3522,12.3065,0.0457,40.4010,6.9543,5.6543,33957.4555,NA,NA,NA
valheim.exe,8100,0x147123C9510,DXGI,1,0,0,Hardware: Independent Flip,33965.5211,15.1537,14.9886,0.1651,31.0238,2.9650,2.8953,0.0697,39.2897,20.8576,1.1113,33965.5211,NA,NA,NA
valheim.exe,8100,0x147123C9510,DXGI,1,0,0,Hardware: Independent Flip,33980.6748,26.7034,26.5114,0.1920,25.6943,15.0742,14.8510,0.2232,44.9936,20.8440,-5.7039,33980.6748,NA,NA,NA
valheim.exe,8100,0x147123C9510,DXGI,1,0,0,Hardware: Independent Flip,34007.3782,14.2940,14.0957,0.1983,14.0651,24.6576,24.6290,0.0286,39.1342,20.8636,5.8594,34007.3782,NA,NA,NA
valheim.exe,8100,0x147123C9510,DXGI,1,0,0,Hardware: Independent Flip,34021.6722,10.0698,9.8698,0.2000,24.5028,16.8212,16.7873,0.0339,45.7038,13.8976,-6.5696,34021.6722,NA,NA,NA
valheim.exe,8100,0x147123C9510,DXGI,1,0,0,Hardware: Independent Flip,34031.7420,14.0967,13.8987,0.1980,31.2542,14.8116,14.7742,0.0374,49.5316,6.9519,-3.8278,34031.7420,NA,NA,NA
valheim.exe,8100,0x147123C9510,DXGI,1,0,0,Hardware: Independent Flip,34045.8387,18.2588,18.0812,0.1776,31.9691,3.7621,3.7014,0.0607,42.3868,13.9028,7.1448,34045.8387,NA,NA,NA
valheim.exe,8100,0x147123C9510,DXGI,1,0,0,Hardware: Independent Flip,34064.0975,21.1272,20.9571,0.1701,20.3234,12.8269,12.7238,0.1031,38.0308,27.9182,4.3560,34064.0975,NA,20.1540,NA
valheim.exe,8100,0x147123C9510,DXGI,1,0,0,Hardware: Independent Flip,34085.2247,15.0907,14.8659,0.2248,12.0231,25.7397,25.6750,0.0647,44.8218,6.8453,-6.7910,34085.2247,NA,NA,NA
valheim.exe,8100,0x147123C9510,DXGI,1,0,0,Hardware: Independent Flip,34100.3154,10.2044,10.0412,0.1632,22.7950,5.6849,5.5627,0.1222,36.5764,13.9038,8.2454,34100.3154,NA,28.9432,NA
valheim.exe,8100,0x147123C9510,DXGI,1,0,0,Hardware: Independent Flip,34110.5198,19.8829,19.6013,0.2816,18.7782,14.7944,14.7130,0.0814,40.2758,20.8652,-3.6994,34110.5198,NA,NA,NA
valheim.exe,8100,0x147123C9510,DXGI,1,0,0,Hardware: Independent Flip,34130.4027,21.0508,20.8664,0.1844,19.7653,14.5921,14.4680,0.1241,41.2581,13.8527,-0.9823,34130.4027,NA,54.7105,NA
valheim.exe,8100,0x147123C9510,DXGI,1,0,0,Hardware: Independent Flip,34151.4535,21.4553,21.1835,0.2718,20.3279,12.8938,12.7808,0.1130,34.0600,27.8201,7.1981,34151.4535,NA,NA,NA
valheim.exe,8100,0x147123C9510,DXGI,1,0,0,Hardware: Independent Flip,34172.9088,13.5382,13.2671,0.2711,11.8152,28.2435,28.2035,0.0400,40.4248,20.8468,-6.3648,34172.9088,NA,NA,NA
valheim.exe,8100,0x147123C9510,DXGI,1,0,0,Hardware: Independent Flip,34186.4470,10.5210,10.3519,0.1691,26.5883,15.1981,15.1981,0.0000,47.7334,13.9880,-7.3086,34186.4470,NA,NA,NA
valheim.exe,8100,0x147123C9510,DXGI,1,0,0,Hardware: Independent Flip,34196.9680,9.7121,9.5066,0.2055,31.2654,15.2344,15.2099,0.0245,51.2004,6.8743,-3.4670,34196.9680,NA,NA,NA
valheim.exe,8100,0x147123C9510,DXGI,1,0,0,Hardware: Independent Flip,34206.6801,22.4632,22.2838,0.1794,36.7877,1.1649,1.0756,0.0893,48.3626,6.9358,2.8378,34206.6801,NA,NA,NA
valheim.exe,8100,0x147123C9510,DXGI,1,0,0,Hardware: Independent Flip,34229.1433,20.5685,20.4205,0.1480,15.4894,16.1362,15.2950,0.8412,32.8352,27.8225,15.5274,34229.1433,NA,22.0184,NA
valheim.exe,8100,0x147123C9510,DXGI,1,0,0,Hardware: Independent Flip,34249.7118,13.2083,12.9409,0.2674,11.1345,27.5625,27.5625,0.0000,40.0892,13.9002,-7.2540,34249.7118,NA,31.8390,NA
valheim.exe,8100,0x147123C9510,DXGI,1,0,0,Hardware: Independent Flip,34262.9201,9.7835,9.6232,0.1603,25.4887,12.4654,12.4471,0.0183,40.7811,20.8488,-0.6919,34262.9201,NA,36.7278,NA
valheim.exe,8100,0x147123C9510,DXGI,1,0,0,Hardware: Independent Flip,34272.7036,11.7080,11.5592,0.1488,28.1706,17.6816,17.6816,0.0000,51.8464,14.0022,-11.0653,34272.7036,NA,NA,NA
valheim.exe,8100,0x147123C9510,DXGI,1,0,0,Hardware: Independent Flip,34284.4116,21.7578,21.5273,0.2305,34.1442,14.7605,14.7605,0.0000,54.1406,6.8522,-2.2942,34284.4116,NA,45.5790,NA
valheim.exe,8100,0x147123C9510,DXGI,1,0,0,Hardware: Independent Flip,34306.1694,13.4426,13.2978,0.1448,27.1469,3.2294,3.0794,0.1500,39.2350,27.8225,14.9056,34306.1694,NA,NA,NA
valheim.exe,8100,0x147123C9510,DXGI,1,0,0,Hardware: Independent Flip,34319.6120,21.7962,21.6161,0.1801,20.9049,25.9588,25.9271,0.0317,53.6149,13.9003,-14.3799,34319.6120,NA,NA,NA
valheim.exe,8100,0x147123C9510,DXGI,1,0,0,Hardware: Independent Flip,34341.4082,10.2565,10.0683,0.1882,25.0675,13.8963,13.8046,0.0917,45.7190,6.9580,7.8959,34341.4082,NA,NA,NA
valheim.exe,8100,0x147123C9510,DXGI,1,0,0,Hardware: Independent Flip,34351.6647,13.9676,13.7315,0.2361,28.7073,3.8714,3.7861,0.0853,42.4205,13.8930,3.2985,34351.6647,NA,NA,NA
valheim.exe,8100,0x147123C9510,DXGI,1,0,0,Hardware: Independent Flip,34365.6323,26.6778,26.4757,0.2021,25.8195,14.4630,14.2427,0.2203,42.3459,27.7906,0.0746,34365.6323,NA,NA,NA
valheim.exe,8100,0x147123C9510,DXGI,1,0,0,Hardware: Independent Flip,34392.3101,13.2029,12.9937,0.2092,13.6047,26.1361,26.1361,0.0000,43.4587,13.9562,-1.1128,34392.3101,NA,NA,NA
valheim.exe,8100,0x147123C9510,DXGI,1,0,0,Hardware: Independent Flip,34405.5130,13.2394,13.0632,0.1762,26.5379,13.0381,12.9680,0.0701,44.2120,6.9143,-0.7533,34405.5130,NA,NA,NA
valheim.exe,8100,0x147123C9510,DXGI,1,0,0,Hardware: Independent Flip,34418.7524,9.2908,9.0883,0.2025,26.3366,5.1998,5.1071,0.0927,37.8869,13.9256,6.3251,34418.7524,NA,NA,NA
valheim.exe,8100,0x147123C9510,DXGI,1,0,0,Hardware: Independent Flip,34428.0432,24.4732,24.2410,0.2322,22.5772,15.7474,15.5548,0.1926,42.5217,13.8851,-4.6348,34428.0432,NA,NA,NA
valheim.exe,8100,0x147123C9510,DXGI,1,0,0,Hardware: Independent Flip,34452.5164,16.5307,16.3449,0.1858,15.0359,15.0472,14.8597,0.1875,31.9336,27.7875,10.5881,34452.5164,NA,NA,NA
valheim.exe,8100,0x147123C9510,DXGI,1,0,0,Hardware: Independent Flip,34469.0471,13.6377,13.4036,0.2341,13.6333,24.6839,24.6839,0.0000,43.1904,13.9284,-11.2568,34469.0471,NA,NA,NA
valheim.exe,8100,0x147123C9510,DXGI,1,0,0,Hardware: Independent Flip,34482.6848,8.6823,8.4635,0.2188,24.7495,15.8738,15.8738,0.0000,43.4811,6.9128,-0.2907,34482.6848,NA,NA,NA
valheim.exe,8100,0x147123C9510,DXGI,1,0,0,Hardware: Independent Flip,34491.3671,13.2357,13.0610,0.1747,32.0808,3.2777,3.1941,0.0836,41.7116,27.8798,1.7695,34491.3671,NA,NA,NA
valheim.exe,8100,0x147123C9510,DXGI,1,0,0,Hardware: Independent Flip,34504.6028,23.4314,23.1715,0.2599,22.1228,27.3297,27.2399,0.0898,56.3557,6.9056,-14.6441,34504.6028,NA,NA,NA
valheim.exe,8100,0x147123C9510,DXGI,1,0,0,Hardware: Independent Flip,34528.0342,11.3194,11.1586,0.1608,26.0878,3.2725,3.2089,0.0636,39.8299,6.9652,16.5258,34528.0342,NA,NA,NA
valheim.exe,8100,0x147123C9510,DXGI,1,0,0,Hardware: Independent Flip,34539.3536,8.9132,8.7778,0.1354,18.0409,13.0933,13.0444,0.0489,35.4757,13.8818,4.3542,34539.3536,NA,NA,NA
valheim.exe,8100,0x147123C9510,DXGI,1,0,0,Hardware: Independent Flip,34548.2668,28.8950,28.6102,0.2848,27.1895,13.0666,12.9242,0.1424,40.4443,27.7944,-4.9686,34548.2668,NA,17.7343,NA
valheim.exe,8100,0x147123C9510,DXGI,1,0,0,Hardware: Independent Flip,34577.1618,13.9031,13.7181,0.1850,11.3611,27.1342,27.1342,0.0000,39.3437,20.8522,1.1006,34577.1618,NA,30.5162,NA
valheim.exe,8100,0x147123C9510,DXGI,1,0,0,Hardware: Independent Flip,34591.0649,10.0810,9.9351,0.1459,24.5922,15.3835,15.3322,0.0513,46.2928,13.9698,-6.9491,34591.0649,NA,37.4134,NA
valheim.exe,8100,0x147123C9510,DXGI,1,0,0,Hardware: Independent Flip,34601.1459,9.8630,9.7353,0.1277,29.8947,15.5827,15.5827,0.0000,50.1816,6.8540,-3.8888,34601.1459,NA,NA,NA
valheim.exe,8100,0x147123C9510,DXGI,1,0,0,Hardware: Independent Flip,34611.0089,18.5348,18.3668,0.1680,35.6144,3.9833,3.9267,0.0566,47.1726,20.8799,3.0090,34611.0089,NA,NA,NA
valheim.exe,8100,0x147123C9510,DXGI,1,0,0,Hardware: Independent Flip,34629.5437,22.8382,22.6788,0.1594,21.3766,26.0036,25.9483,0.0553,49.5177,20.8608,-2.3451,34629.5437,NA,39.0711,NA
valheim.exe,8100,0x147123C9510,DXGI,1,0,0,Hardware: Independent Flip,34652.3819,10.8936,10.7433,0.1503,24.5420,16.5180,16.5180,0.0000,47.5403,13.9959,1.9774,34652.3819,NA,NA,NA
valheim.exe,8100,0x147123C9510,DXGI,1,0,0,Hardware: Independent Flip,34663.2755,8.3219,8.1790,0.1429,30.2426,15.9418,15.8477,0.0941,50.6426,6.8691,-3.1023,34663.2755,NA,NA,NA
valheim.exe,8100,0x147123C9510,DXGI,1,0,0,Hardware: Independent Flip,34671.5974,21.2399,21.0111,0.2288,37.8625,3.1570,3.0333,0.1237,49.1898,13.8833,1.4528,34671.5974,NA,56.7964,NA
valheim.exe,8100,0x147123C9510,DXGI,1,0,0,Hardware: Independent Flip,34692.8373,24.3952,24.2221,0.1731,22.9540,15.2939,15.0886,0.2053,41.8332,27.8192,7.3566,34692.8373,NA,20.6975,NA
valheim.exe,8100,0x147123C9510,DXGI,1,0,0,Hardware: Independent Flip,34717.2325,13.9455,13.6940,0.2515,13.8527,24.5618,24.4966,0.0652,45.2572,13.9304,-3.4240,34717.2325,NA,NA,NA
valheim.exe,8100,0x147123C9510,DXGI,1,0,0,Hardware: Independent Flip,34731.1780,11.9728,11.8204,0.1524,24.5508,16.8075,16.8075,0.0000,45.2421,6.9245,0.0151,34731.1780,NA,NA,NA
valheim.exe,8100,0x147123C9510,DXGI,1,0,0,Hardware: Independent Flip,34743.1508,9.1975,9.0272,0.1703,29.3855,2.7845,2.7019,0.0826,40.1938,27.7802,5.0483,34743.1508,NA,NA,NA
valheim.exe,8100,0x147123C9510,DXGI,1,0,0,Hardware: Independent Flip,34752.3483,29.2752,29.0672,0.2080,28.3797,26.4116,26.3334,0.0782,58.7765,13.9763,-18.5827,34752.3483,NA,46.1462,NA
valheim.exe,8100,0x147123C9510,DXGI,1,0,0,Hardware: Independent Flip,34781.6235,10.4158,10.2466,0.1692,25.5161,12.9091,12.9091,0.0000,43.4776,6.9123,15.2989,34781.6235,NA,NA,NA
valheim.exe,8100,0x147123C9510,DXGI,1,0,0,Hardware: Independent Flip,34792.0393,11.0123,10.8499,0.1624,28.0094,2.2535,2.2056,0.0479,39.9741,27.7679,3.5035,34792.0393,NA,NA,NA
valheim.exe,8100,0x147123C9510,DXGI,1,0,0,Hardware: Independent Flip,34803.0516,31.5923,31.3861,0.2062,19.2996,35.7692,26.3563,9.4129,56.7297,20.8370,-16.7556,34803.0516,NA,63.8189,NA
valheim.exe,8100,0x147123C9510,DXGI,1,0,0,Hardware: Independent Flip,34834.6439,11.1550,10.9838,0.1712,23.4765,15.6382,15.6382,0.0000,45.9744,13.9938,10.7553,34834.6439,NA,40.6566,NA
valheim.exe,8100,0x147123C9510,DXGI,1,0,0,Hardware: Independent Flip,34845.7989,10.8591,10.7032,0.1559,28.0269,15.7792,15.7792,0.0000,48.8132,6.9106,-2.8388,34845.7989,NA,NA,NA
valheim.exe,8100,0x147123C9510,DXGI,1,0,0,Hardware: Independent Flip,34856.6580,13.4474,13.2806,0.1668,32.9470,3.6530,3.4943,0.1587,44.8647,6.8878,3.9485,34856.6580,NA,NA,NA
valheim.exe,8100,0x147123C9510,DXGI,1,0,0,Hardware: Independent Flip,34870.1054,23.7020,23.5020,0.2000,23.1526,14.6395,14.5833,0.0562,38.3051,27.8149,6.5596,34870.1054,NA,NA,NA
valheim.exe,8100,0x147123C9510,DXGI,1,0,0,Hardware: Independent Flip,34893.8074,13.7365,13.4956,0.2409,14.1616,25.6837,25.6623,0.0214,42.4180,13.9758,-4.1129,34893.8074,NA,NA,NA
valheim.exe,8100,0x147123C9510,DXGI,1,0,0,Hardware: Independent Flip,34907.5439,8.5052,8.3189,0.1863,26.1088,12.7181,12.5392,0.1789,42.6573,13.8804,-0.2393,34907.5439,NA,44.2222,NA
valheim.exe,8100,0x147123C9510,DXGI,1,0,0,Hardware: Independent Flip,34916.0491,7.1144,6.9821,0.1323,30.3217,16.5567,16.5547,0.0020,48.0325,13.8891,-5.3752,34916.0491,NA,NA,NA
valheim.exe,8100,0x147123C9510,DXGI,1,0,0,Hardware: Independent Flip,34923.1635,26.4977,26.3218,0.1759,39.7640,14.6717,14.6717,0.0000,54.8072,20.8481,-6.7747,34923.1635,NA,46.0067,NA
valheim.exe,8100,0x147123C9510,DXGI,1,0,0,Hardware: Independent Flip,34949.6612,14.6939,14.3595,0.3344,28.0219,15.4767,15.3684,0.1083,49.1576,14.0059,5.6496,34949.6612,NA,52.7668,NA
valheim.exe,8100,0x147123C9510,DXGI,1,0,0,Hardware: Independent Flip,34964.3551,13.8097,13.5383,0.2714,28.8047,15.4514,15.3816,0.0698,48.4696,6.9081,0.6880,34964.3551,NA,49.8569,NA
valheim.exe,8100,0x147123C9510,DXGI,1,0,0,Hardware: Independent Flip,34978.1648,10.5271,10.3557,0.1714,30.4464,0.7540,0.6280,0.1260,41.5680,20.7929,6.9016,34978.1648,NA,43.7118,NA
valheim.exe,8100,0x147123C9510,DXGI,1,0,0,Hardware: Independent Flip,34988.6919,27.8889,27.7147,0.1742,20.7271,31.0150,26.9137,4.1013,51.8338,34.7798,-10.2658,34988.6919,NA,27.5893,NA
valheim.exe,8100,0x147123C9510,DXGI,1,0,0,Hardware: Independent Flip,35016.5808,12.3068,12.0698,0.2370,23.8532,29.5513,29.5513,0.0000,58.7247,6.9782,-6.8909,35016.5808,NA,48.3588,NA
valheim.exe,8100,0x147123C9510,DXGI,1,0,0,Hardware: Independent Flip,35028.8876,12.1410,11.8248,0.3162,41.0977,2.0525,2.0525,0.0000,53.3961,6.8998,5.3286,35028.8876,NA,42.3277,NA
valheim.exe,8100,0x147123C9510,DXGI,1,0,0,Hardware: Independent Flip,35041.0286,10.5970,10.4246,0.1724,34.3404,0.2714,0.2430,0.0284,48.1549,27.8115,5.2412,35041.0286,NA,48.2337,NA
valheim.exe,8100,0x147123C9510,DXGI,1,0,0,Hardware: Independent Flip,35051.6256,38.9470,38.7881,0.1589,38.1800,27.0851,27.0402,0.0449,65.3694,6.9516,-17.2145,35051.6256,NA,27.0603,NA
valheim.exe,8100,0x147123C9510,DXGI,1,0,0,Hardware: Independent Flip,35090.5726,10.5314,10.3150,0.2164,26.3181,3.7300,3.7267,0.0033,33.3740,27.8020,31.9954,35090.5726,NA,25.0112,NA
valheim.exe,8100,0x147123C9510,DXGI,1,0,0,Hardware: Independent Flip,35101.1040,6.8708,6.7364,0.1344,19.5167,25.9356,25.9356,0.0000,50.6446,13.9534,-17.2706,35101.1040,NA,NA,NA
valheim.exe,8100,0x147123C9510,DXGI,1,0,0,Hardware: Independent Flip,35107.9748,23.3173,23.1123,0.2050,38.5815,16.8325,16.8325,0.0000,57.7272,6.8996,-7.0826,35107.9748,NA,36.7542,NA
valheim.exe,8100,0x147123C9510,DXGI,1,0,0,Hardware: Independent Flip,35131.2921,11.0802,10.9051,0.1751,32.0967,3.2656,3.1795,0.0861,41.3095,27.8286,16.4177,35131.2921,NA,NA,NA
valheim.exe,8100,0x147123C9510,DXGI,1,0,0,Hardware: Independent Flip,35142.3723,28.3315,28.0327,0.2988,26.6624,26.9306,26.8380,0.0926,58.0579,13.9608,-16.7484,35142.3723,NA,67.4634,NA
valheim.exe,8100,0x147123C9510,DXGI,1,0,0,Hardware: Independent Flip,35170.7038,11.4876,11.2615,0.2261,25.2615,13.4976,13.4976,0.0000,43.6872,6.8677,14.3707,35170.7038,NA,NA,NA
valheim.exe,8100,0x147123C9510,DXGI,1,0,0,Hardware: Independent Flip,35182.1914,7.7496,7.5906,0.1590,27.4069,2.4073,2.3527,0.0546,39.0673,6.9386,4.6199,35182.1914,NA,NA,NA
valheim.exe,8100,0x147123C9510,DXGI,1,0,0,Hardware: Independent Flip,35189.9410,26.2316,26.0443,0.1873,22.0646,16.1199,15.2485,0.8714,38.2563,34.7732,0.8110,35189.9410,NA,NA,NA
valheim.exe,8100,0x147123C9510,DXGI,1,0,0,Hardware: Independent Flip,35216.1726,13.1620,12.9223,0.2397,11.9529,30.2137,30.2137,0.0000,46.7979,13.9420,-8.5416,35216.1726,NA,NA,NA
valheim.exe,8100,0x147123C9510,DXGI,1,0,0,Hardware: Independent Flip,35229.3346,10.2777,10.0984,0.1793,29.0046,15.3641,15.3641,0.0000,47.5779,6.9065,-0.7800,35229.3346,NA,NA,NA
valheim.exe,8100,0x147123C9510,DXGI,1,0,0,Hardware: Independent Flip,35239.6123,12.2423,12.0707,0.1716,34.0910,3.2840,3.1931,0.0909,44.2067,27.8734,3.3712,35239.6123,NA,NA,NA
valheim.exe,8100,0x147123C9510,DXGI,1,0,0,Hardware: Independent Flip,35251.8546,29.8659,29.6797,0.1862,29.0004,25.7459,25.6992,0.0467,59.8378,6.9309,-15.6311,35251.8546,NA,NA,NA
valheim.exe,8100,0x147123C9510,DXGI,1,0,0,Hardware: Independent Flip,35281.7205,8.9277,8.7216,0.2061,24.8804,0.4866,0.4405,0.0461,36.9028,6.9234,22.9350,35281.7205,NA,NA,NA
valheim.exe,8100,0x147123C9510,DXGI,1,0,0,Hardware: Independent Flip,35290.6482,10.6131,10.4332,0.1799,16.4393,18.0294,17.9787,0.0507,34.8985,20.8317,2.0043,35290.6482,NA,NA,NA
valheim.exe,8100,0x147123C9510,DXGI,1,0,0,Hardware: Independent Flip,35301.2613,25.2978,25.0455,0.2523,23.9459,15.5754,15.4217,0.1537,45.1171,27.8046,-10.2186,35301.2613,NA,NA,NA
valheim.exe,8100,0x147123C9510,DXGI,1,0,0,Hardware: Independent Flip,35326.5591,19.4890,19.2812,0.2078,18.2450,26.9991,26.9507,0.0484,47.6239,13.9228,-2.5068,35326.5591,NA,NA,NA
valheim.exe,8100,0x147123C9510,DXGI,1,0,0,Hardware: Independent Flip,35346.0481,10.9331,10.7051,0.2280,25.7551,12.7952,12.7491,0.0461,42.0577,13.8573,5.5662,35346.0481,NA,NA,NA
valheim.exe,8100,0x147123C9510,DXGI,1,0,0,Hardware: Independent Flip,35356.9812,7.6232,7.4484,0.1748,27.6172,15.0687,15.0601,0.0086,44.9819,13.9829,-2.9242,35356.9812,NA,NA,NA
valheim.exe,8100,0x147123C9510,DXGI,1,0,0,Hardware: Independent Flip,35364.6044,23.2227,23.0267,0.1960,35.0627,14.8474,14.8474,0.0000,51.3416,6.9062,-6.3597,35364.6044,NA,NA,NA
valheim.exe,8100,0x147123C9510,DXGI,1,0,0,Hardware: Independent Flip,35387.8271,14.0590,13.8579,0.2011,26.6874,0.4971,0.4528,0.0443,35.0251,13.8746,16.3165,35387.8271,NA,NA,NA
valheim.exe,8100,0x147123C9510,DXGI,1,0,0,Hardware: Independent Flip,35401.8861,13.2389,13.0282,0.2107,13.1703,14.7888,14.7514,0.0374,34.8407,27.8671,0.1844,35401.8861,NA,NA,NA
valheim.exe,8100,0x147123C9510,DXGI,1,0,0,Hardware: Independent Flip,35415.1250,11.2848,11.0935,0.1913,14.7202,31.4022,31.2850,0.1172,49.4689,6.9074,-14.6282,35415.1250,NA,NA,NA
valheim.exe,8100,0x147123C9510,DXGI,1,0,0,Hardware: Independent Flip,35426.4098,16.6282,16.4511,0.1771,34.8376,2.3851,2.3017,0.0834,45.0915,6.9628,4.3774,35426.4098,NA,NA,NA
valheim.exe,8100,0x147123C9510,DXGI,1,0,0,Hardware: Independent Flip,35443.0380,20.1800,19.9776,0.2024,20.5945,12.4946,12.3800,0.1146,35.4261,27.7885,9.6654,35443.0380,NA,NA,NA
valheim.exe,8100,0x147123C9510,DXGI,1,0,0,Hardware: Independent Flip,35463.2180,18.7674,18.5221,0.2453,13.0011,29.3762,26.2282,3.1480,43.0346,13.9020,-7.6085,35463.2180,NA,NA,NA
valheim.exe,8100,0x147123C9510,DXGI,1,0,0,Hardware: Independent Flip,35481.9854,6.6972,6.4877,0.2095,23.6782,12.6759,12.6759,0.0000,38.1692,20.8941,4.8654,35481.9854,NA,NA,NA
valheim.exe,8100,0x147123C9510,DXGI,1,0,0,Hardware: Independent Flip,35488.6826,11.5706,11.4059,0.1647,29.6569,15.7724,15.6707,0.1017,52.3661,13.9400,-14.1969,35488.6826,NA,NA,NA
valheim.exe,8100,0x147123C9510,DXGI,1,0,0,Hardware: Independent Flip,35500.2532,19.0730,18.8686,0.2044,33.9234,14.8775,14.8693,0.0082,54.7355,6.8997,-2.3694,35500.2532,NA,NA,NA
valheim.exe,8100,0x147123C9510,DXGI,1,0,0,Hardware: Independent Flip,35519.3262,10.8941,10.7131,0.1810,29.7279,3.7673,3.7100,0.0573,42.5622,20.8127,12.1733,35519.3262,NA,NA,NA
valheim.exe,8100,0x147123C9510,DXGI,1,0,0,Hardware: Independent Flip,35530.2203,25.5727,25.3083,0.2644,25.0634,24.3939,24.3061,0.0878,52.4808,13.9245,-9.9186,35530.2203,NA,NA,NA
valheim.exe,8100,0x147123C9510,DXGI,1,0,0,Hardware: Independent Flip,35555.7930,12.0155,11.7632,0.2523,23.9853,15.7244,15.7190,0.0054,40.8326,13.8891,11.6482,35555.7930,NA,NA,NA
valheim.exe,8100,0x147123C9510,DXGI,1,0,0,Hardware: Independent Flip,35567.8085,10.7465,10.5882,0.1583,27.7582,14.7634,14.7634,0.0000,42.7062,20.8578,-1.8736,35567.8085,NA,NA,NA
valheim.exe,8100,0x147123C9510,DXGI,1,0,0,Hardware: Independent Flip,35578.5550,16.6614,16.4808,0.1806,31.8268,14.2449,14.2359,0.0090,52.8175,7.0134,-10.1113,35578.5550,NA,NA,NA
valheim.exe,8100,0x147123C9510,DXGI,1,0,0,Hardware: Independent Flip,35595.2164,9.2668,9.1254,0.1414,29.4103,12.6988,12.6988,0.0000,43.1695,6.9252,9.6480,35595.2164,NA,NA,NA
valheim.exe,8100,0x147123C9510,DXGI,1,0,0,Hardware: Independent Flip,35604.4832,16.1830,16.0224,0.1606,32.8423,3.4632,3.3539,0.1093,40.8279,27.7772,2.3416,35604.4832,NA,NA,NA
valheim.exe,8100,0x147123C9510,DXGI,1,0,0,Hardware: Independent Flip,35620.6662,22.3764,22.1492,0.2272,21.0572,25.3921,25.3467,0.0454,52.4221,6.9658,-11.5942,35620.6662,NA,NA,NA
valheim.exe,8100,0x147123C9510,DXGI,1,0,0,Hardware: Independent Flip,35643.0426,6.1908,6.0336,0.1572,24.0729,12.0630,12.0409,0.0221,37.0115,13.8854,15.4106,35643.0426,NA,NA,NA
valheim.exe,8100,0x147123C9510,DXGI,1,0,0,Hardware: Independent Flip,35649.2334,9.0291,8.8920,0.1371,30.0218,7.7121,7.5947,0.1174,44.7061,20.8721,-7.6946,35649.2334,NA,NA,NA
valheim.exe,8100,0x147123C9510,DXGI,1,0,0,Hardware: Independent Flip,35658.2625,29.5736,29.2843,0.2893,28.8193,26.5763,26.5763,0.0000,56.5491,13.9098,-11.8430,35658.2625,NA,NA,NA
valheim.exe,8100,0x147123C9510,DXGI,1,0,0,Hardware: Independent Flip,35687.8361,10.9781,10.7994,0.1787,25.8220,12.5480,12.5053,0.0427,40.8853,6.9435,15.6638,35687.8361,NA,NA,NA
valheim.exe,8100,0x147123C9510,DXGI,1,0,0,Hardware: Independent Flip,35698.8142,7.6284,7.4538,0.1746,27.4999,2.0507,1.9895,0.0612,36.8507,6.9650,4.0346,35698.8142,NA,NA,NA
valheim.exe,8100,0x147123C9510,DXGI,1,0,0,Hardware: Independent Flip,35706.4426,23.5897,23.3616,0.2281,21.9222,13.0925,13.0536,0.0389,36.1873,27.7731,0.6634,35706.4426,NA,NA,NA
valheim.exe,8100,0x147123C9510,DXGI,1,0,0,Hardware: Independent Flip,35730.0323,12.4634,12.2048,0.2586,11.5436,28.1085,28.0347,0.0738,40.3707,13.9185,-4.1834,35730.0323,NA,NA,NA
valheim.exe,8100,0x147123C9510,DXGI,1,0,0,Hardware: Independent Flip,35742.4957,7.9431,7.7558,0.1873,27.1887,14.0986,14.0333,0.0653,41.8258,6.9274,-1.4551,35742.4957,NA,NA,NA
valheim.exe,8100,0x147123C9510,DXGI,1,0,0,Hardware: Independent Flip,35750.4388,11.1049,10.9315,0.1734,33.3442,3.9893,3.8692,0.1201,40.8101,27.8669,1.0157,35750.4388,NA,NA,NA
valheim.exe,8100,0x147123C9510,DXGI,1,0,0,Hardware: Independent Flip,35761.5437,24.7220,24.4982,0.2238,26.2286,24.3164,24.2696,0.0468,57.5721,6.9064,-16.7620,35761.5437,NA,NA,NA
valheim.exe,8100,0x147123C9510,DXGI,1,0,0,Hardware: Independent Flip,35786.2657,13.1666,12.9676,0.1990,25.8926,0.3184,0.3008,0.0176,39.7565,6.9660,17.8156,35786.2657,NA,NA,NA
valheim.exe,8100,0x147123C9510,DXGI,1,0,0,Hardware: Independent Flip,35799.4323,7.2081,7.0024,0.2057,13.0685,14.7790,14.7484,0.0306,33.5559,27.7888,6.2006,35799.4323,NA,NA,NA
valheim.exe,8100,0x147123C9510,DXGI,1,0,0,Hardware: Independent Flip,35806.6404,27.7420,27.5634,0.1786,20.6394,30.3126,26.5673,3.7453,54.1366,13.9151,-20.5807,35806.6404,NA,NA,NA
valheim.exe,8100,0x147123C9510,DXGI,1,0,0,Hardware: Independent Flip,35834.3824,10.8467,10.6684,0.1783,23.2100,15.8172,15.8172,0.0000,40.3097,13.8925,13.8269,35834.3824,NA,NA,NA
valheim.exe,8100,0x147123C9510,DXGI,1,0,0,Hardware: Independent Flip,35845.2291,11.1780,11.0067,0.1713,28.2593,14.2464,14.2464,0.0000,43.3555,13.8891,-3.0458,35845.2291,NA,NA,NA
valheim.exe,8100,0x147123C9510,DXGI,1,0,0,Hardware: Independent Flip,35856.4071,14.9387,14.7045,0.2342,31.4145,14.0267,14.0267,0.0000,46.0666,20.8535,-2.7111,35856.4071,NA,NA,NA
valheim.exe,8100,0x147123C9510,DXGI,1,0,0,Hardware: Independent Flip,35871.3458,16.9118,16.7173,0.1945,30.5587,14.5547,14.5547,0.0000,51.9814,7.0006,-5.9148,35871.3458,NA,NA,NA
valheim.exe,8100,0x147123C9510,DXGI,1,0,0,Hardware: Independent Flip,35888.2576,13.4536,13.2546,0.1990,28.2729,12.2790,12.2305,0.0485,42.0702,6.9205,9.9112,35888.2576,NA,NA,NA
valheim.exe,8100,0x147123C9510,DXGI,1,0,0,Hardware: Independent Flip,35901.7112,14.9751,14.6906,0.2845,27.1681,2.2633,2.1873,0.0760,35.5371,27.7989,6.5331,35901.7112,NA,NA,NA
valheim.exe,8100,0x147123C9510,DXGI,1,0,0,Hardware: Independent Flip,35916.6863,21.7720,21.5791,0.1929,14.4563,31.0651,27.0935,3.9716,48.3609,27.8131,-12.8238,35916.6863,NA,NA,NA
valheim.exe,8100,0x147123C9510,DXGI,1,0,0,Hardware: Independent Flip,35938.4583,8.0466,7.8848,0.1618,23.7494,27.8233,27.8233,0.0000,54.4020,6.9947,-6.0411,35938.4583,NA,NA,NA
valheim.exe,8100,0x147123C9510,DXGI,1,0,0,Hardware: Independent Flip,35946.5049,9.9991,9.8221,0.1770,43.5261,0.5161,0.5161,0.0000,53.3501,6.8828,1.0519,35946.5049,NA,NA,NA
valheim.exe,8100,0x147123C9510,DXGI,1,0,0,Hardware: Independent Flip,35956.5040,21.2723,21.0646,0.2077,36.4282,2.2157,2.1860,0.0297,50.2338,27.8038,3.1163,35956.5040,NA,NA,NA
valheim.exe,8100,0x147123C9510,DXGI,1,0,0,Hardware: Independent Flip,35977.7763,30.4904,30.2874,0.2030,29.5743,25.6977,25.6658,0.0319,56.7653,13.8957,-6.5315,35977.7763,NA,NA,NA
valheim.exe,8100,0x147123C9510,DXGI,1,0,0,Hardware: Independent Flip,36008.2667,10.2057,10.0260,0.1797,24.7816,14.8962,14.8657,0.0305,40.1706,6.9482,16.5947,36008.2667,NA,NA,NA
valheim.exe,8100,0x147123C9510,DXGI,1,0,0,Hardware: Independent Flip,36018.4724,8.6368,8.4447,0.1921,29.4721,0.7118,0.6629,0.0489,36.9131,27.8316,3.2575,36018.4724,NA,NA,NA
valheim.exe,8100,0x147123C9510,DXGI,1,0,0,Hardware: Independent Flip,36027.1092,23.6044,23.3883,0.2161,21.6383,29.9601,29.9601,0.0000,56.1079,14.0008,-19.1948,36027.1092,NA,NA,NA
valheim.exe,8100,0x147123C9510,DXGI,1,0,0,Hardware: Independent Flip,36050.7136,12.4117,12.2186,0.1931,27.9940,14.2690,14.2124,0.0566,46.5043,6.8563,9.6036,36050.7136,NA,NA,NA
valheim.exe,8100,0x147123C9510,DXGI,1,0,0,Hardware: Independent Flip,36063.1253,8.2267,8.0385,0.1882,29.8513,2.7125,2.6443,0.0682,40.9489,20.8254,5.5554,36063.1253,NA,NA,NA
valheim.exe,8100,0x147123C9510,DXGI,1,0,0,Hardware: Independent Flip,36071.3520,29.4467,29.2639,0.1828,28.5711,23.7158,23.6555,0.0603,53.5476,13.9328,-12.5987,36071.3520,NA,NA,NA
valheim.exe,8100,0x147123C9510,DXGI,1,0,0,Hardware: Independent Flip,36100.7987,7.3272,7.1414,0.1858,22.8402,12.5292,12.5292,0.0000,38.0337,20.8115,15.5139,36100.7987,NA,NA,NA
valheim.exe,8100,0x147123C9510,DXGI,1,0,0,Hardware: Independent Flip,36108.1259,10.8738,10.6553,0.2185,28.0422,18.9350,18.9350,0.0000,51.5180,13.9842,-13.4843,36108.1259,NA,NA,NA
valheim.exe,8100,0x147123C9510,DXGI,1,0,0,Hardware: Independent Flip,36118.9997,18.8402,18.5980,0.2422,36.1034,11.9867,11.9867,0.0000,54.6284,6.9108,-3.1104,36118.9997,NA,NA,NA
valheim.exe,8100,0x147123C9510,DXGI,1,0,0,Hardware: Independent Flip,36137.8399,13.6418,13.4617,0.1801,29.2499,2.9555,2.8525,0.1030,42.6990,6.9414,11.9294,36137.8399,NA,NA,NA
valheim.exe,8100,0x147123C9510,DXGI,1,0,0,Hardware: Independent Flip,36151.4817,22.6065,22.4028,0.2037,21.2434,12.5888,12.4310,0.1578,35.9986,20.8120,6.7004,36151.4817,NA,NA,NA
valheim.exe,8100,0x147123C9510,DXGI,1,0,0,Hardware: Independent Flip,36174.0882,11.8998,11.6948,0.2050,11.2257,16.3162,16.3162,0.0000,34.2041,20.9050,1.7945,36174.0882,NA,NA,NA
valheim.exe,8100,0x147123C9510,DXGI,1,0,0,Hardware: Independent Flip,36185.9880,10.3555,10.1598,0.1957,15.7484,26.4088,26.4088,0.0000,43.2093,13.9285,-9.0052,36185.9880,NA,NA,NA
valheim.exe,8100,0x147123C9510,DXGI,1,0,0,Hardware: Independent Flip,36196.3435,8.8035,8.6322,0.1713,31.8992,12.2559,12.2559,0.0000,46.7823,6.9535,-3.5730,36196.3435,NA,NA,NA
valheim.exe,8100,0x147123C9510,DXGI,1,0,0,Hardware: Independent Flip,36205.1470,15.2800,15.1101,0.1699,35.3516,2.4580,2.3367,0.1213,44.9323,13.8897,1.8500,36205.1470,NA,NA,NA
valheim.exe,8100,0x147123C9510,DXGI,1,0,0,Hardware: Independent Flip,36220.4270,24.8542,24.6624,0.1918,23.2215,15.8464,15.6331,0.2133,43.5420,20.8434,1.3903,36220.4270,NA,21.9727,NA
valheim.exe,8100,0x147123C9510,DXGI,1,0,0,Hardware: Independent Flip,36245.2812,13.4732,13.1751,0.2981,14.2137,24.5860,24.5860,0.0000,39.5312,34.7733,4.0108,36245.2812,NA,30.8350,NA
valheim.exe,8100,0x147123C9510,DXGI,1,0,0,Hardware: Independent Flip,36258.7544,10.8415,10.6687,0.1728,25.3265,31.2670,31.2670,0.0000,60.8313,6.9389,-21.3001,36258.7544,NA,54.6337,NA
valheim.exe,8100,0x147123C9510,DXGI,1,0,0,Hardware: Independent Flip,36269.5959,10.7388,10.6091,0.1297,45.8195,2.3197,2.3197,0.0000,56.9287,6.9619,3.9026,36269.5959,NA,NA,NA
valheim.exe,8100,0x147123C9510,DXGI,1,0,0,Hardware: Independent Flip,36280.3347,19.2525,18.9844,0.2681,39.3180,2.3458,2.3109,0.0349,53.1518,20.8167,3.7769,36280.3347,NA,47.4877,NA
valheim.exe,8100,0x147123C9510,DXGI,1,0,0,Hardware: Independent Flip,36299.5872,36.2273,35.9826,0.2447,35.1969,12.7235,12.5821,0.1414,54.7160,27.7869,-1.5642,36299.5872,NA,22.3546,NA
valheim.exe,8100,0x147123C9510,DXGI,1,0,0,Hardware: Independent Flip,36335.8145,15.1629,14.9164,0.2465,11.7895,28.9810,28.9456,0.0354,46.2756,13.9145,8.4404,36335.8145,NA,40.0901,NA
valheim.exe,8100,0x147123C9510,DXGI,1,0,0,Hardware: Independent Flip,36350.9774,12.4077,12.2358,0.1719,25.6076,13.6062,13.5698,0.0364,45.0272,6.9954,1.2484,36350.9774,NA,37.0533,NA
valheim.exe,8100,0x147123C9510,DXGI,1,0,0,Hardware: Independent Flip,36363.3851,10.8115,10.6309,0.1806,26.8061,7.9324,7.7971,0.1353,39.6149,27.7810,5.4123,36363.3851,NA,NA,NA
valheim.exe,8100,0x147123C9510,DXGI,1,0,0,Hardware: Independent Flip,36374.1966,27.0892,26.8710,0.2182,26.0607,28.2082,28.1327,0.0755,56.5844,13.8789,-16.9695,36374.1966,NA,NA,NA
valheim.exe,8100,0x147123C9510,DXGI,1,0,0,Hardware: Independent Flip,36401.2858,10.4302,10.2616,0.1686,27.1797,13.2393,13.2393,0.0000,43.3741,13.8796,13.2103,36401.2858,NA,NA,NA
valheim.exe,8100,0x147123C9510,DXGI,1,0,0,Hardware: Independent Flip,36411.7160,11.3773,11.2085,0.1688,29.9888,15.2861,15.2356,0.0505,46.8235,6.9973,-3.4494,36411.7160,NA,NA,NA
valheim.exe,8100,0x147123C9510,DXGI,1,0,0,Hardware: Independent Flip,36423.0933,22.1738,21.9165,0.2573,33.8976,5.8719,5.7250,0.1469,42.4435,27.7884,4.3800,36423.0933,NA,24.5620,NA
valheim.exe,8100,0x147123C9510,DXGI,1,0,0,Hardware: Independent Flip,36445.2671,17.2608,16.9756,0.2852,17.5957,27.2988,27.2988,0.0000,48.0581,13.9076,-5.6146,36445.2671,NA,NA,NA
valheim.exe,8100,0x147123C9510,DXGI,1,0,0,Hardware: Independent Flip,36462.5279,8.7862,8.6032,0.1830,27.6983,15.4697,15.4697,0.0000,44.7049,13.9244,3.3532,36462.5279,NA,NA,NA
valheim.exe,8100,0x147123C9510,DXGI,1,0,0,Hardware: Independent Flip,36471.3141,10.8009,10.6654,0.1355,34.4669,13.1976,13.1673,0.0303,49.8431,20.8319,-5.1382,36471.3141,NA,NA,NA
valheim.exe,8100,0x147123C9510,DXGI,1,0,0,Hardware: Independent Flip,36482.1150,24.2705,24.1040,0.1665,36.8636,17.6030,17.6030,0.0000,59.8741,13.9675,-10.0310,36482.1150,NA,NA,NA
valheim.exe,8100,0x147123C9510,DXGI,1,0,0,Hardware: Independent Flip,36506.3855,14.9968,14.7490,0.2478,30.1961,15.1930,15.1930,0.0000,49.5711,6.8948,10.3030,36506.3855,NA,NA,NA
valheim.exe,8100,0x147123C9510,DXGI,1,0,0,Hardware: Independent Flip,36521.3823,10.9861,10.8061,0.1800,30.3923,3.3796,3.2746,0.1050,41.4691,27.8254,8.1020,36521.3823,NA,NA,NA
valheim.exe,8100,0x147123C9510,DXGI,1,0,0,Hardware: Independent Flip,36532.3684,27.3956,27.1894,0.2062,26.2887,26.3011,26.1722,0.1289,58.3084,13.8983,-16.8393,36532.3684,NA,NA,NA
valheim.exe,8100,0x147123C9510,DXGI,1,0,0,Hardware: Independent Flip,36559.7640,8.0083,7.8213,0.1870,25.1942,16.3926,16.3328,0.0598,44.8111,6.9196,13.4973,36559.7640,NA,NA,NA
valheim.exe,8100,0x147123C9510,DXGI,1,0,0,Hardware: Independent Flip,36567.7723,13.0112,12.8030,0.2082,33.8115,4.0165,3.8986,0.1179,43.7224,27.8055,1.0887,36567.7723,NA,NA,NA
valheim.exe,8100,0x147123C9510,DXGI,1,0,0,Hardware: Independent Flip,36580.7835,28.1311,27.9117,0.2194,27.0815,27.5603,27.5170,0.0433,58.5167,14.0490,-14.7943,36580.7835,NA,NA,NA
valheim.exe,8100,0x147123C9510,DXGI,1,0,0,Hardware: Independent Flip,36608.9146,10.4780,10.2981,0.1799,26.5107,12.8569,12.8569,0.0000,44.4346,6.7956,14.0821,36608.9146,NA,NA,NA
valheim.exe,8100,0x147123C9510,DXGI,1,0,0,Hardware: Independent Flip,36619.3926,9.1790,9.0149,0.1641,28.9880,2.7259,2.6646,0.0613,40.7522,13.9100,3.6824,36619.3926,NA,NA,NA
valheim.exe,8100,0x147123C9510,DXGI,1,0,0,Hardware: Independent Flip,36628.5716,28.9917,28.8019,0.1898,22.5349,19.9262,17.7903,2.1359,45.4832,34.7653,-4.7310,36628.5716,NA,23.1083,NA
valheim.exe,8100,0x147123C9510,DXGI,1,0,0,Hardware: Independent Flip,36657.5633,13.6454,13.4136,0.2318,13.4694,30.8926,30.7852,0.1074,51.2568,13.9283,-5.7736,36657.5633,NA,49.8592,NA
valheim.exe,8100,0x147123C9510,DXGI,1,0,0,Hardware: Independent Flip,36671.2087,11.0698,10.9400,0.1298,30.8262,17.3028,17.2596,0.0432,51.5397,6.9357,-0.2829,36671.2087,NA,NA,NA
valheim.exe,8100,0x147123C9510,DXGI,1,0,0,Hardware: Independent Flip,36682.2785,8.8104,8.6610,0.1494,37.0592,0.6362,0.5156,0.1206,47.4056,20.8312,4.1341,36682.2785,NA,NA,NA
valheim.exe,8100,0x147123C9510,DXGI,1,0,0,Hardware: Independent Flip,36691.0889,37.9828,37.7576,0.2252,31.4939,22.8749,17.3830,5.4919,59.4264,27.8257,-12.0208,36691.0889,NA,NA,NA
valheim.exe,8100,0x147123C9510,DXGI,1,0,0,Hardware: Independent Flip,36729.0717,19.6764,19.1710,0.5054,16.3860,30.2095,30.1639,0.0456,49.2693,20.8477,10.1571,36729.0717,NA,NA,NA
valheim.exe,8100,0x147123C9510,DXGI,1,0,0,Hardware: Independent Flip,36748.7481,7.7923,7.6055,0.1868,26.9191,16.8123,16.7864,0.0259,50.4406,6.9480,-1.1713,36748.7481,NA,NA,NA
valheim.exe,8100,0x147123C9510,DXGI,1,0,0,Hardware: Independent Flip,36756.5404,12.7931,12.6237,0.1694,35.9391,4.0209,3.9470,0.0739,49.5963,6.9283,0.8443,36756.5404,NA,NA,NA
valheim.exe,8100,0x147123C9510,DXGI,1,0,0,Hardware: Independent Flip,36769.3335,28.9118,28.7066,0.2052,27.1669,15.6086,15.5565,0.0521,43.7315,27.8382,5.8648,36769.3335,NA,NA,NA
valheim.exe,8100,0x147123C9510,DXGI,1,0,0,Hardware: Independent Flip,36798.2453,18.0196,17.8441,0.1755,16.0589,25.2533,25.1394,0.1139,42.6579,20.8508,1.0736,36798.2453,NA,NA,NA
valheim.exe,8100,0x147123C9510,DXGI,1,0,0,Hardware: Independent Flip,36816.2649,10.3654,10.1728,0.1926,23.3699,15.7980,15.7959,0.0021,45.4891,13.9194,-2.8312,36816.2649,NA,NA,NA
valheim.exe,8100,0x147123C9510,DXGI,1,0,0,Hardware: Independent Flip,36826.6303,11.7470,11.5685,0.1785,28.8025,14.9939,14.9939,0.0000,49.0431,6.9422,-3.5540,36826.6303,NA,NA,NA
valheim.exe,8100,0x147123C9510,DXGI,1,0,0,Hardware: Independent Flip,36838.3773,13.7741,13.5261,0.2480,32.0494,3.1928,3.0689,0.1239,44.2383,20.8526,4.8048,36838.3773,NA,NA,NA
valheim.exe,8100,0x147123C9510,DXGI,1,0,0,Hardware: Independent Flip,36852.1514,25.1592,24.9938,0.1654,23.8862,26.9993,26.9649,0.0344,51.3168,13.8863,-7.0785,36852.1514,NA,NA,NA
valheim.exe,8100,0x147123C9510,DXGI,1,0,0,Hardware: Independent Flip,36877.3106,11.0967,10.9209,0.1758,25.7965,12.9571,12.9571,0.0000,40.0439,20.9126,11.2729,36877.3106,NA,NA,NA
valheim.exe,8100,0x147123C9510,DXGI,1,0,0,Hardware: Independent Flip,36888.4073,10.9086,10.7491,0.1595,27.6569,15.7396,15.7056,0.0340,49.8598,6.8960,-9.8159,36888.4073,NA,NA,NA
valheim.exe,8100,0x147123C9510,DXGI,1,0,0,Hardware: Independent Flip,36899.3159,19.5359,19.1736,0.3623,32.4879,0.3169,0.2359,0.0810,45.8472,6.9252,4.0126,36899.3159,NA,NA,NA
valheim.exe,8100,0x147123C9510,DXGI,1,0,0,Hardware: Independent Flip,36918.8518,12.3769,12.1894,0.1875,13.2689,18.3439,18.2943,0.0496,33.2365,41.6851,12.6107,36918.8518,NA,NA,NA
valheim.exe,8100,0x147123C9510,DXGI,1,0,0,Hardware: Independent Flip,36931.2287,31.4358,31.2450,0.1908,30.5187,26.0418,25.9970,0.0448,62.5447,14.0058,-29.3082,36931.2287,NA,67.7788,NA
valheim.exe,8100,0x147123C9510,DXGI,1,0,0,Hardware: Independent Flip,36962.6645,10.9235,10.6870,0.2365,25.2115,15.6008,15.6008,0.0000,45.1147,6.9286,17.4300,36962.6645,NA,37.8346,NA
valheim.exe,8100,0x147123C9510,DXGI,1,0,0,Hardware: Independent Flip,36973.5880,13.0548,12.7890,0.2658,29.8888,0.7148,0.5770,0.1378,41.1198,27.7700,3.9949,36973.5880,NA,NA,NA
valheim.exe,8100,0x147123C9510,DXGI,1,0,0,Hardware: Independent Flip,36986.6428,26.0867,25.8831,0.2036,17.5488,31.9751,26.7400,5.2351,55.8350,13.9942,-14.7152,36986.6428,NA,NA,NA
valheim.exe,8100,0x147123C9510,DXGI,1,0,0,Hardware: Independent Flip,37012.7295,10.1964,10.0346,0.1618,23.4372,16.8622,16.8622,0.0000,43.7425,6.8396,12.0925,37012.7295,NA,NA,NA
valheim.exe,8100,0x147123C9510,DXGI,1,0,0,Hardware: Independent Flip,37022.9259,9.8535,9.6852,0.1683,30.1030,2.6046,2.5572,0.0474,40.3857,27.8524,3.3568,37022.9259,NA,NA,NA
valheim.exe,8100,0x147123C9510,DXGI,1,0,0,Hardware: Independent Flip,37032.7794,26.6065,26.4368,0.1697,25.8273,27.1825,27.1237,0.0588,58.3846,6.9364,-17.9989,37032.7794,NA,NA,NA
valheim.exe,8100,0x147123C9510,DXGI,1,0,0,Hardware: Independent Flip,37059.3859,7.3776,7.1831,0.1945,26.4033,0.6673,0.6203,0.0470,38.7145,6.9493,19.6701,37059.3859,NA,NA,NA
valheim.exe,8100,0x147123C9510,DXGI,1,0,0,Hardware: Independent Flip,37066.7635,8.8873,8.7544,0.1329,19.6930,14.8727,14.8727,0.0000,38.2862,27.7736,0.4283,37066.7635,NA,NA,NA
valheim.exe,8100,0x147123C9510,DXGI,1,0,0,Hardware: Independent Flip,37075.6508,29.1214,28.9434,0.1780,25.6784,27.2915,26.9795,0.3120,57.1725,13.9156,-18.8863,37075.6508,NA,NA,NA
valheim.exe,8100,0x147123C9510,DXGI,1,0,0,Hardware: Independent Flip,37104.7722,9.9030,9.7091,0.1939,23.8485,15.9320,15.9320,0.0000,41.9667,6.9909,15.2058,37104.7722,NA,NA,NA
valheim.exe,8100,0x147123C9510,DXGI,1,0,0,Hardware: Independent Flip,37114.6752,9.6096,9.4707,0.1389,29.8775,3.6151,3.5032,0.1119,39.0546,27.7573,2.9121,37114.6752,NA,NA,NA
valheim.exe,8100,0x147123C9510,DXGI,1,0,0,Hardware: Independent Flip,37124.2848,23.1718,22.8518,0.3200,23.8830,26.8283,26.7828,0.0455,57.2023,6.9588,-18.1477,37124.2848,NA,38.4905,NA
valheim.exe,8100,0x147123C9510,DXGI,1,0,0,Hardware: Independent Flip,37147.4566,12.5137,12.3629,0.1508,27.5395,13.0352,12.9966,0.0386,40.9893,6.9660,16.2130,37147.4566,NA,29.5262,NA
valheim.exe,8100,0x147123C9510,DXGI,1,0,0,Hardware: Independent Flip,37159.9703,8.2573,8.1018,0.1555,28.0610,2.6700,2.6123,0.0577,35.4416,27.7882,5.5477,37159.9703,NA,NA,NA
valheim.exe,8100,0x147123C9510,DXGI,1,0,0,Hardware: Independent Flip,37168.2276,30.9860,30.7879,0.1981,22.5762,31.8226,26.4263,5.3963,54.9725,34.7982,-19.5309,37168.2276,NA,25.2442,NA
valheim.exe,8100,0x147123C9510,DXGI,1,0,0,Hardware: Independent Flip,37199.2136,11.9331,11.7710,0.1621,23.4651,29.2164,29.2164,0.0000,58.7847,6.9327,-3.8122,37199.2136,NA,50.0612,NA
valheim.exe,8100,0x147123C9510,DXGI,1,0,0,Hardware: Independent Flip,37211.1467,8.2176,8.0900,0.1276,40.7484,2.0850,2.0779,0.0071,53.7843,6.9344,5.0004,37211.1467,NA,NA,NA
valheim.exe,8100,0x147123C9510,DXGI,1,0,0,Hardware: Independent Flip,37219.3643,16.3519,16.1942,0.1577,38.6915,2.3779,2.3324,0.0455,52.5011,27.8112,1.2832,37219.3643,NA,48.8992,NA
valheim.exe,8100,0x147123C9510,DXGI,1,0,0,Hardware: Independent Flip,37235.7162,35.5003,35.3263,0.1740,34.7662,27.9141,27.7963,0.1178,63.9604,6.9364,-11.4593,37235.7162,NA,29.7540,NA
valheim.exe,8100,0x147123C9510,DXGI,1,0,0,Hardware: Independent Flip,37271.2165,8.6634,8.5409,0.1225,27.1800,0.4622,0.4182,0.0440,35.3965,13.9048,28.5639,37271.2165,NA,28.6594,NA
valheim.exe,8100,0x147123C9510,DXGI,1,0,0,Hardware: Independent Flip,37279.8799,7.4030,7.2716,0.1314,19.0227,17.1692,17.1371,0.0321,40.6379,27.7943,-5.2414,37279.8799,NA,NA,NA
valheim.exe,8100,0x147123C9510,DXGI,1,0,0,Hardware: Independent Flip,37287.2829,23.8134,23.6395,0.1739,28.7889,29.9100,29.8368,0.0732,61.0292,13.9147,-20.3913,37287.2829,NA,39.3733,NA
valheim.exe,8100,0x147123C9510,DXGI,1,0,0,Hardware: Independent Flip,37311.0963,10.5541,10.3952,0.1589,34.8855,15.8420,15.8141,0.0279,51.1305,6.9506,9.8987,37311.0963,NA,41.2892,NA
valheim.exe,8100,0x147123C9510,DXGI,1,0,0,Hardware: Independent Flip,37321.6504,7.7982,7.6703,0.1279,40.2494,0.6440,0.5597,0.0843,47.5270,27.8006,3.6035,37321.6504,NA,NA,NA
valheim.exe,8100,0x147123C9510,DXGI,1,0,0,Hardware: Independent Flip,37329.4486,35.7497,35.5770,0.1727,33.9620,28.7704,28.5981,0.1723,67.5294,13.9138,-20.0024,37329.4486,NA,35.0435,NA
valheim.exe,8100,0x147123C9510,DXGI,1,0,0,Hardware: Independent Flip,37365.1983,8.3152,8.1755,0.1397,26.9827,17.1965,17.1965,0.0000,45.6935,6.9165,21.8359,37365.1983,NA,39.9398,NA
valheim.exe,8100,0x147123C9510,DXGI,1,0,0,Hardware: Independent Flip,37373.5135,7.8197,7.6735,0.1462,35.9332,3.9242,3.8453,0.0789,44.2948,27.8246,1.3987,37373.5135,NA,NA,NA
valheim.exe,8100,0x147123C9510,DXGI,1,0,0,Hardware: Independent Flip,37381.3332,31.4590,31.3112,0.1478,32.0377,30.0983,29.9816,0.1167,64.2997,13.9092,-20.0049,37381.3332,NA,34.7061,NA
valheim.exe,8100,0x147123C9510,DXGI,1,0,0,Hardware: Independent Flip,37412.7922,10.4540,10.2996,0.1544,30.7402,14.2648,14.2648,0.0000,46.7499,6.9571,17.5498,37412.7922,NA,38.6074,NA
valheim.exe,8100,0x147123C9510,DXGI,1,0,0,Hardware: Independent Flip,37423.2462,7.5362,7.3675,0.1687,34.5510,5.7790,5.6819,0.0971,43.2530,27.7993,3.4969,37423.2462,NA,NA,NA
valheim.exe,8100,0x147123C9510,DXGI,1,0,0,Hardware: Independent Flip,37430.7824,35.0848,34.8868,0.1980,33.6060,29.5471,29.4168,0.1303,63.5161,20.8617,-20.2631,37430.7824,NA,35.3379,NA
valheim.exe,8100,0x147123C9510,DXGI,1,0,0,Hardware: Independent Flip,37465.8672,7.9681,7.7653,0.2028,28.1321,17.0689,17.0198,0.0491,49.2930,13.8958,14.2231,37465.8672,NA,44.2216,NA
valheim.exe,8100,0x147123C9510,DXGI,1,0,0,Hardware: Independent Flip,37473.8353,10.8035,10.6635,0.1400,37.2329,15.5087,15.4899,0.0188,55.2207,20.8345,-5.9277,37473.8353,NA,NA,NA
valheim.exe,8100,0x147123C9510,DXGI,1,0,0,Hardware: Independent Flip,37484.6388,24.2888,24.0985,0.1903,42.0158,16.8241,16.8241,0.0000,65.2517,13.9431,-10.0310,37484.6388,NA,55.9192,NA
valheim.exe,8100,0x147123C9510,DXGI,1,0,0,Hardware: Independent Flip,37508.9276,20.5384,20.2980,0.2404,34.6285,15.6954,15.6954,0.0000,54.9060,6.9389,10.3457,37508.9276,NA,34.8666,NA
valheim.exe,8100,0x147123C9510,DXGI,1,0,0,Hardware: Independent Flip,37529.4660,12.1468,12.0042,0.1426,29.7855,9.2231,9.1638,0.0593,41.3065,34.7630,13.5995,37529.4660,NA,NA,NA
valheim.exe,8100,0x147123C9510,DXGI,1,0,0,Hardware: Independent Flip,37541.6128,26.4889,26.2202,0.2687,26.8618,31.2212,31.1134,0.1078,63.9227,13.8793,-22.6162,37541.6128,NA,41.6113,NA
valheim.exe,8100,0x147123C9510,DXGI,1,0,0,Hardware: Independent Flip,37568.1017,15.3032,15.1231,0.1801,31.5941,17.5311,17.4096,0.1215,51.3131,6.9468,12.6096,37568.1017,NA,39.4770,NA
valheim.exe,8100,0x147123C9510,DXGI,1,0,0,Hardware: Independent Flip,37583.4049,12.4626,12.2860,0.1766,33.8220,5.8166,5.7729,0.0437,42.9567,34.7718,8.3564,37583.4049,NA,NA,NA
valheim.exe,8100,0x147123C9510,DXGI,1,0,0,Hardware: Independent Flip,37595.8675,33.4048,33.1990,0.2058,31.3354,31.2143,31.0278,0.1865,65.2659,20.9000,-22.3092,37595.8675,NA,56.1751,NA
valheim.exe,8100,0x147123C9510,DXGI,1,0,0,Hardware: Independent Flip,37629.2723,13.1368,12.9457,0.1911,29.2176,18.4277,18.4277,0.0000,52.7611,6.8994,12.5048,37629.2723,NA,44.0908,NA
valheim.exe,8100,0x147123C9510,DXGI,1,0,0,Hardware: Independent Flip,37642.4091,10.8871,10.7054,0.1817,34.7191,3.8805,3.7659,0.1146,46.5237,13.8865,6.2374,37642.4091,NA,NA,NA
valheim.exe,8100,0x147123C9510,DXGI,1,0,0,Hardware: Independent Flip,37653.2962,29.2909,29.0990,0.1919,27.7449,21.3891,21.3126,0.0765,49.5231,34.7815,-2.9994,37653.2962,NA,21.8854,NA
valheim.exe,8100,0x147123C9510,DXGI,1,0,0,Hardware: Independent Flip,37682.5871,21.6296,21.3744,0.2552,19.8431,30.9867,30.9478,0.0389,55.0137,13.8868,-5.4906,37682.5871,NA,39.6530,NA
valheim.exe,8100,0x147123C9510,DXGI,1,0,0,Hardware: Independent Flip,37704.2167,12.9153,12.6974,0.2179,29.2002,17.8508,17.8508,0.0000,47.2709,6.9667,7.7428,37704.2167,NA,39.5456,NA
valheim.exe,8100,0x147123C9510,DXGI,1,0,0,Hardware: Independent Flip,37717.1320,12.6961,12.4902,0.2059,34.2367,2.8048,2.7365,0.0683,41.3223,34.7712,5.9486,37717.1320,NA,NA,NA
valheim.exe,8100,0x147123C9510,DXGI,1,0,0,Hardware: Independent Flip,37729.8281,29.1761,28.9318,0.2443,24.3454,32.2382,31.9453,0.2929,63.3974,20.8732,-22.0751,37729.8281,NA,44.2829,NA
valheim.exe,8100,0x147123C9510,DXGI,1,0,0,Hardware: Independent Flip,37759.0042,12.3909,12.2217,0.1692,27.4075,20.7275,20.7128,0.0147,55.0945,6.9280,8.3029,37759.0042,NA,55.1570,NA
valheim.exe,8100,0x147123C9510,DXGI,1,0,0,Hardware: Independent Flip,37771.3951,13.2787,13.0820,0.1967,35.7441,4.6305,4.5591,0.0714,49.6316,13.9022,5.4629,37771.3951,NA,NA,NA
valheim.exe,8100,0x147123C9510,DXGI,1,0,0,Hardware: Independent Flip,37784.6738,27.6698,27.4922,0.1776,27.0959,18.5637,18.4990,0.0647,50.2551,27.7935,-0.6235,37784.6738,NA,63.9668,NA
valheim.exe,8100,0x147123C9510,DXGI,1,0,0,Hardware: Independent Flip,37812.3436,21.6149,21.4050,0.2099,20.1570,29.2165,29.0599,0.1566,50.3788,34.7978,-0.1237,37812.3436,NA,NA,NA
valheim.exe,8100,0x147123C9510,DXGI,1,0,0,Hardware: Independent Flip,37833.9585,12.6139,12.4255,0.1884,27.8292,33.5039,33.4846,0.0193,63.5617,6.9272,-13.1829,37833.9585,NA,NA,NA
valheim.exe,8100,0x147123C9510,DXGI,1,0,0,Hardware: Independent Flip,37846.5724,13.6696,13.5011,0.1685,48.7192,1.7661,1.6859,0.0802,57.8750,6.9625,5.6867,37846.5724,NA,NA,NA
valheim.exe,8100,0x147123C9510,DXGI,1,0,0,Hardware: Independent Flip,37860.2420,17.2874,17.0972,0.1902,37.3382,3.2898,3.2548,0.0350,51.1679,34.7785,6.7071,37860.2420,NA,NA,NA
valheim.exe,8100,0x147123C9510,DXGI,1,0,0,Hardware: Independent Flip,37877.5294,36.9843,36.7776,0.2067,35.9787,31.0444,30.8404,0.2040,68.6590,6.8751,-17.4911,37877.5294,NA,58.1919,NA
valheim.exe,8100,0x147123C9510,DXGI,1,0,0,Hardware: Independent Flip,37914.5137,12.8620,12.6911,0.1709,30.1168,0.4170,0.3679,0.0491,38.5498,13.9422,30.1092,37914.5137,NA,NA,NA
valheim.exe,8100,0x147123C9510,DXGI,1,0,0,Hardware: Independent Flip,37927.3757,11.6148,11.4466,0.1682,17.7224,19.9783,19.6210,0.3573,39.6300,34.7415,-1.0802,37927.3757,NA,NA,NA
valheim.exe,8100,0x147123C9510,DXGI,1,0,0,Hardware: Independent Flip,37938.9905,26.2059,25.9544,0.2515,26.0859,31.5142,31.4289,0.0853,62.7567,13.9473,-23.1267,37938.9905,NA,NA,NA
valheim.exe,8100,0x147123C9510,DXGI,1,0,0,Hardware: Independent Flip,37965.1964,7.7628,7.5568,0.2060,31.3942,16.8652,16.8404,0.0248,50.4981,6.8979,12.2586,37965.1964,NA,NA,NA
valheim.exe,8100,0x147123C9510,DXGI,1,0,0,Hardware: Independent Flip,37972.9592,11.8807,11.7233,0.1574,40.4966,0.8604,0.7043,0.1561,49.6332,27.7753,0.8649,37972.9592,NA,NA,NA
valheim.exe,8100,0x147123C9510,DXGI,1,0,0,Hardware: Independent Flip,37984.8399,37.1693,36.9577,0.2116,29.4763,35.8302,32.2489,3.5813,65.5278,20.8980,-15.8946,37984.8399,NA,31.4396,NA
valheim.exe,8100,0x147123C9510,DXGI,1,0,0,Hardware: Independent Flip,38022.0092,12.9774,12.7824,0.1950,28.1372,14.0354,14.0060,0.0294,49.2565,20.8402,16.2713,38022.0092,NA,39.2926,NA
valheim.exe,8100,0x147123C9510,DXGI,1,0,0,Hardware: Independent Flip,38034.9866,14.6050,14.3946,0.2104,29.3679,24.5206,24.5206,0.0000,57.1193,13.9016,-7.8628,38034.9866,NA,NA,NA
valheim.exe,8100,0x147123C9510,DXGI,1,0,0,Hardware: Independent Flip,38049.5916,20.9771,20.7806,0.1965,39.2835,15.1088,15.1088,0.0000,56.4159,6.9630,0.7034,38049.5916,NA,55.0787,NA
valheim.exe,8100,0x147123C9510,DXGI,1,0,0,Hardware: Independent Flip,38070.5687,20.3131,20.1452,0.1679,33.4152,2.2203,2.1541,0.0662,42.4018,34.7390,14.0141,38070.5687,NA,41.0026,NA
valheim.exe,8100,0x147123C9510,DXGI,1,0,0,Hardware: Independent Flip,38090.8818,22.7211,22.4882,0.2329,15.3224,34.9236,32.0358,2.8878,56.8277,13.8814,-14.4259,38090.8818,NA,37.7183,NA
valheim.exe,8100,0x147123C9510,DXGI,1,0,0,Hardware: Independent Flip,38113.6029,12.7484,12.5517,0.1967,27.6119,14.5494,14.5494,0.0000,47.9880,6.9699,8.8397,38113.6029,NA,36.6204,NA
valheim.exe,8100,0x147123C9510,DXGI,1,0,0,Hardware: Independent Flip,38126.3513,16.5866,16.4250,0.1616,29.4129,8.4908,8.3813,0.1095,42.2095,27.7961,5.7785,38126.3513,NA,NA,NA
valheim.exe,8100,0x147123C9510,DXGI,1,0,0,Hardware: Independent Flip,38142.9379,21.9440,21.7774,0.1666,21.3171,29.3756,29.3079,0.0677,53.4190,20.9154,-11.2095,38142.9379,NA,33.4139,NA
valheim.exe,8100,0x147123C9510,DXGI,1,0,0,Hardware: Independent Flip,38164.8819,10.3699,10.2291,0.1408,28.7487,18.3629,18.3629,0.0000,52.3904,6.9157,1.0286,38164.8819,NA,45.3465,NA
valheim.exe,8100,0x147123C9510,DXGI,1,0,0,Hardware: Independent Flip,38175.2518,12.1677,11.9792,0.1885,36.8690,3.5746,3.4949,0.0797,48.9362,13.9013,3.4542,38175.2518,NA,NA,NA
valheim.exe,8100,0x147123C9510,DXGI,1,0,0,Hardware: Independent Flip,38187.4195,28.6684,28.4731,0.1953,28.2759,16.6417,16.5770,0.0647,50.6698,13.9089,-1.7336,38187.4195,NA,44.1245,NA
valheim.exe,8100,0x147123C9510,DXGI,1,0,0,Hardware: Independent Flip,38216.0879,18.3693,18.1909,0.1784,16.5010,14.4260,13.9389,0.4871,35.9103,13.8805,14.7595,38216.0879,NA,25.0390,NA
valheim.exe,8100,0x147123C9510,DXGI,1,0,0,Hardware: Independent Flip,38234.4572,13.0528,12.8435,0.2093,12.5577,17.8574,17.8355,0.0219,31.4215,34.7692,4.4888,38234.4572,NA,25.9091,NA
valheim.exe,8100,0x147123C9510,DXGI,1,0,0,Hardware: Independent Flip,38247.5100,10.9275,10.7439,0.1836,17.3623,29.1206,29.0829,0.0377,53.1379,14.0048,-21.7164,38247.5100,NA,NA,NA
valheim.exe,8100,0x147123C9510,DXGI,1,0,0,Hardware: Independent Flip,38258.4375,11.0477,10.8906,0.1571,35.6466,16.6791,16.6572,0.0219,56.2152,6.8383,-3.0773,38258.4375,NA,NA,NA
valheim.exe,8100,0x147123C9510,DXGI,1,0,0,Hardware: Independent Flip,38269.4852,12.4528,12.3093,0.1435,41.2780,0.8951,0.7656,0.1295,52.0058,13.9136,4.2094,38269.4852,NA,NA,NA
valheim.exe,8100,0x147123C9510,DXGI,1,0,0,Hardware: Independent Flip,38281.9380,40.2631,39.9482,0.3149,29.7203,23.5559,16.5972,6.9587,53.4666,20.8548,-1.4608,38281.9380,NA,NA,NA
valheim.exe,8100,0x147123C9510,DXGI,1,0,0,Hardware: Independent Flip,38322.2011,17.0881,16.8496,0.2385,13.0131,16.9490,16.9108,0.0382,34.0583,27.8012,19.4083,38322.2011,NA,NA,NA
valheim.exe,8100,0x147123C9510,DXGI,1,0,0,Hardware: Independent Flip,38339.2892,14.6187,14.4273,0.1914,12.8740,30.1849,30.1561,0.0288,44.7714,20.8957,-10.7131,38339.2892,NA,35.1200,NA
valheim.exe,8100,0x147123C9510,DXGI,1,0,0,Hardware: Independent Flip,38353.9079,13.1276,12.8793,0.2483,28.4402,16.8580,16.8580,0.0000,51.0484,6.9068,-6.2770,38353.9079,NA,44.9630,NA
valheim.exe,8100,0x147123C9510,DXGI,1,0,0,Hardware: Independent Flip,38367.0355,12.0570,11.8606,0.1964,32.1706,3.2527,3.2202,0.0325,44.8276,6.9414,6.2208,38367.0355,NA,NA,NA
valheim.exe,8100,0x147123C9510,DXGI,1,0,0,Hardware: Independent Flip,38379.0925,23.7606,23.5748,0.1858,23.4133,13.9700,13.9444,0.0256,39.7120,34.7282,5.1156,38379.0925,NA,43.8649,NA
valheim.exe,8100,0x147123C9510,DXGI,1,0,0,Hardware: Independent Flip,38402.8531,18.2510,18.0994,0.1516,13.6227,30.1380,29.4853,0.6527,50.6796,14.0251,-10.9676,38402.8531,NA,42.5719,NA
valheim.exe,8100,0x147123C9510,DXGI,1,0,0,Hardware: Independent Flip,38421.1041,9.3121,9.1657,0.1464,25.5773,17.9661,17.9661,0.0000,46.4537,6.8463,4.2259,38421.1041,NA,41.6235,NA
valheim.exe,8100,0x147123C9510,DXGI,1,0,0,Hardware: Independent Flip,38430.4162,11.6218,11.4639,0.1579,34.2313,3.5920,3.5204,0.0716,43.9879,13.8924,2.4658,38430.4162,NA,NA,NA
valheim.exe,8100,0x147123C9510,DXGI,1,0,0,Hardware: Independent Flip,38442.0380,30.4266,30.2772,0.1494,29.0963,16.3931,16.3218,0.0713,46.2585,20.8538,-2.2706,38442.0380,NA,17.3249,NA
valheim.exe,8100,0x147123C9510,DXGI,1,0,0,Hardware: Independent Flip,38472.4646,17.1024,16.9428,0.1596,15.1476,15.7803,15.7371,0.0432,36.6857,27.8298,9.5728,38472.4646,NA,22.2282,NA
valheim.exe,8100,0x147123C9510,DXGI,1,0,0,Hardware: Independent Flip,38489.5670,19.0453,18.8714,0.1739,17.5955,29.7325,29.6474,0.0851,47.4131,6.9355,-10.7274,38489.5670,NA,30.9993,NA
valheim.exe,8100,0x147123C9510,DXGI,1,0,0,Hardware: Independent Flip,38508.6123,11.0786,10.9330,0.1456,28.2827,2.9801,2.9716,0.0085,35.3033,27.8094,12.1098,38508.6123,NA,26.9633,NA
valheim.exe,8100,0x147123C9510,DXGI,1,0,0,Hardware: Independent Flip,38519.6909,8.7697,8.6288,0.1409,20.1842,29.2346,29.2067,0.0279,52.0341,13.8708,-16.7308,38519.6909,NA,NA,NA
valheim.exe,8100,0x147123C9510,DXGI,1,0,0,Hardware: Independent Flip,38528.4606,25.5606,25.4107,0.1499,40.7107,14.3932,14.3932,0.0000,57.1352,6.9867,-5.1011,38528.4606,NA,34.6677,NA
valheim.exe,8100,0x147123C9510,DXGI,1,0,0,Hardware: Independent Flip,38554.0212,11.9805,11.8500,0.1305,29.5433,5.7538,5.6637,0.0901,38.5613,27.7734,18.5739,38554.0212,NA,NA,NA
valheim.exe,8100,0x147123C9510,DXGI,1,0,0,Hardware: Independent Flip,38566.0017,24.4687,24.2625,0.2062,23.3166,30.6800,30.6034,0.0766,54.3542,20.8940,-15.7929,38566.0017,NA,34.3916,NA
valheim.exe,8100,0x147123C9510,DXGI,1,0,0,Hardware: Independent Flip,38590.4704,12.6727,12.5225,0.1502,29.5721,16.8400,16.8400,0.0000,50.7795,13.9956,3.5747,38590.4704,NA,39.2921,NA
valheim.exe,8100,0x147123C9510,DXGI,1,0,0,Hardware: Independent Flip,38603.1431,9.8199,9.6182,0.2017,33.7394,14.7886,14.7886,0.0000,52.1024,6.8553,-1.3229,38603.1431,NA,NA,NA
valheim.exe,8100,0x147123C9510,DXGI,1,0,0,Hardware: Independent Flip,38612.9630,22.5671,22.3820,0.1851,38.7081,2.9013,2.8149,0.0864,49.1378,27.7818,2.9646,38612.9630,NA,41.1653,NA
valheim.exe,8100,0x147123C9510,DXGI,1,0,0,Hardware: Independent Flip,38635.5301,23.9204,23.7057,0.2147,19.0859,32.5971,32.5284,0.0687,54.3525,13.9201,-5.2147,38635.5301,NA,34.9623,NA
valheim.exe,8100,0x147123C9510,DXGI,1,0,0,Hardware: Independent Flip,38659.4505,11.2760,11.1446,0.1314,27.7626,16.1404,16.0962,0.0442,44.3522,6.9588,10.0003,38659.4505,NA,34.8801,NA
valheim.exe,8100,0x147123C9510,DXGI,1,0,0,Hardware: Independent Flip,38670.7265,12.6103,12.4509,0.1594,32.6270,4.1804,4.1120,0.0684,40.0350,34.7451,4.3172,38670.7265,NA,NA,NA
valheim.exe,8100,0x147123C9510,DXGI,1,0,0,Hardware: Independent Flip,38683.3368,27.4119,27.2260,0.1859,26.3053,29.1105,28.9853,0.1252,62.1698,13.9486,-22.1348,38683.3368,NA,40.5175,NA
valheim.exe,8100,0x147123C9510,DXGI,1,0,0,Hardware: Independent Flip,38710.7487,9.5095,9.3530,0.1565,28.1537,14.2110,14.2110,0.0000,48.7065,6.9062,13.4633,38710.7487,NA,51.4864,NA
valheim.exe,8100,0x147123C9510,DXGI,1,0,0,Hardware: Independent Flip,38720.2582,11.6730,11.4780,0.1950,32.9385,5.5118,5.4048,0.1070,46.1032,20.8421,2.6033,38720.2582,NA,NA,NA
valheim.exe,8100,0x147123C9510,DXGI,1,0,0,Hardware: Independent Flip,38731.9312,35.8702,35.7069,0.1633,34.7476,15.9958,15.8762,0.1196,55.2723,27.7910,-9.1691,38731.9312,NA,NA,NA
valheim.exe,8100,0x147123C9510,DXGI,1,0,0,Hardware: Independent Flip,38767.8014,17.9063,17.6965,0.2098,15.9220,28.2761,28.1823,0.0938,47.1931,13.9220,8.0792,38767.8014,NA,NA,NA
valheim.exe,8100,0x147123C9510,DXGI,1,0,0,Hardware: Independent Flip,38785.7077,7.7668,7.5860,0.1808,26.2918,13.3338,13.3118,0.0220,43.2088,6.9327,3.9843,38785.7077,NA,NA,NA
valheim.exe,8100,0x147123C9510,DXGI,1,0,0,Hardware: Independent Flip,38793.4745,12.9903,12.8171,0.1732,31.9118,4.4565,4.3684,0.0881,42.3747,34.7513,0.8341,38793.4745,NA,NA,NA
valheim.exe,8100,0x147123C9510,DXGI,1,0,0,Hardware: Independent Flip,38806.4648,49.2611,49.0488,0.2123,48.3429,15.5508,15.4722,0.0786,64.1357,27.8429,-21.7610,38806.4648,NA,66.6585,NA
valheim.exe,8100,0x147123C9510,DXGI,1,0,0,Hardware: Independent Flip,38855.7259,27.0392,26.8548,0.1844,26.1921,15.2699,15.1617,0.1082,42.7175,34.7717,21.4182,38855.7259,NA,NA,NA
valheim.exe,8100,0x147123C9510,DXGI,1,0,0,Hardware: Independent Flip,38882.7651,13.5923,13.3888,0.2035,14.4228,29.7067,29.6167,0.0900,50.4500,13.9215,-7.7325,38882.7651,NA,NA,NA
valheim.exe,8100,0x147123C9510,DXGI,1,0,0,Hardware: Independent Flip,38896.3574,13.1789,13.0172,0.1617,30.5372,14.6738,14.6738,0.0000,50.7792,6.9182,-0.3292,38896.3574,NA,44.1680,NA
valheim.exe,8100,0x147123C9510,DXGI,1,0,0,Hardware: Independent Flip,38909.5363,16.3718,16.1455,0.2263,32.0321,4.6807,4.5692,0.1115,44.5185,13.8761,6.2607,38909.5363,NA,NA,NA
valheim.exe,8100,0x147123C9510,DXGI,1,0,0,Hardware: Independent Flip,38925.9081,26.7326,26.5529,0.1797,25.7998,15.6089,15.4691,0.1398,42.0228,20.8873,2.4957,38925.9081,NA,NA,NA
valheim.exe,8100,0x147123C9510,DXGI,1,0,0,Hardware: Independent Flip,38952.6407,16.0079,15.7807,0.2272,14.7494,16.1403,16.0313,0.1090,36.1775,27.8048,5.8453,38952.6407,NA,NA,NA
valheim.exe,8100,0x147123C9510,DXGI,1,0,0,Hardware: Independent Flip,38968.6486,16.1500,15.9566,0.1934,14.8818,28.0474,27.9824,0.0650,47.9744,13.8820,-11.7969,38968.6486,NA,NA,NA
valheim.exe,8100,0x147123C9510,DXGI,1,0,0,Hardware: Independent Flip,38984.7986,12.2699,12.0546,0.2153,26.7792,16.5340,16.5024,0.0316,45.7064,6.9595,2.2680,38984.7986,NA,NA,NA
valheim.exe,8100,0x147123C9510,DXGI,1,0,0,Hardware: Independent Flip,38997.0685,16.2972,16.0269,0.2703,31.1835,3.6694,3.5640,0.1054,40.3960,20.8169,5.3104,38997.0685,NA,NA,NA
valheim.exe,8100,0x147123C9510,DXGI,1,0,0,Hardware: Independent Flip,39013.3657,23.1851,23.0079,0.1772,21.7067,16.4489,16.3717,0.0772,44.9157,20.8960,-4.5197,39013.3657,NA,NA,NA
valheim.exe,8100,0x147123C9510,DXGI,1,0,0,Hardware: Independent Flip,39036.5508,14.5602,14.3392,0.2210,15.0818,26.9957,26.8900,0.1057,42.6266,20.8540,2.2891,39036.5508,NA,NA,NA
valheim.exe,8100,0x147123C9510,DXGI,1,0,0,Hardware: Independent Flip,39051.1110,11.8808,11.7012,0.1796,27.5872,18.7192,18.7192,0.0000,48.9204,13.9397,-6.2938,39051.1110,NA,NA,NA
valheim.exe,8100,0x147123C9510,DXGI,1,0,0,Hardware: Independent Flip,39062.9918,11.0462,10.8923,0.1539,34.4256,14.8288,14.7960,0.0328,50.9793,6.8862,-2.0589,39062.9918,NA,NA,NA
valheim.exe,8100,0x147123C9510,DXGI,1,0,0,Hardware: Independent Flip,39074.0380,25.0838,24.9061,0.1777,38.3583,4.1660,4.0809,0.0851,46.8193,13.9466,4.1600,39074.0380,NA,NA,NA
valheim.exe,8100,0x147123C9510,DXGI,1,0,0,Hardware: Independent Flip,39099.1218,20.4190,20.2090,0.2100,18.7553,13.8312,13.7416,0.0896,35.6821,27.7934,11.1372,39099.1218,NA,NA,NA
valheim.exe,8100,0x147123C9510,DXGI,1,0,0,Hardware: Independent Flip,39119.5408,14.4240,14.2397,0.1843,12.1675,28.9517,28.7490,0.2027,43.0565,13.9046,-7.3744,39119.5408,NA,NA,NA
valheim.exe,8100,0x147123C9510,DXGI,1,0,0,Hardware: Independent Flip,39133.9648,12.3214,12.1457,0.1757,26.7854,14.2709,14.2656,0.0053,42.5371,20.8102,0.5194,39133.9648,NA,NA,NA
valheim.exe,8100,0x147123C9510,DXGI,1,0,0,Hardware: Independent Flip,39146.2862,14.2605,13.9171,0.3434,28.8570,20.5137,20.4823,0.0314,51.0259,20.9358,-8.4888,39146.2862,NA,NA,NA
valheim.exe,8100,0x147123C9510,DXGI,1,0,0,Hardware: Independent Flip,39160.5467,20.9793,20.7620,0.2173,35.1893,15.6774,15.6774,0.0000,57.7012,6.9028,-6.6753,39160.5467,NA,NA,NA
valheim.exe,8100,0x147123C9510,DXGI,1,0,0,Hardware: Independent Flip,39181.5260,10.6947,10.5244,0.1703,30.0192,4.2039,4.0001,0.2038,43.6247,6.9753,14.0765,39181.5260,NA,NA,NA
valheim.exe,8100,0x147123C9510,DXGI,1,0,0,Hardware: Independent Flip,39192.2207,26.1862,25.9115,0.2747,24.3876,13.8547,13.7154,0.1393,39.9053,20.8362,3.7194,39192.2207,NA,NA,NA
valheim.exe,8100,0x147123C9510,DXGI,1,0,0,Hardware: Independent Flip,39218.4069,18.3129,18.1278,0.1851,12.0561,19.7368,16.9759,2.7609,34.5553,13.8759,5.3500,39218.4069,NA,NA,NA
valheim.exe,8100,0x147123C9510,DXGI,1,0,0,Hardware: Independent Flip,39236.7198,15.8001,15.5806,0.2195,13.4800,15.5568,15.4716,0.0852,30.1183,20.9018,4.4370,39236.7198,NA,19.9026,NA
valheim.exe,8100,0x147123C9510,DXGI,1,0,0,Hardware: Independent Flip,39252.5199,13.8713,13.6922,0.1791,13.2367,15.2700,15.2121,0.0579,35.2200,27.7442,-5.1017,39252.5199,NA,27.8080,NA
valheim.exe,8100,0x147123C9510,DXGI,1,0,0,Hardware: Independent Flip,39266.3912,14.8408,14.5592,0.2816,14.7453,32.0494,32.0494,0.0000,49.0929,13.9932,-13.8729,39266.3912,NA,NA,NA
valheim.exe,8100,0x147123C9510,DXGI,1,0,0,Hardware: Independent Flip,39281.2320,12.1917,12.0227,0.1690,31.9539,15.3502,15.2926,0.0576,48.2453,6.8739,0.8476,39281.2320,NA,48.4939,NA
valheim.exe,8100,0x147123C9510,DXGI,1,0,0,Hardware: Independent Flip,39293.4237,14.6532,14.4320,0.2212,35.1124,3.9716,3.8679,0.1037,42.9275,20.8823,5.3178,39293.4237,NA,NA,NA
valheim.exe,8100,0x147123C9510,DXGI,1,0,0,Hardware: Independent Flip,39308.0769,28.9525,28.7557,0.1968,28.0223,14.1913,14.0814,0.1099,49.1566,13.8744,-6.2291,39308.0769,NA,25.2503,NA
valheim.exe,8100,0x147123C9510,DXGI,1,0,0,Hardware: Independent Flip,39337.0294,17.6543,17.4450,0.2093,13.3962,16.4570,16.1244,0.3326,34.0785,13.9730,15.0781,39337.0294,NA,23.1359,NA
valheim.exe,8100,0x147123C9510,DXGI,1,0,0,Hardware: Independent Flip,39354.6837,17.4112,17.2009,0.2103,12.1989,17.5274,16.0760,1.4514,30.3972,34.6677,3.6813,39354.6837,NA,16.1374,NA
valheim.exe,8100,0x147123C9510,DXGI,1,0,0,Hardware: Independent Flip,39372.0949,14.3973,14.1500,0.2473,12.3332,32.0373,31.9749,0.0624,47.6537,13.9685,-17.2565,39372.0949,NA,NA,NA
valheim.exe,8100,0x147123C9510,DXGI,1,0,0,Hardware: Independent Flip,39386.4922,14.9812,14.8166,0.1646,29.9732,14.9662,14.9089,0.0573,47.2249,6.8960,0.4288,39386.4922,NA,NA,NA
valheim.exe,8100,0x147123C9510,DXGI,1,0,0,Hardware: Independent Flip,39401.4734,12.7808,12.6280,0.1528,29.9582,4.1539,3.9865,0.1674,39.1397,27.7992,8.0852,39401.4734,NA,NA,NA
valheim.exe,8100,0x147123C9510,DXGI,1,0,0,Hardware: Independent Flip,39414.2542,27.1043,26.8902,0.2141,25.4147,27.3609,27.2464,0.1145,54.1581,13.9317,-15.0184,39414.2542,NA,NA,NA
valheim.exe,8100,0x147123C9510,DXGI,1,0,0,Hardware: Independent Flip,39441.3585,13.0311,12.8440,0.1871,25.6713,13.8805,13.8805,0.0000,40.9855,20.8285,13.1726,39441.3585,NA,NA,NA
valheim.exe,8100,0x147123C9510,DXGI,1,0,0,Hardware: Independent Flip,39454.3896,13.7343,13.5618,0.1725,26.5207,21.9558,21.9558,0.0000,48.7829,20.8419,-7.7974,39454.3896,NA,NA,NA
valheim.exe,8100,0x147123C9510,DXGI,1,0,0,Hardware: Independent Flip,39468.1239,18.9413,18.7543,0.1870,34.8231,16.6220,16.6220,0.0000,55.8905,13.9677,-7.1076,39468.1239,NA,NA,NA
valheim.exe,8100,0x147123C9510,DXGI,1,0,0,Hardware: Independent Flip,39487.0652,16.1806,15.8890,0.2916,32.5038,13.2098,13.1801,0.0297,50.9169,6.8997,4.9736,39487.0652,NA,NA,NA
valheim.exe,8100,0x147123C9510,DXGI,1,0,0,Hardware: Independent Flip,39503.2458,16.9084,16.6098,0.2986,29.5330,6.0100,5.9238,0.0862,41.6360,27.7931,9.2809,39503.2458,NA,NA,NA
valheim.exe,8100,0x147123C9510,DXGI,1,0,0,Hardware: Independent Flip,39520.1542,24.1012,23.8848,0.2164,22.3832,28.2434,28.1563,0.0871,52.5207,20.8886,-10.8847,39520.1542,NA,NA,NA
valheim.exe,8100,0x147123C9510,DXGI,1,0,0,Hardware: Independent Flip,39544.2554,8.6660,8.4963,0.1697,26.5968,15.8968,15.8968,0.0000,49.3081,6.9318,3.2126,39544.2554,NA,NA,NA
valheim.exe,8100,0x147123C9510,DXGI,1,0,0,Hardware: Independent Flip,39552.9214,12.6489,12.4849,0.1640,33.9157,1.2127,1.1176,0.0951,47.5739,6.9690,1.7342,39552.9214,NA,NA,NA
valheim.exe,8100,0x147123C9510,DXGI,1,0,0,Hardware: Independent Flip,39565.5703,24.7553,24.5313,0.2240,22.4795,18.7663,18.6763,0.0900,41.8940,20.8313,5.6799,39565.5703,NA,NA,NA
valheim.exe,8100,0x147123C9510,DXGI,1,0,0,Hardware: Independent Flip,39590.3256,21.9101,21.7209,0.1892,20.0101,14.7789,14.6461,0.1328,37.9700,13.8984,3.9240,39590.3256,NA,NA,NA
valheim.exe,8100,0x147123C9510,DXGI,1,0,0,Hardware: Independent Flip,39612.2357,14.4073,14.1843,0.2230,12.8789,15.6889,15.6277,0.0612,29.9583,27.7960,8.0117,39612.2357,NA,NA,NA
valheim.exe,8100,0x147123C9510,DXGI,1,0,0,Hardware: Independent Flip,39626.6430,16.0460,15.7690,0.2770,14.2370,28.3689,28.2629,0.1060,43.3470,20.9034,-13.3887,39626.6430,NA,NA,NA
valheim.exe,8100,0x147123C9510,DXGI,1,0,0,Hardware: Independent Flip,39642.6890,9.2602,9.0576,0.2026,26.6114,16.4035,16.4035,0.0000,48.2044,6.9153,-4.8574,39642.6890,NA,NA,NA
valheim.exe,8100,0x147123C9510,DXGI,1,0,0,Hardware: Independent Flip,39651.9492,14.4870,14.3087,0.1783,33.8928,1.1261,1.0109,0.1152,45.8595,13.8999,2.3449,39651.9492,NA,NA,NA
valheim.exe,8100,0x147123C9510,DXGI,1,0,0,Hardware: Independent Flip,39666.4362,23.5090,23.3127,0.1963,20.5319,18.3797,18.2298,0.1499,45.2724,34.7504,0.5871,39666.4362,NA,NA,NA
valheim.exe,8100,0x147123C9510,DXGI,1,0,0,Hardware: Independent Flip,39689.9452,21.6848,21.4747,0.2101,15.4026,36.7381,35.0383,1.6998,56.5138,13.9150,-11.2414,39689.9452,NA,NA,NA
valheim.exe,8100,0x147123C9510,DXGI,1,0,0,Hardware: Independent Flip,39711.6300,13.2649,13.0845,0.1804,30.4559,13.4769,13.4769,0.0000,48.7440,6.9418,7.7698,39711.6300,NA,NA,NA
valheim.exe,8100,0x147123C9510,DXGI,1,0,0,Hardware: Independent Flip,39724.8949,17.9484,17.7736,0.1748,30.6679,7.6283,7.5069,0.1214,42.4209,27.7905,6.3231,39724.8949,NA,NA,NA
valheim.exe,8100,0x147123C9510,DXGI,1,0,0,Hardware: Independent Flip,39742.8433,24.1608,23.9745,0.1863,22.1100,27.6871,27.5352,0.1519,52.2630,20.8896,-9.8421,39742.8433,NA,NA,NA
valheim.exe,8100,0x147123C9510,DXGI,1,0,0,Hardware: Independent Flip,39767.0041,11.3765,11.1677,0.2088,25.6876,19.5920,19.5920,0.0000,48.9918,13.8693,3.2712,39767.0041,NA,NA,NA
valheim.exe,8100,0x147123C9510,DXGI,1,0,0,Hardware: Independent Flip,39778.3806,8.2960,8.1594,0.1366,33.9031,11.6699,11.6082,0.0617,51.4846,20.8933,-2.4928,39778.3806,NA,NA,NA
valheim.exe,8100,0x147123C9510,DXGI,1,0,0,Hardware: Independent Flip,39786.6766,23.5747,23.4472,0.1275,37.2770,21.8811,21.8811,0.0000,64.0819,6.9491,-12.5973,39786.6766,NA,60.7877,NA
valheim.exe,8100,0x147123C9510,DXGI,1,0,0,Hardware: Independent Flip,39810.2513,18.7939,18.6480,0.1459,35.5834,4.2162,4.1694,0.0468,47.4563,6.9317,16.6256,39810.2513,NA,NA,NA
valheim.exe,8100,0x147123C9510,DXGI,1,0,0,Hardware: Independent Flip,39829.0452,22.7610,22.6014,0.1596,21.3437,13.7380,13.6338,0.1042,35.5941,34.7462,11.8622,39829.0452,NA,NA,NA
valheim.exe,8100,0x147123C9510,DXGI,1,0,0,Hardware: Independent Flip,39851.8062,14.9079,14.6450,0.2629,12.3707,29.5998,29.5417,0.0581,47.5793,13.9213,-11.9852,39851.8062,NA,NA,NA
valheim.exe,8100,0x147123C9510,DXGI,1,0,0,Hardware: Independent Flip,39866.7141,14.2960,14.1264,0.1696,27.0626,14.3861,14.3861,0.0000,46.5927,6.9355,0.9866,39866.7141,NA,NA,NA
valheim.exe,8100,0x147123C9510,DXGI,1,0,0,Hardware: Independent Flip,39881.0101,9.5173,9.3481,0.1692,27.1527,7.7853,7.7510,0.0343,39.2322,27.7931,7.3605,39881.0101,NA,NA,NA
valheim.exe,8100,0x147123C9510,DXGI,1,0,0,Hardware: Independent Flip,39890.5274,24.2804,24.0621,0.2183,25.4207,29.1239,28.9732,0.1507,57.5080,13.9427,-18.2758,39890.5274,NA,NA,NA
valheim.exe,8100,0x147123C9510,DXGI,1,0,0,Hardware: Independent Flip,39914.8078,12.7276,12.5451,0.1825,30.2642,13.6185,13.5733,0.0452,47.1703,6.9305,10.3377,39914.8078,NA,47.0014,NA
valheim.exe,8100,0x147123C9510,DXGI,1,0,0,Hardware: Independent Flip,39927.5354,11.2497,11.1010,0.1487,31.2158,6.1701,6.0572,0.1129,41.3732,27.7971,5.7971,39927.5354,NA,NA,NA
valheim.exe,8100,0x147123C9510,DXGI,1,0,0,Hardware: Independent Flip,39938.7851,26.4633,26.3056,0.1577,26.1362,28.7179,28.6857,0.0322,57.9206,13.9319,-16.5474,39938.7851,NA,34.7295,NA
